CASEID,PSU,CASENO,CASENUMBER,CATEGORY,VEHNO,VIN,VINLENGTH,MAKE,MODEL,MODELYR,BODYTYPE,BODYCAT,VEHCLASS,SPECUSE,TRANSTAT,DAMPLANE,DAMSEV,CURBWT,CURBSRC,CARGOWT,CARGOSRC,INSPTYPE,INSPLAG,TOWED,SPEEDLIMIT,DRPRESENT,PARALCOHOL,ALCTEST,ALCTESTRESULT,ALCTESTSRC,PARDRUG,DRUGTEST,ZIP,RACE,ETHNICITY,RELTOJUNCT,TRAFFLOW,RDLANES,INITLANE,SURFTYPE,SURFCOND,ALIGNMENT,PROFILE,LINERIGHT,LINELEFT,RUMBINIT,RUMBROAD,LIGHTCOND,WEATHER,TRAFDEV,TRAFFUNCT,DISTRACT,PREFHE,PREMOVE,CRITCAT,CRITEVENT,MANEUVER,PRESTAB,PRELOC,CRASHCAT,CRASHCONF,CRASHTYPE,ROLLTYPE,ROLLTURN,ROLLINTRPT,ROLLPREMAN,ROLLINITYP,ROLLINLOC,ROLLOBJ,ROLLTRIP,ROLLDIR,ROLLDIST,DVANGTHIS,DVANGOTH,TOWHITCH,TRAJDOC,TREEPOLE,DVEVENT,DVBASIS,DVTOTAL,DVLONG,DVLAT,DVENERGY,DVSPEED,DVMOMENT,DVBES,DVEST,DVCONF,VAIS,VISS,VINJURED,VTREAT,INITOBJCLASS,HEADANGLECAT,SHLDRWIDTH,STRKLENGTH,STRKWIDTH,STRKHEIGHT,EDGEDISTX,EDGEDISTY,EDGEDISTZ,CASEWGT,PSUSTRAT,VERSION
12555,77,3,1-77-2019-003-06,6,1,5FNYF4H57CB0,17,37,421,2012,15,3,15,0,1,L,1,2058,5,0,1,1,3,2,0,1,0,0,995,0,0,0,22947,9,9,3,3,1,1,1,2,1,2,0,0,0,0,3,2,2,2,1,0,10,2,16,1,1,1,4,K,78,0,0,0,0,0,0,0,0,0,0,150,200,0,0,0,1,1,10,5,9,4523,998,-122,6,0,3,0,0,0,0,0,995,9.8,998,998,998,99.8,99.8,99.8,1031.08614269105,9,4
12555,77,3,1-77-2019-003-06,6,2,5J6YH1H78AL0,17,37,403,2010,14,3,14,0,1,F,1,1562,5,0,1,1,4,2,40,1,0,0,995,0,0,0,22902,9,9,3,1,2,1,2,2,1,2,0,3,0,0,3,2,0,0,1,0,1,4,70,2,1,1,4,K,79,0,0,0,0,0,0,0,0,0,0,200,150,0,0,0,1,1,13,-13,-2,20226,998,24,18,0,4,0,0,0,4,0,995,9.8,998,998,998,99.8,99.8,99.8,1031.08614269105,9,4
12556,24,3,1-24-2019-003-03,3,1,1G1ZE5ST3GF3,17,20,37,2016,4,1,4,0,1,F,2,1400,5,0,1,1,12,2,72,1,0,0,995,0,0,0,08234,1,2,2,4,6,4,2,1,1,1,1,2,0,0,1,1,1,2,1,0,11,2,15,3,1,1,4,J,68,0,0,0,0,0,0,0,0,0,0,5,250,0,0,0,1,1,28,-21,-18,13695,998,-91,13,0,1,1,1,0,6,0,995,9.8,998,998,998,99.8,99.8,99.8,702.21699322091,1,4
12556,24,3,1-24-2019-003-03,3,2,5TDDK3DCXCS0,17,49,442,2012,20,4,20,0,1,F,1,2115,5,0,1,1,12,2,72,1,0,0,995,0,0,0,08234,1,2,2,4,5,2,2,1,1,1,1,1,0,0,1,1,1,2,1,0,1,4,62,4,1,1,4,J,69,0,0,0,0,0,0,0,0,0,0,250,5,0,0,0,1,1,18,-16,9,87930,998,108,26,0,1,0,0,0,4,0,995,9.8,998,998,998,99.8,99.8,99.8,702.21699322091,1,4
12558,73,2,1-73-2019-002-09,9,1,JN8DR09Y23W8,17,35,401,2003,14,3,14,0,1,L,1,1962,5,0,1,1,15,2,40,1,0,0,995,0,0,0,04924,9,9,2,4,2,1,2,1,1,1,0,0,0,0,1,1,2,2,1,0,11,2,17,99,1,2,4,K,82,0,0,0,0,0,0,0,0,0,0,265,55,0,0,0,1,1,20,-19,7,21436,998,-51,15,0,4,1,1,0,4,0,995,9.8,998,998,998,99.8,99.8,99.8,456.871467646979,3,4
12558,73,2,1-73-2019-002-09,9,2,1GNEK13T96R1,17,20,421,2006,15,3,15,0,1,F,1,2258,5,0,2,1,14,2,40,1,0,0,995,0,0,0,04976,1,2,2,4,2,1,2,1,1,2,1,2,0,0,1,1,0,0,1,0,1,4,67,7,1,2,4,K,83,0,0,0,0,0,0,0,0,0,0,55,265,0,0,0,1,1,18,-18,-3,50438,998,-71,21,0,4,0,0,0,0,0,995,9.8,998,998,998,99.8,99.8,99.8,456.871467646979,3,4
12559,54,2,1-54-2019-002-01,1,1,JTHBJ46G1821,17,59,31,2008,4,1,4,0,1,L,3,1624,5,0,1,4,45,2,89,1,0,0,995,0,0,0,35630,1,9,0,4,2,1,2,1,2,1,1,2,0,0,1,1,0,0,3,1,14,2,12,99,1,4,1,B,6,0,0,0,0,0,0,0,0,0,0,998,998,0,1,1,2,11,999,999,999,9999999,999,999,999,8,0,2,4,0,1,0,998,0.4,20,20,120,13.2,3.3,13.9,216.437365369528,9,4
12561,32,5,1-32-2019-005-03,3,1,5YFBURHE1HP5,17,49,32,2017,4,1,3,0,1,F,2,1265,5,0,1,1,12,2,105,1,0,0,995,0,0,0,75054,2,2,1,3,1,1,1,1,1,4,0,0,0,0,1,8,0,0,9,0,1,3,50,2,1,1,2,D,20,0,0,0,0,0,0,0,0,0,0,35,35,0,0,0,1,9,999,999,999,9999999,999,999,999,7,0,0,0,0,4,0,995,9.8,998,998,998,99.8,99.8,99.8,1213.94832208421,7,4
12561,32,5,1-32-2019-005-03,3,2,JH4KA96582C0,17,54,36,2002,4,1,5,0,1,B,2,1768,5,0,1,2,13,5,105,1,0,0,995,0,0,0,76063,9,9,1,3,1,1,1,1,1,4,0,0,0,1,1,8,0,0,9,0,5,3,53,1,1,1,2,D,21,0,0,0,0,0,0,0,0,0,0,35,35,0,0,0,1,9,999,999,999,9999999,999,999,999,7,0,95,95,95,95,0,995,9.8,998,998,998,99.8,99.8,99.8,1213.94832208421,7,4
12561,32,5,1-32-2019-005-03,3,3,KMHFG4JG8FA4,17,55,39,2015,4,1,4,0,1,F,9,1671,5,9999,9,0,998,5,105,1,0,0,995,0,0,0,75104,9,9,1,3,1,1,1,1,1,4,0,0,0,0,1,8,0,0,9,0,1,3,50,1,1,2,6,M,98,0,0,0,0,0,0,0,0,0,0,35,35,0,0,0,2,0,999,999,999,9999999,999,999,999,9,0,95,95,95,95,0,995,9.8,998,998,998,99.8,99.8,99.8,1213.94832208421,7,4
12562,32,6,1-32-2019-006-04,4,1,2FMDK49C27BA,17,12,24,2007,6,1,4,0,1,B,9,1853,5,0,2,0,998,2,97,1,0,0,995,0,0,0,75167,1,2,0,2,7,1,1,1,1,1,0,3,0,0,3,1,0,0,9,0,5,3,53,1,1,1,2,D,21,0,0,0,0,0,0,0,0,0,0,350,350,0,0,0,1,0,999,999,999,9999999,999,999,999,9,0,0,0,0,0,0,995,9.8,998,998,998,99.8,99.8,99.8,3263.16843419561,7,4
12562,32,6,1-32-2019-006-04,4,2,3N6CM0KNXGK6,17,35,446,2016,20,4,20,0,1,F,2,1479,5,0,1,1,15,2,97,1,0,0,995,0,0,0,75007,1,1,1,2,7,1,1,1,1,1,0,3,0,0,3,1,0,0,1,0,1,3,50,3,1,1,2,D,20,0,0,0,0,0,0,0,0,0,0,350,350,0,0,0,1,9,999,999,999,9999999,999,999,999,7,0,1,1,0,0,0,995,9.8,998,998,998,99.8,99.8,99.8,3263.16843419561,7,4
12564,76,2,1-76-2019-002-04,4,1,1FAFP34N25W3,17,12,37,2005,4,1,2,99,1,F,1,1163,5,9999,9,0,998,2,89,1,8,9,998,8,7,9,12414,9,9,0,4,2,1,2,1,1,1,0,0,0,0,1,1,0,0,9,0,1,4,61,99,1,2,4,J,73,0,0,0,0,0,0,0,0,0,0,270,240,0,0,0,1,3,4,-4,-1,535,998,-33,3,0,4,0,0,0,0,0,995,9.8,998,998,998,99.8,99.8,99.8,77.917895304151,3,4
12564,76,2,1-76-2019-002-04,4,2,1GBHK34U66E1,17,20,481,2006,40,6,45,0,1,L,1,2569,5,0,2,1,15,2,89,1,8,9,998,8,7,9,12443,1,2,0,4,2,1,2,1,1,1,0,0,0,0,1,1,0,0,1,0,11,2,15,1,1,1,4,J,72,0,0,0,0,0,0,0,0,0,0,240,270,0,0,0,1,3,2,2,1,1403,998,204,2,0,4,0,0,0,0,0,995,9.8,998,998,998,99.8,99.8,99.8,77.917895304151,3,4
12567,23,5,1-23-2019-005-09,9,1,1FTSW21P25EB,17,12,481,2005,34,5,30,0,1,9,9,2728,5,9999,9,0,998,2,89,1,0,0,995,0,0,0,43019,9,9,0,4,2,1,2,2,1,4,1,2,0,0,1,2,0,0,1,1,1,1,5,99,4,4,1,B,7,1,4,2,2,2,4,44,4,1,16,997,997,0,0,0,2,0,999,999,999,9999999,999,999,999,9,0,1,3,0,4,3,997,0.6,999,999,120,99.9,99.9,99.9,691.005205982629,5,4
12568,23,6,1-23-2019-006-07,7,1,1FADP3N23DL1,17,12,37,2013,5,1,3,0,1,F,1,1327,5,9999,9,1,28,2,40,1,0,0,995,0,0,0,43015,1,2,2,4,2,1,2,2,1,1,0,0,0,0,1,8,2,2,1,0,1,2,17,1,1,1,5,L,88,0,0,0,0,0,0,0,0,0,0,300,230,0,0,0,1,1,14,-14,-2,10628,998,15,14,0,1,0,0,0,0,0,995,9.8,998,998,998,99.8,99.8,99.8,762.612107334784,5,4
12568,23,6,1-23-2019-006-07,7,2,2FAHP71V79X1,17,12,16,2009,4,1,4,0,1,L,1,1900,5,0,1,2,23,5,40,1,0,0,995,0,0,0,43021,9,9,2,4,2,1,2,2,1,1,0,0,0,0,1,8,0,0,1,0,1,4,66,1,1,1,5,L,89,0,0,0,0,0,0,0,0,0,0,230,300,0,0,0,1,1,11,2,10,10415,998,-73,11,0,1,95,95,95,95,0,995,9.8,998,998,998,99.8,99.8,99.8,762.612107334784,5,4
12569,23,7,1-23-2019-007-03,3,1,2C3CDZFJ2HH6,17,7,28,2017,2,1,5,0,1,R,9,1891,5,9999,9,0,998,2,89,1,0,0,995,0,0,0,43015,9,9,0,4,2,1,2,5,1,1,1,4,0,0,4,2,0,0,1,1,1,1,5,99,3,4,1,A,2,0,0,0,0,0,0,0,0,0,0,998,998,0,0,9,1,0,999,999,999,9999999,999,999,999,9,0,0,0,0,4,0,998,0.3,999,999,999,99.9,99.9,99.9,188.152341247508,5,4
12570,52,1,1-52-2019-001-06,6,1,5TFDW5F13EX4,17,49,482,2014,34,5,31,0,1,F,1,2575,5,0,1,1,7,2,56,1,0,0,995,0,0,0,59044,9,9,2,4,3,1,2,1,1,1,1,2,0,0,3,1,0,0,3,0,1,3,52,1,1,1,2,D,28,0,0,0,0,0,0,0,0,0,0,175,175,0,0,0,1,1,10,-10,0,16890,998,-51,12,0,4,99,99,0,99,0,995,9.8,998,998,998,99.8,99.8,99.8,72.9319482362143,12,4
12570,52,1,1-52-2019-001-06,6,2,1D8GU58KX8W2,17,7,403,2008,14,3,14,0,1,B,1,1801,5,0,1,2,13,5,56,1,0,0,995,0,0,0,59019,9,9,2,4,3,2,2,1,1,1,0,0,0,0,3,1,0,0,9,0,2,3,53,99,1,1,2,D,29,0,0,0,0,0,0,0,0,0,0,175,175,0,0,0,1,1,14,14,0,8744,998,-41,11,0,4,95,95,95,95,0,995,9.8,998,998,998,99.8,99.8,99.8,72.9319482362143,12,4
12570,52,1,1-52-2019-001-06,6,3,999999999999,99,53,405,2008,14,3,14,0,1,B,1,1837,5,0,2,2,13,5,56,1,0,0,995,0,0,0,59044,9,9,2,4,3,1,2,1,1,1,0,0,0,0,3,1,0,0,1,0,5,3,53,1,1,1,6,M,98,0,0,0,0,0,0,0,0,0,0,175,175,0,0,0,2,12,999,999,999,9999999,999,999,999,6,0,95,95,95,95,0,995,9.8,998,998,998,99.8,99.8,99.8,72.9319482362143,12,4
12572,28,2,1-28-2019-002-07,7,1,1FMEU7DE7AUA,17,12,401,2010,14,3,14,0,1,F,1,2100,5,0,1,1,14,2,48,1,0,0,995,0,0,0,16912,1,2,2,4,2,1,5,1,2,4,0,0,0,0,1,1,0,0,3,1,14,2,12,4,9,4,1,B,7,0,0,0,0,0,0,0,0,0,0,998,998,0,0,0,1,10,999,999,999,9999999,999,33,13,2,0,1,1,0,4,0,998,9.8,998,998,998,99.8,99.8,99.8,619.489629706347,3,4
12573,31,2,1-31-2019-002-07,7,1,1G1ZC5E04AF1,17,20,37,2010,4,1,4,0,1,F,1,1549,5,0,2,1,6,2,89,1,0,0,995,0,0,0,62887,1,2,0,4,2,1,2,1,1,1,1,2,0,0,2,1,0,0,1,0,1,6,87,1,1,1,1,C,13,0,0,0,0,0,0,0,0,0,0,998,998,0,0,0,1,10,999,999,999,9999999,999,8,12,2,0,0,0,0,0,0,998,9.8,998,998,998,99.8,99.8,99.8,346.655110798758,6,4
12574,25,3,1-25-2019-003-07,7,1,1HGCP2F84AA0,17,37,32,2010,4,1,4,0,1,F,1,1523,5,9999,9,4,19,5,80,1,8,0,995,0,7,0,04038,9,9,2,4,2,1,2,1,1,1,0,0,0,0,4,1,2,2,9,0,11,2,15,99,1,1,4,K,82,0,0,0,0,0,0,0,0,0,0,75,185,0,0,0,1,3,16,-15,-3,12453,998,-36,14,0,4,95,95,95,95,0,995,9.8,998,998,998,99.8,99.8,99.8,1352.38871267609,2,4
12574,25,3,1-25-2019-003-07,7,2,JTKJF5C70C30,17,67,32,2012,3,1,3,0,1,R,1,1377,5,0,1,1,20,2,80,1,8,0,995,0,7,0,04093,9,9,2,4,2,1,2,1,1,1,1,2,0,0,4,1,0,0,1,0,1,4,67,2,1,1,4,K,83,0,0,0,0,0,0,0,0,0,0,185,75,0,0,0,1,3,18,-3,-18,28890,998,85,19,0,4,0,0,0,0,0,995,9.8,998,998,998,99.8,99.8,99.8,1352.38871267609,2,4
12575,12,4,1-12-2019-004-03,3,1,3GCUKREC7HG3,17,20,481,2017,34,5,31,5,1,F,1,2431,5,0,1,1,7,2,105,1,0,0,995,0,0,0,73401,1,2,0,1,2,2,2,1,1,1,3,2,0,0,2,1,0,0,1,0,1,6,90,1,1,4,1,C,12,0,0,0,0,0,0,0,0,0,0,998,998,0,0,7,2,5,999,999,999,9999999,999,999,12,2,0,1,2,0,4,0,998,1.3,10,10,999,21.8,2.1,22.0,256.656556534422,9,4
12576,12,5,1-12-2019-005-10,10,1,1GT120E80FF5,17,23,481,2015,34,5,31,0,1,R,1,2991,5,0,1,5,24,5,72,1,0,0,995,0,0,0,73430,9,9,2,4,2,1,2,1,1,1,0,0,0,0,2,1,0,0,9,0,10,3,53,1,1,1,6,M,98,0,0,0,0,0,0,0,0,0,0,25,0,0,0,0,1,12,999,999,999,9999999,999,999,17,2,0,95,95,95,95,0,995,0.0,10,10,100,1.6,1.8,1.3,6816.39467822493,9,4
12576,12,5,1-12-2019-005-10,10,2,1D7HU18P87S1,17,7,482,2007,34,5,31,0,1,F,1,2336,5,0,1,1,19,2,72,1,0,0,995,0,0,0,73443,1,2,0,4,2,1,2,1,1,1,0,0,0,0,2,1,0,0,9,1,1,3,51,4,1,6,6,M,98,0,0,0,0,0,0,0,0,0,0,0,25,0,0,0,1,12,999,999,999,9999999,999,999,999,6,0,0,0,0,0,0,995,9.8,998,998,998,99.8,99.8,99.8,6816.39467822493,9,4
12577,16,2,1-16-2019-002-06,6,1,1FUJHHDR7KLK,17,82,881,2019,66,8,68,0,1,R,9,,,,,,,5,105,1,0,0,995,0,0,0,40351,9,9,0,2,3,2,2,1,1,1,3,3,0,3,1,8,0,0,1,0,1,4,61,1,1,1,2,F,45,,,,,,,,,,,,,,,,,,,,,,,,,,,95,95,95,95,,,9.8,998,998,998,99.8,99.8,99.8,553.072546488673,5,4
12577,16,2,1-16-2019-002-06,6,2,3GYFNDE39CS5,17,19,20,2012,6,1,4,0,1,F,2,1981,5,9999,9,4,15,2,105,1,0,0,995,0,0,0,45241,1,2,0,2,3,1,2,1,1,1,1,3,2,3,1,8,0,0,1,1,15,2,10,1,1,2,2,F,47,0,0,0,0,0,0,0,0,0,0,355,10,0,0,0,1,5,999,999,999,9999999,999,999,999,7,0,1,1,0,4,0,995,9.8,998,998,998,99.8,99.8,99.8,553.072546488673,5,4
12579,10,2,1-10-2019-002-09,9,1,1GNDU23E33D3,17,20,443,2003,20,4,20,0,1,F,1,1684,5,0,1,2,6,5,56,1,0,0,995,0,0,0,45401,9,9,0,4,2,1,2,2,2,3,0,2,0,0,1,2,0,0,1,1,14,1,6,1,2,2,3,I,64,0,0,0,0,0,0,0,0,0,0,170,40,0,0,0,1,3,17,-16,-6,15669,998,-31,15,0,4,95,95,95,95,0,995,9.8,998,998,998,99.8,99.8,99.8,557.178090235009,4,4
12579,10,2,1-10-2019-002-09,9,2,KMHDN45D52U2,17,55,35,2002,4,1,2,0,1,L,1,1217,5,0,1,1,5,2,56,1,0,0,995,0,0,0,45439,2,2,0,4,2,1,2,2,3,3,0,2,0,0,1,2,0,0,1,0,14,4,62,1,1,1,3,I,65,0,0,0,0,0,0,0,0,0,0,40,170,0,0,0,1,3,22,-19,11,37776,998,-91,23,0,4,1,3,0,4,0,995,9.8,998,998,998,99.8,99.8,99.8,557.178090235009,4,4
12580,66,3,1-66-2019-003-06,6,1,2G4GS5EVXC92,17,18,19,2012,4,1,3,0,1,F,1,1673,5,0,1,1,7,2,89,1,0,0,995,0,0,0,65707,1,2,2,4,2,1,2,2,1,2,1,2,0,0,2,5,2,2,1,0,1,2,14,2,1,4,1,C,14,0,0,0,0,0,0,0,0,0,0,998,998,0,1,0,2,11,999,999,999,9999999,999,999,999,6,0,2,5,0,4,0,998,3.0,12,120,16,3.0,0.0,3.0,253.126528795164,6,4
12581,27,2,1-27-2019-002-03,3,1,WA1L2AFP6HA0,17,32,402,2017,14,3,14,0,1,F,1,1850,5,0,1,1,10,2,64,1,8,9,998,8,7,9,01254,1,2,2,1,3,1,2,1,2,1,1,1,2,2,1,1,1,2,3,0,14,2,17,3,1,1,5,L,88,0,0,0,0,0,0,0,0,0,0,170,110,0,0,0,1,3,13,-10,-8,16521,998,-143,10,0,4,1,1,0,4,0,995,9.8,998,998,998,99.8,99.8,99.8,211.9833680347,3,4
12581,27,2,1-27-2019-002-03,3,2,KM8SC73D83U5,17,55,401,2003,14,3,14,0,1,L,1,1687,5,0,1,1,10,2,56,1,8,9,998,8,7,9,01238,1,2,2,4,2,1,2,1,1,1,0,2,0,0,1,1,1,2,1,0,1,4,66,1,1,1,5,L,89,0,0,0,0,0,0,0,0,0,0,110,170,0,0,0,1,3,14,-2,14,34047,998,125,16,0,4,0,0,0,0,0,995,9.8,998,998,998,99.8,99.8,99.8,211.9833680347,3,4
12582,48,1,1-48-2019-001-02,2,1,1GTR1TEH7FZ3,17,23,481,2015,34,5,31,0,1,F,2,2341,5,227,2,1,6,2,121,1,0,0,995,0,0,0,86506,5,2,0,1,2,1,2,1,1,4,1,3,2,3,2,1,0,0,3,1,1,2,13,2,1,4,1,A,1,0,0,0,0,0,0,0,0,0,0,998,998,0,1,0,2,1,34,-30,-17,154435,998,-86,34,0,1,3,22,1,3,0,998,9.4,4,4,40,56.0,10.0,56.0,105.380916745117,12,4
12583,14,2,1-14-2019-002-04,4,1,KNDJN2A23F72,17,63,37,2015,6,1,2,0,1,R,1,1231,5,0,1,1,12,2,48,1,1,8,997,8,1,3,78130,1,2,0,4,2,1,2,1,1,1,0,0,0,0,3,1,0,0,9,1,1,2,11,1,1,4,1,C,11,0,0,0,0,0,0,0,0,0,0,320,315,0,0,0,1,3,6,-6,0,3707,998,88,7,0,4,0,0,0,0,0,995,9.8,998,998,998,99.8,99.8,99.8,4362.98071568567,8,4
12583,14,2,1-14-2019-002-04,4,2,3MZBN1V30JM2,17,41,51,2018,4,1,3,0,2,L,1,1383,5,9999,9,0,998,,,,,,,,,,,,,,,,,,,,,,,,,,,,,,,,,,,,,,,,,,,,,,,,,,,,,,,,,,,,,,,,,,95,95,95,95,,,,,,,,,,4362.98071568567,8,4
12586,13,3,1-13-2019-003-03,3,1,5GRGN23U17H1,17,3,431,2007,16,3,16,0,1,R,1,2909,5,0,1,1,27,2,72,1,0,0,995,0,0,0,77429,1,2,1,3,4,3,1,1,1,1,1,3,0,0,3,1,0,0,1,1,15,2,11,2,1,2,2,F,46,0,0,0,0,0,0,0,0,0,0,160,150,0,0,0,1,8,999,999,999,9999999,999,999,999,6,0,0,0,0,0,0,995,9.8,998,998,998,99.8,99.8,99.8,1248.00210885793,7,4
12586,13,3,1-13-2019-003-03,3,2,1FM5K7D89JGB,17,12,401,2018,14,3,14,0,1,F,9,2022,8,9999,9,0,998,2,72,1,0,0,995,0,0,0,75019,1,9,1,3,4,2,1,1,2,1,3,1,0,0,3,1,0,0,9,0,14,4,60,99,1,1,2,F,45,0,0,0,0,0,0,0,0,0,0,998,998,0,0,0,2,0,999,999,999,9999999,999,999,999,9,0,99,99,0,0,0,998,0.0,999,999,999,0.0,0.0,0.0,1248.00210885793,7,4
12587,59,6,1-59-2019-006-02,2,1,3FAHP0JG7CR2,17,12,23,2012,4,1,3,0,1,F,1,1563,5,0,2,4,35,2,48,1,0,0,995,0,0,0,47802,1,2,3,1,4,4,2,1,1,1,1,2,0,0,1,8,0,0,1,0,11,2,15,1,1,3,4,J,68,0,0,0,0,0,0,0,0,0,0,310,210,0,0,0,1,12,999,999,999,9999999,999,999,999,6,0,0,0,0,0,0,995,9.8,998,998,998,99.8,99.8,99.8,73.6841192868472,6,4
12587,59,6,1-59-2019-006-02,2,2,5NPD84LF8HH1,17,55,35,2017,4,1,3,0,1,L,1,1275,5,9999,9,4,35,2,48,1,0,0,995,0,0,0,47885,9,9,3,1,4,1,2,1,1,1,0,3,0,0,1,8,0,0,9,0,1,4,62,99,1,1,4,J,69,0,0,0,0,0,0,0,0,0,0,210,310,0,0,0,1,12,999,999,999,9999999,999,999,999,6,0,1,1,0,4,0,995,9.8,998,998,998,99.8,99.8,99.8,73.6841192868472,6,4
12587,59,6,1-59-2019-006-02,2,3,5NPEC4AC0EH8,17,55,33,2014,4,1,4,0,1,L,1,1475,5,0,2,4,8,2,48,1,0,0,995,0,0,0,47803,1,2,3,4,2,1,2,1,1,1,0,0,0,0,1,8,0,0,1,0,10,4,66,1,1,1,6,M,98,0,0,0,0,0,0,0,0,0,0,135,225,0,0,0,2,12,999,999,999,9999999,999,999,999,6,0,0,0,0,0,0,995,9.8,998,998,998,99.8,99.8,99.8,73.6841192868472,6,4
12589,33,4,1-33-2019-004-09,9,1,WBAET37473NJ,17,34,34,2003,4,1,3,0,1,F,1,1470,5,0,1,1,11,2,89,1,9,0,995,0,9,0,99999,9,9,0,4,2,1,2,1,1,1,1,2,0,0,2,1,0,0,9,1,1,2,13,99,9,4,1,A,1,0,0,0,0,0,0,0,0,0,0,998,998,0,1,0,1,10,999,999,999,9999999,999,0,13,2,0,99,99,0,99,0,998,0.0,100,40,80,39.1,36.6,53.5,329.100133881621,12,4
12591,29,5,1-29-2019-005-06,6,1,5XXGN4A75EG3,17,63,34,2014,4,1,4,0,1,F,2,1484,5,0,1,1,26,2,56,1,0,0,995,0,0,0,02347,2,2,2,4,4,1,2,1,1,1,1,3,0,0,1,1,0,0,1,0,1,4,62,2,1,1,4,J,69,0,0,0,0,0,0,0,0,0,0,210,310,0,0,0,1,1,27,-21,17,18553,998,102,14,0,1,1,3,0,4,0,995,9.8,998,998,998,99.8,99.8,99.8,149.696110947791,2,4
12591,29,5,1-29-2019-005-06,6,2,4T1BG22K2XU8,17,49,40,1999,4,1,3,0,1,F,2,1415,5,0,1,1,11,2,56,1,0,0,995,0,0,0,02871,9,9,2,4,4,2,2,1,1,1,3,2,0,0,1,1,0,0,9,0,11,2,15,99,1,1,4,J,68,0,0,0,0,0,0,0,0,0,0,310,210,0,0,0,1,1,27,-21,-17,123083,998,-116,35,0,1,2,6,0,3,0,995,9.8,998,998,998,99.8,99.8,99.8,149.696110947791,2,4
12593,29,7,1-29-2019-007-06,6,1,1HGCP2F86BA0,17,37,32,2011,4,1,4,0,1,L,1,1523,5,0,2,1,8,2,40,1,9,0,995,0,9,0,02904,1,2,0,4,2,1,2,1,2,2,0,2,0,0,3,1,0,0,1,1,14,2,12,99,1,4,1,B,6,0,0,0,0,0,0,0,0,0,0,998,998,0,1,1,1,1,24,-24,0,51097,998,-85,24,0,1,1,1,0,6,0,998,0.0,52,52,120,8.0,2.5,8.4,149.696110956948,2,4
12595,15,4,1-15-2019-004-08,8,1,1FAFP44654F1,17,12,3,2004,1,1,2,0,1,F,9,1456,5,9999,9,0,998,2,56,1,0,0,995,0,0,0,11710,9,9,2,4,4,1,2,2,1,1,1,1,0,0,5,8,1,2,9,1,1,1,6,2,2,4,1,A,2,0,0,0,0,0,0,0,0,0,0,998,998,0,0,1,1,0,999,999,999,9999999,999,999,999,9,0,3,10,1,3,0,998,2.3,30,30,50,2.2,0.3,2.2,168.539317506465,1,4
12596,18,2,1-18-2019-002-06,6,1,5TDKK3DC8BS0,17,49,442,2011,20,4,20,0,1,F,1,1990,5,0,1,1,10,2,113,1,0,0,995,0,0,0,55350,1,2,0,1,2,1,1,5,1,1,1,3,2,3,1,3,0,0,1,1,1,1,6,3,3,4,1,A,2,0,0,0,0,0,0,0,0,0,0,998,998,0,0,0,1,1,23,-20,12,71091,998,108,23,0,1,1,3,0,4,0,998,3.2,999,999,999,13.7,3.6,14.0,150.870265388479,6,4
12597,18,3,1-18-2019-003-10,10,1,JTDBT9238710,17,49,51,2007,4,1,2,0,1,B,1,1050,5,0,1,1,39,2,113,1,0,0,995,0,0,0,54701,3,2,1,3,1,1,2,5,1,1,1,2,0,0,1,10,0,0,1,1,1,1,5,4,4,4,1,B,7,0,0,0,0,0,0,0,0,0,0,998,998,0,0,2,1,12,999,999,999,9999999,999,999,999,6,0,0,0,0,0,0,998,0.9,10,10,999,13.0,3.6,13.5,2239.33774142675,6,4
12598,59,7,1-59-2019-007-07,7,1,1FM5K7D87EGC,17,12,401,2014,14,3,14,0,1,F,1,2067,5,0,1,1,6,2,48,1,0,0,995,0,0,0,61944,1,2,0,4,2,1,2,1,1,1,2,1,0,0,2,8,0,0,9,0,1,6,87,2,1,1,1,C,13,0,0,0,0,0,0,0,0,0,0,998,998,0,0,0,1,10,999,999,999,9999999,999,19,12,2,0,1,1,0,0,0,998,9.8,998,998,998,99.8,99.8,99.8,689.960580344976,6,4
12600,30,6,1-30-2019-006-05,5,1,4T4BF3EK5AR0,17,49,40,2010,4,1,4,0,1,F,2,1500,5,0,1,1,17,2,64,1,0,0,995,0,0,0,85383,1,1,2,4,7,1,2,1,1,1,0,3,0,0,1,8,1,2,1,0,1,2,17,2,1,1,5,L,88,0,0,0,0,0,0,0,0,0,0,350,270,0,0,0,1,3,29,-22,-18,46261,998,-100,22,0,4,1,2,0,4,0,995,0.0,15,15,120,0.8,0.6,1.0,83.6566064058467,10,4
12600,30,6,1-30-2019-006-05,5,2,2FMGK5BC3CBD,17,12,25,2012,6,1,5,0,1,R,1,2027,5,9999,9,0,998,5,64,1,0,0,995,0,0,0,85392,9,9,2,3,4,4,2,1,1,1,1,2,0,0,1,8,1,2,1,0,1,4,66,99,1,1,6,M,98,0,0,0,0,0,0,0,0,0,0,300,310,0,0,0,3,3,4,1,-4,2270,998,-29,5,0,4,95,95,95,95,0,995,9.8,998,998,998,99.8,99.8,99.8,83.6566064058467,10,4