CASEID,PSU,CASENO,CASENUMBER,CATEGORY,VEHNO,VIN,VINLENGTH,MAKE,MODEL,MODELYR,BODYTYPE,BODYCAT,VEHCLASS,SPECUSE,TRANSTAT,DAMPLANE,DAMSEV,CURBWT,CURBSRC,CARGOWT,CARGOSRC,INSPTYPE,INSPLAG,TOWED,SPEEDLIMIT,DRPRESENT,PARALCOHOL,ALCTEST,ALCTESTRESULT,ALCTESTSRC,PARDRUG,DRUGTEST,ZIP,RACE,ETHNICITY,RELTOJUNCT,TRAFFLOW,RDLANES,INITLANE,SURFTYPE,SURFCOND,ALIGNMENT,PROFILE,LINERIGHT,LINELEFT,RUMBINIT,RUMBROAD,LIGHTCOND,WEATHER,TRAFDEV,TRAFFUNCT,DISTRACT,PREFHE,PREMOVE,CRITCAT,CRITEVENT,MANEUVER,PRESTAB,PRELOC,CRASHCAT,CRASHCONF,CRASHTYPE,ROLLTYPE,ROLLTURN,ROLLINTRPT,ROLLPREMAN,ROLLINITYP,ROLLINLOC,ROLLOBJ,ROLLTRIP,ROLLDIR,ROLLDIST,DVANGTHIS,DVANGOTH,TOWHITCH,TRAJDOC,TREEPOLE,DVEVENT,DVBASIS,DVTOTAL,DVLONG,DVLAT,DVENERGY,DVSPEED,DVMOMENT,DVBES,DVEST,DVCONF,VAIS,VISS,VINJURED,VTREAT,INITOBJCLASS,HEADANGLECAT,SHLDRWIDTH,STRKLENGTH,STRKWIDTH,STRKHEIGHT,EDGEDISTX,EDGEDISTY,EDGEDISTZ,CASEWGT,PSUSTRAT,VERSION
12734,13,8,1-13-2019-008-07,7,1,3N1CN7AP6DL8,17,35,50,2013,4,1,2,0,1,F,2,1079,5,9999,9,4,65,2,72,1,0,0,995,0,0,0,76054,1,9,0,4,4,2,1,1,1,1,5,5,0,0,3,1,0,0,3,0,1,3,50,99,1,1,2,D,20,0,0,0,0,0,0,0,0,0,0,60,60,0,0,0,1,12,999,999,999,9999999,999,999,999,7,0,0,0,0,0,0,995,9.8,998,998,998,99.8,99.8,99.8,1881.56980719056,7,4
12734,13,8,1-13-2019-008-07,7,2,JM3ER2B50B03,17,41,53,2011,5,1,3,0,1,B,9,1588,5,9999,9,0,998,5,72,1,0,0,995,0,0,0,76054,9,9,0,4,4,2,1,1,1,1,5,5,0,0,3,1,0,0,9,0,5,3,53,99,1,1,2,D,21,0,0,0,0,0,0,0,0,0,0,60,60,0,0,0,1,0,999,999,999,9999999,999,999,999,9,0,95,95,95,95,0,995,9.8,998,998,998,99.8,99.8,99.8,1881.56980719056,7,4
12735,19,7,1-19-2019-007-06,6,1,3D4PG5FV9AT1,17,7,27,2010,6,1,4,0,1,F,2,1772,5,0,1,1,3,2,40,1,0,0,995,0,0,0,35903,2,2,0,4,2,1,2,1,1,1,0,2,0,0,4,1,0,0,3,1,1,2,13,8,1,4,1,A,1,0,0,0,0,0,0,0,0,0,0,998,998,0,1,0,2,11,999,999,999,9999999,999,999,999,7,0,1,1,0,4,0,998,0.0,999,999,999,4.0,0.3,4.0,923.531054651383,9,4
12736,29,11,1-29-2019-011-04,4,1,ML32F3FJXHH0,17,52,48,2017,4,1,2,0,1,F,1,975,5,0,1,1,4,2,48,1,0,9,998,8,0,9,02726,1,2,2,3,1,1,2,1,1,1,0,0,0,0,1,8,2,2,1,0,1,2,17,2,1,1,5,L,86,0,0,0,0,0,0,0,0,0,0,105,190,0,0,0,1,3,15,-10,12,9021,998,118,11,0,4,0,0,0,0,0,995,9.8,998,998,998,99.8,99.8,99.8,490.606413380609,2,4
12736,29,11,1-29-2019-011-04,4,2,SHSRD788X3U1,17,37,402,2003,14,3,14,0,1,R,1,1480,5,9999,9,0,998,5,48,1,0,9,998,8,0,9,02745,9,9,2,4,3,1,2,1,1,1,1,2,0,0,1,8,0,0,9,0,1,4,66,99,1,1,5,L,87,0,0,0,0,0,0,0,0,0,0,190,105,0,0,0,1,3,10,-7,-8,16698,998,68,15,0,4,95,95,95,95,0,995,9.8,998,998,998,99.8,99.8,99.8,490.606413380609,2,4
12737,26,9,1-26-2019-009-04,4,1,JTKDE1675802,17,49,50,2008,3,1,3,0,1,F,1,1377,5,9999,9,0,998,2,105,1,0,0,995,0,0,0,93230,9,1,0,2,2,2,2,1,1,1,3,2,1,3,1,8,0,0,1,0,1,3,52,3,1,1,2,D,28,0,0,0,0,0,0,0,0,0,0,325,310,0,0,0,1,3,13,-12,-4,9033,998,-72,11,0,4,0,0,0,0,0,995,9.8,998,998,998,99.8,99.8,99.8,3216.71431917794,10,4
12737,26,9,1-26-2019-009-04,4,2,5NPE34AF3GH3,17,55,33,2016,4,1,4,0,1,B,1,1475,5,0,1,1,18,2,105,1,0,0,995,0,0,0,95348,1,1,0,2,2,2,2,1,1,1,3,2,1,3,1,8,0,0,1,0,2,3,53,3,1,2,2,D,29,0,0,0,0,0,0,0,0,0,0,310,325,0,0,0,1,3,12,11,4,12574,998,-58,14,0,4,1,1,0,6,0,995,9.8,998,998,998,99.8,99.8,99.8,3216.71431917794,10,4
12738,20,6,1-20-2019-006-02,2,1,1GTG5CEN7J12,17,23,472,2018,34,5,30,0,1,L,1,1833,5,0,1,1,30,2,72,1,0,1,0,2,0,3,93906,9,1,3,4,2,1,2,2,1,4,0,0,0,0,1,2,0,0,2,0,11,2,15,1,1,1,4,K,82,0,0,0,0,0,0,0,0,0,0,250,0,0,0,0,1,1,24,-12,21,11514,998,110,10,0,1,4,17,1,3,0,995,9.8,998,998,998,99.8,99.8,99.8,44.6123262498575,11,4
12738,20,6,1-20-2019-006-02,2,2,1HGCG564XYA1,17,37,32,2000,4,1,3,0,1,F,2,1310,5,0,1,1,37,2,72,1,0,0,995,0,0,0,93906,9,1,3,5,5,1,2,2,1,1,0,3,0,0,1,2,0,0,1,0,1,4,72,1,1,1,4,K,83,0,0,0,0,0,0,0,0,0,0,0,250,0,0,0,1,1,33,-32,-6,109311,998,-17,45,0,1,2,5,0,6,0,995,9.8,998,998,998,99.8,99.8,99.8,44.6123262498575,11,4
12740,17,8,1-17-2019-008-08,8,1,1GNET16S9361,17,20,403,2003,14,3,14,0,1,F,1,2194,5,0,1,1,12,2,89,1,9,0,995,0,9,0,61254,1,2,2,4,2,1,2,5,1,4,0,0,0,0,1,1,2,2,1,0,1,1,5,4,2,1,5,L,88,0,0,0,0,0,0,0,0,0,0,290,200,0,0,0,1,1,12,-6,-10,27014,998,-231,10,0,1,0,0,0,0,0,995,9.8,998,998,998,99.8,99.8,99.8,224.735832285865,4,4
12740,17,8,1-17-2019-008-08,8,2,1FTDF15NXKLA,17,12,481,1989,34,5,31,0,1,L,1,1688,5,190,1,1,6,2,89,1,9,1,0,2,9,2,61254,1,2,2,4,2,1,2,5,1,1,1,2,0,0,1,1,2,2,9,0,1,4,66,99,1,1,5,L,89,0,0,0,0,0,0,0,0,0,0,200,290,0,0,0,1,1,13,-12,7,27654,998,-76,17,0,1,2,5,0,3,0,995,9.9,10,10,64,0.0,0.0,0.0,224.735832285865,4,4
12741,17,9,1-17-2019-009-03,3,1,W04WT3N5XGG0,17,18,26,2016,1,1,3,0,1,F,1,1700,5,0,1,3,21,2,40,1,9,0,995,0,7,0,61273,1,2,0,4,2,1,2,2,1,1,0,4,0,0,1,1,0,0,1,1,9,2,13,1,1,4,1,A,2,0,0,0,0,0,0,0,0,0,0,998,998,0,1,0,1,10,999,999,999,9999999,999,-38,11,2,0,1,1,0,4,0,998,0.0,120,120,8,2.0,2.0,2.4,288.960867443645,4,4
12742,17,10,1-17-2019-010-08,8,1,1G2WP52K6YF1,17,22,20,2000,4,1,4,0,1,F,1,1582,5,0,1,1,21,2,89,1,9,0,995,0,9,0,61443,1,2,0,4,2,1,2,3,2,1,1,2,0,0,1,4,0,0,1,1,14,1,6,1,2,2,3,I,64,0,0,0,0,0,0,0,0,0,0,120,40,0,0,0,1,1,14,-12,-7,14268,998,-69,14,0,1,0,0,0,0,0,995,9.8,998,998,998,99.8,99.8,99.8,224.735832285865,4,4
12742,17,10,1-17-2019-010-08,8,2,1FMZU77E02UB,17,12,473,2002,34,5,30,0,1,T,1,1964,5,91,2,1,16,2,89,1,9,0,995,0,9,0,60586,1,2,0,4,2,1,2,3,3,3,1,2,0,0,1,4,0,0,1,0,14,4,62,1,1,1,3,I,65,1,4,2,5,1,1,61,1,1,21,997,997,0,0,0,2,6,999,999,999,9999999,999,999,999,6,0,1,1,0,4,3,997,9.8,998,998,998,99.8,99.8,99.8,224.735832285865,4,4
12743,33,8,1-33-2019-008-02,2,1,4T1BE46KX9U8,17,49,40,2009,4,1,4,0,1,L,1,1500,5,0,1,2,24,5,89,1,0,9,998,8,0,9,95927,9,9,2,4,2,1,2,1,3,1,0,0,0,0,2,8,2,2,9,0,11,2,15,1,1,1,4,K,82,0,0,0,0,0,0,0,0,0,0,65,160,0,0,0,1,3,16,-3,15,25725,998,122,16,0,4,95,95,95,95,0,995,9.8,998,998,998,99.8,99.8,99.8,25.4932820669878,12,4
12743,33,8,1-33-2019-008-02,2,2,3FA6P0RU2KR1,17,12,23,2019,4,1,4,0,1,F,1,1660,5,9999,9,4,32,2,89,1,0,0,995,0,0,0,95926,1,9,2,4,3,1,2,1,3,1,3,1,0,0,2,8,0,0,9,0,14,4,67,99,1,1,4,K,83,0,0,0,0,0,0,0,0,0,0,160,65,0,1,0,1,3,13,-13,-2,11043,998,-37,12,0,4,1,3,0,4,0,995,1.8,30,30,999,5.6,4.4,7.0,25.4932820669878,12,4
12744,33,9,1-33-2019-009-05,5,1,19XFB2F57EE2,17,37,31,2014,4,1,3,0,1,R,1,1284,5,0,1,1,9,2,56,1,0,0,995,0,0,0,95926,1,2,2,3,2,2,2,1,1,1,3,0,0,0,1,1,1,2,9,0,1,2,17,3,1,1,5,L,87,0,0,0,0,0,0,0,0,0,0,235,150,0,1,0,1,1,17,-11,-13,7010,998,-37,11,0,4,1,2,0,4,0,995,0.0,30,30,999,3.6,1.0,3.7,55.3101317988717,12,4
12744,33,9,1-33-2019-009-05,5,2,5XYZG3AB4BG0,17,55,401,2011,14,3,14,0,1,F,1,1672,5,0,1,1,7,2,48,1,0,0,995,0,0,0,95928,2,2,2,3,2,1,2,1,1,1,0,3,0,0,1,1,1,2,1,0,1,4,66,1,1,1,5,L,86,0,0,0,0,0,0,0,0,0,0,150,235,0,0,0,1,1,13,-8,10,32676,998,129,16,0,4,0,0,0,0,0,995,9.8,998,998,998,99.8,99.8,99.8,55.3101317988717,12,4
12746,18,4,1-18-2019-004-06,6,1,YV1TS94D1Y11,17,51,45,2000,4,1,4,0,1,F,1,1680,5,0,1,1,25,2,72,1,0,0,995,0,0,0,54703,1,9,2,1,4,2,1,2,1,1,1,3,0,0,3,2,1,2,9,0,1,4,62,99,1,1,4,J,69,0,0,0,0,0,0,0,0,0,0,335,95,0,0,0,1,1,14,-9,11,43242,998,155,17,0,1,9,97,0,0,0,995,9.8,998,998,998,99.8,99.8,99.8,424.34318698885,6,4
12746,18,4,1-18-2019-004-06,6,2,1C4PJMAB3EW1,17,2,404,2014,14,3,14,0,1,R,1,1862,5,0,1,1,26,2,72,1,0,0,995,0,0,0,54703,1,2,2,1,5,5,1,2,1,1,0,0,0,0,3,2,1,2,1,0,11,2,15,1,1,1,4,J,68,0,0,0,0,0,0,0,0,0,0,95,335,0,0,0,1,1,12,-12,-2,5496,998,118,6,0,1,1,2,0,4,0,995,9.8,998,998,998,99.8,99.8,99.8,424.34318698885,6,4
12747,18,5,1-18-2019-005-09,9,1,1FMCU49H18KC,17,12,402,2008,14,3,14,0,1,F,3,1650,5,0,1,1,16,2,56,1,0,0,995,0,0,0,54703,1,2,0,4,2,1,2,5,2,1,1,0,0,0,2,1,0,0,1,1,14,1,6,3,2,4,1,B,7,0,0,0,0,0,0,0,0,0,0,998,998,0,0,1,1,1,46,-46,-8,164487,998,-48,46,0,1,3,14,1,3,0,998,1.3,999,999,999,22.0,0.1,22.1,1089.13348895578,6,4
12748,30,11,1-30-2019-011-02,2,1,1N4AL3AP4GC2,17,35,47,2016,4,1,4,0,1,T,2,1453,5,0,1,5,54,2,121,1,1,1,308,2,0,1,85023,9,9,0,2,2,2,2,2,3,1,3,2,1,3,2,1,0,0,9,1,14,1,6,99,9,4,1,B,7,1,3,9,2,1,4,61,1,2,999,997,997,0,0,0,2,6,999,999,999,9999999,999,999,999,7,0,2,5,0,3,3,997,0.2,999,999,999,11.6,2.1,11.8,39.5476133241395,10,4
12749,30,12,1-30-2019-012-07,7,1,1VWAT7A38EC0,17,30,46,2014,4,1,4,0,1,F,2,1458,5,0,1,1,20,2,48,1,1,1,230,1,0,0,85331,9,9,2,4,5,1,2,1,2,1,1,3,0,0,1,1,6,2,9,0,14,3,50,99,1,1,2,D,20,0,0,0,0,0,0,0,0,0,0,295,295,0,0,0,1,3,26,-26,0,36288,998,0,25,0,4,0,0,0,5,0,995,9.8,998,998,998,99.8,99.8,99.8,4190.03901257409,10,4
12749,30,12,1-30-2019-012-07,7,2,2T2BC1BA0FC0,17,59,403,2015,14,3,14,0,1,B,1,2110,5,9999,9,0,998,5,48,1,0,0,995,0,0,0,98225,9,9,2,1,5,1,2,1,2,1,1,3,0,0,1,1,6,2,1,0,5,3,53,1,1,1,2,D,21,0,0,0,0,0,0,0,0,0,0,295,295,0,0,0,1,3,18,18,0,27427,998,0,18,0,4,95,95,95,95,0,995,9.8,998,998,998,99.8,99.8,99.8,4190.03901257409,10,4
12751,15,9,1-15-2019-009-03,3,1,1N6AD0EV5EN7,17,35,472,2014,34,5,30,0,1,F,1,2001,5,0,2,4,5,2,48,1,8,9,998,8,7,9,11542,7,2,2,4,3,1,2,1,1,2,1,1,0,0,1,1,2,2,9,0,1,2,17,1,1,1,5,L,86,0,0,0,0,0,0,0,0,0,0,0,90,0,0,0,1,3,7,-7,1,3258,998,39,6,0,4,0,0,0,0,0,995,9.8,998,998,998,99.8,99.8,99.8,70.0372452344817,1,4
12751,15,9,1-15-2019-009-03,3,2,5NPE34AF2JH6,17,55,33,2018,4,1,4,0,1,R,1,1572,5,0,1,1,35,2,48,1,8,9,998,8,7,9,11501,1,2,2,4,2,1,2,1,1,1,0,2,0,0,1,1,2,2,9,0,1,4,66,99,1,1,5,L,87,0,0,0,0,0,0,0,0,0,0,90,0,0,0,0,1,3,9,-1,-8,8215,998,-117,9,0,4,2,4,0,4,0,995,9.8,998,998,998,99.8,99.8,99.8,70.0372452344817,1,4
12752,21,9,1-21-2019-009-02,2,1,1FUJGLDR6CSB,17,82,881,2012,66,8,67,0,1,9,9,,,,,,,2,72,1,0,0,995,0,0,0,95742,9,9,0,4,2,1,2,1,2,9,1,2,0,0,1,1,0,0,9,1,14,2,10,99,1,2,3,I,64,,,,,,,,,,,,,,,,,,,,,,,,,,,95,95,95,95,,,9.9,120,999,999,0.0,0.0,0.0,32.7360487870005,11,4
12752,21,9,1-21-2019-009-02,2,2,1FT7W2BT0HEC,17,12,481,2017,34,5,31,0,1,L,9,9999,9,9999,9,0,998,5,72,1,0,0,995,0,0,0,95970,9,9,0,4,2,1,2,1,3,9,1,2,0,0,1,1,0,0,1,0,14,4,62,8,1,1,3,I,65,0,0,0,0,0,0,0,0,0,0,295,115,1,0,0,1,0,999,999,999,9999999,999,999,999,9,0,95,95,95,95,0,995,9.8,998,998,998,99.8,99.8,99.8,32.7360487870005,11,4
12752,21,9,1-21-2019-009-02,2,3,2G61M5S35K91,17,19,23,2019,4,1,4,0,1,F,3,1817,5,9999,9,1,18,2,72,1,0,1,0,2,0,1,93535,9,1,0,4,2,1,2,1,3,9,1,2,0,0,1,1,0,0,1,0,14,4,62,99,1,1,6,M,98,0,0,0,0,0,0,0,0,0,0,295,110,0,0,0,3,5,999,999,999,9999999,999,999,44,4,0,4,29,2,3,0,995,9.8,998,998,998,99.8,99.8,99.8,32.7360487870005,11,4
12753,21,10,1-21-2019-010-03,3,1,1C3CDFBB0FD3,17,7,29,2015,4,1,3,0,1,F,3,1445,5,0,1,5,9,2,113,1,1,8,997,8,0,1,90016,2,9,0,2,4,2,1,1,1,9,3,3,0,3,3,1,0,0,3,0,1,3,51,99,1,1,2,D,24,0,0,0,0,0,0,0,0,0,0,15,15,0,0,0,1,5,999,999,999,9999999,999,999,55,5,0,1,2,0,4,0,995,9.8,998,998,998,99.8,99.8,99.8,551.958475626053,11,4
12753,21,10,1-21-2019-010-03,3,2,3AKJGLD55GSH,17,82,881,2016,66,8,68,0,1,B,9,,,,,,,2,89,1,0,0,995,0,0,0,92545,9,9,0,2,4,2,1,1,1,9,3,3,0,3,3,1,0,0,1,0,1,3,53,1,1,1,2,D,25,,,,,,,,,,,,,,,,,,,,,,,,,,,95,95,95,95,,,9.8,998,998,998,99.8,99.8,99.8,551.958475626053,11,4
12754,21,11,1-21-2019-011-01,1,1,3VWEG71K07M1,17,30,40,2007,4,1,2,0,1,T,2,1465,5,9999,9,5,12,2,113,1,1,1,90,2,0,0,91733,9,1,0,1,2,2,2,1,1,9,3,2,1,3,2,1,0,0,9,1,1,2,12,99,1,4,1,B,6,1,10,2,1,1,2,63,1,2,35,997,997,0,0,0,4,6,999,999,999,9999999,999,999,999,7,0,1,2,0,1,3,997,1.8,999,999,999,65.5,3.3,65.6,39.1016629676172,11,4
12755,15,10,1-15-2019-010-09,9,1,4T1BK46K59U5,17,49,40,2009,4,1,4,0,1,R,9,1500,5,0,2,0,998,2,48,1,8,9,998,8,7,9,11510,1,2,2,1,3,3,2,1,1,1,3,2,0,0,3,1,1,2,1,0,11,2,15,1,1,1,4,J,68,0,0,0,0,0,0,0,0,0,0,165,85,0,0,0,1,0,999,999,999,9999999,999,999,999,9,0,0,0,0,0,0,995,9.8,998,998,998,99.8,99.8,99.8,232.426666463559,1,4
12755,15,10,1-15-2019-010-09,9,2,1D7HU18DX5S1,17,7,482,2005,40,6,45,0,1,F,9,2439,5,9999,9,0,998,2,48,1,8,9,998,8,7,9,11691,9,9,2,1,3,3,2,1,2,1,3,2,0,0,3,1,1,2,9,0,14,4,62,99,1,1,4,J,69,0,0,0,0,0,0,0,0,0,0,85,165,0,0,0,1,0,999,999,999,9999999,999,999,999,9,0,1,2,0,3,0,995,9.8,998,998,998,99.8,99.8,99.8,232.426666463559,1,4
12759,24,8,1-24-2019-008-04,4,1,1FADP3K2XFL2,17,12,37,2015,5,1,3,0,1,F,1,1327,5,0,1,1,22,2,72,1,0,8,997,8,0,9,08360,1,2,2,4,2,1,2,1,1,1,1,2,0,0,1,1,5,2,3,0,1,3,50,4,1,1,2,D,20,0,0,0,0,0,0,0,0,0,0,190,190,0,0,0,1,3,16,-16,0,9933,998,0,13,0,4,0,0,0,0,0,995,9.8,998,998,998,99.8,99.8,99.8,680.376556914681,1,4
12759,24,8,1-24-2019-008-04,4,2,1FTFW1EV6AFA,17,12,481,2010,34,5,31,0,1,B,1,2586,5,0,1,2,24,5,72,1,0,0,995,0,0,0,08203,9,9,2,4,2,1,2,1,1,1,1,2,0,0,1,1,5,2,1,0,5,3,53,1,1,1,2,D,21,0,0,0,0,0,0,0,0,0,0,190,190,0,0,0,1,3,8,8,0,11091,998,0,10,0,4,95,95,95,95,0,995,9.8,998,998,998,99.8,99.8,99.8,680.376556914681,1,4
12760,20,8,1-20-2019-008-06,6,1,2T2BK1BAXAC0,17,59,403,2010,14,3,14,0,1,L,1,1970,5,0,1,1,43,2,89,1,1,8,997,8,0,3,93924,1,9,2,4,4,1,2,1,1,1,1,1,0,0,3,1,0,0,9,1,1,2,13,99,1,4,1,A,1,1,4,2,4,1,1,61,1,2,30,998,998,0,0,1,3,1,11,0,11,19968,998,155,11,0,1,1,1,0,4,3,998,1.4,60,60,40,19.6,2.2,19.8,406.398681035824,11,4
12761,13,9,1-13-2019-009-06,6,1,1FMCU0F7XDUA,17,12,402,2013,14,3,14,0,1,F,2,1588,5,0,1,1,25,2,105,1,1,8,997,8,0,0,76108,2,2,0,2,4,1,1,1,3,1,1,3,0,0,3,1,0,0,3,1,14,2,13,99,1,4,1,A,1,0,0,0,0,0,0,0,0,0,0,998,998,0,0,0,1,10,999,999,999,9999999,999,999,999,7,0,1,2,0,4,0,998,3.5,999,999,999,1.0,0.7,1.2,554.351114616588,7,4
12766,11,9,1-11-2019-009-08,8,1,JTEBU14R78K0,17,49,401,2008,14,3,14,0,1,F,2,1950,5,0,1,1,11,2,97,1,1,1,111,2,0,1,23227,2,2,0,2,3,2,2,1,1,1,3,3,0,0,2,1,0,0,3,1,1,2,13,1,1,4,1,A,1,0,0,0,0,0,0,0,0,0,0,998,998,0,0,0,2,11,999,999,999,9999999,999,999,999,7,0,3,14,1,3,0,998,3.3,120,22,98,0.0,0.0,0.0,792.804351737215,8,4
12767,11,10,1-11-2019-010-01,1,1,1FTNE24203HB,17,12,461,2003,21,4,21,0,1,R,2,2268,5,113,1,1,13,2,105,1,9,1,0,2,9,1,22454,1,2,0,1,2,2,1,5,1,1,3,2,1,3,1,1,0,0,1,1,1,1,5,3,4,4,1,B,7,1,3,1,4,4,4,48,4,1,19,997,997,0,0,0,2,6,999,999,999,9999999,999,999,999,7,0,5,33,1,1,3,997,3.6,120,41,76,10.0,12.0,16.0,93.5482561288202,8,4
12767,11,10,1-11-2019-010-01,1,2,1GNSKKE74CR2,17,20,422,2012,15,3,15,0,1,F,2,2647,5,0,1,1,14,2,105,1,0,0,995,0,0,0,27857,9,9,0,1,2,2,2,5,1,1,3,2,1,3,1,1,0,0,1,0,1,4,62,2,1,1,6,M,98,0,0,0,0,0,0,0,0,0,0,175,320,0,0,0,3,5,999,999,999,9999999,999,999,999,7,0,1,1,0,4,0,995,9.8,998,998,998,99.8,99.8,99.8,93.5482561288202,8,4
12768,11,11,1-11-2019-011-08,8,1,1FAFP55293A2,17,12,17,2003,4,1,3,0,1,F,3,1521,5,0,1,1,12,2,72,1,0,1,0,2,9,1,23113,1,2,0,1,2,2,2,1,1,1,2,3,0,0,3,1,0,0,3,1,1,3,54,1,1,2,3,G,52,0,0,0,0,0,0,0,0,0,0,285,95,0,0,0,1,1,72,-68,-25,625576,998,-54,94,0,1,2,5,0,3,0,995,9.8,998,998,998,99.8,99.8,99.8,792.804351737215,8,4
12768,11,11,1-11-2019-011-08,8,2,1NXBR32E43Z1,17,49,32,2003,4,1,2,0,1,F,1,1130,5,0,1,1,10,2,72,1,0,0,995,0,9,0,23238,1,2,0,1,2,1,2,1,1,1,1,3,0,0,3,1,0,0,1,0,1,4,62,8,1,1,6,M,98,0,0,0,0,0,0,0,0,0,0,290,335,0,0,0,2,1,14,-13,5,15539,998,55,17,0,1,1,1,0,6,0,995,9.8,998,998,998,99.8,99.8,99.8,792.804351737215,8,4
12768,11,11,1-11-2019-011-08,8,3,WAUDT48H25K0,17,32,43,2005,1,1,3,0,1,F,3,1820,5,0,1,5,24,2,72,1,0,0,995,0,0,0,23060,9,9,0,1,2,2,2,1,1,1,3,2,0,0,3,1,0,0,1,0,1,3,54,99,1,1,3,G,52,0,0,0,0,0,0,0,0,0,0,95,285,0,0,0,1,1,61,-53,-30,45007,998,-50,23,0,1,9,97,0,99,0,995,9.8,998,998,998,99.8,99.8,99.8,792.804351737215,8,4
12769,77,8,1-77-2019-008-01,1,1,3G1BE6SM5HS5,17,20,25,2017,5,1,3,0,1,R,1,1312,5,0,1,1,13,2,89,1,9,1,320,3,9,0,24590,1,2,0,4,2,1,2,1,3,1,1,2,1,0,2,1,0,0,9,1,14,2,13,2,2,4,1,A,1,0,0,0,0,0,0,0,0,0,0,998,998,0,0,5,1,10,999,999,999,9999999,999,34,16,2,0,1,1,0,1,0,998,0.8,13,13,120,49.2,6.1,49.6,105.374114839707,9,4
12770,77,9,1-77-2019-009-08,8,1,2HGEJ6672WH5,17,37,31,1998,4,1,2,0,1,F,2,1060,5,0,1,1,5,2,56,1,0,0,995,0,0,0,22932,9,9,2,4,2,1,2,1,1,1,0,0,0,0,2,5,0,0,9,1,10,2,13,1,1,4,1,A,1,0,0,0,0,0,0,0,0,0,0,998,998,0,0,1,3,8,999,999,999,9999999,999,999,999,7,0,0,0,0,4,0,998,3.0,8,8,39,20.2,4.1,20.3,379.658731500932,9,4
12771,77,10,1-77-2019-010-07,7,1,1G4HC5EM7BU1,17,18,23,2011,4,1,5,0,1,F,1,1707,5,0,1,1,3,2,72,1,0,0,995,0,0,0,22551,1,2,0,1,4,1,2,1,1,1,1,3,0,0,2,1,0,0,1,0,1,6,87,1,1,1,1,C,13,0,0,0,0,0,0,0,0,0,0,998,998,0,0,0,1,10,999,999,999,9999999,999,-13,14,2,0,0,0,0,0,0,998,9.8,998,998,998,99.8,99.8,99.8,1765.31182643243,9,4
12772,73,4,1-73-2019-004-03,3,1,1FDWF37P93EC,17,12,481,2003,40,6,45,0,1,B,9,9999,9,0,1,2,12,5,64,1,0,0,995,0,0,0,04976,9,9,3,4,2,1,2,3,1,1,0,2,0,0,1,1,0,0,1,0,13,2,20,1,1,6,6,M,92,0,0,0,0,0,0,0,0,0,0,240,200,0,0,0,1,5,999,999,999,9999999,999,999,999,9,0,95,95,95,95,0,995,9.8,998,998,998,99.8,99.8,99.8,32.4164274432842,3,4
12772,73,4,1-73-2019-004-03,3,2,1GCVKPEC0GZ3,17,20,481,2016,34,5,31,0,1,R,9,2366,5,0,1,3,14,2,64,1,0,0,995,0,0,0,04976,9,9,3,4,2,1,2,3,1,1,0,2,0,0,1,1,0,0,1,0,1,4,71,99,1,1,6,M,93,0,0,0,0,0,0,0,0,0,0,200,240,0,0,0,1,5,999,999,999,9999999,999,999,999,9,0,1,2,0,4,0,995,9.8,998,998,998,99.8,99.8,99.8,32.4164274432842,3,4
12775,23,13,1-23-2019-013-02,2,1,1G1YJ2D77F51,17,20,4,2015,2,1,3,0,1,F,2,1497,5,9999,9,1,13,2,72,1,0,1,0,2,0,0,43065,9,9,3,4,2,1,2,2,1,1,1,4,0,0,1,8,0,0,1,1,6,2,13,99,2,4,1,A,1,1,2,2,2,1,4,61,1,1,5,998,998,0,1,1,3,11,999,999,999,9999999,999,999,999,7,0,5,38,1,3,3,998,0.2,120,45,34,26.1,1.0,26.3,56.2593164599354,5,4
12776,23,14,1-23-2019-014-05,5,1,1XP5DB0X36N6,17,87,881,2006,66,8,68,0,1,F,9,,,,,,,2,80,1,0,0,995,0,0,0,44906,9,9,2,1,5,3,2,2,1,1,3,2,0,0,1,8,1,2,1,0,1,2,17,99,1,1,4,K,83,,,,,,,,,,,,,,,,,,,,,,,,,,,95,95,95,95,,,9.8,998,998,998,99.8,99.8,99.8,128.903655693257,5,4
12776,23,14,1-23-2019-014-05,5,2,1C4NJPFAXED8,17,2,407,2014,14,3,14,0,1,L,1,1428,5,0,1,1,13,2,80,1,0,0,995,0,0,0,43061,1,2,2,4,3,2,2,2,1,1,1,0,0,0,1,8,1,2,1,0,11,4,66,1,1,1,4,K,82,0,0,0,0,0,0,0,0,0,0,40,140,0,0,0,1,5,999,999,999,9999999,999,999,20,2,0,1,1,0,3,0,995,9.8,998,998,998,99.8,99.8,99.8,128.903655693257,5,4
12777,12,10,1-12-2019-010-06,6,1,1D7HA18P47S1,17,7,482,2007,34,5,31,0,1,F,1,2371,5,0,1,2,11,5,64,1,0,0,995,0,0,0,73438,9,9,2,1,4,2,1,1,1,1,1,1,0,0,3,1,1,2,3,0,1,2,17,1,1,1,4,K,83,0,0,0,0,0,0,0,0,0,0,180,80,0,0,0,1,1,11,-10,-2,16223,998,-70,12,0,1,95,95,95,95,0,995,9.8,998,998,998,99.8,99.8,99.8,1684.67233596175,9,4