CASEID,PSU,CASENO,CASENUMBER,CATEGORY,VEHNO,VIN,VINLENGTH,MAKE,MODEL,MODELYR,BODYTYPE,BODYCAT,VEHCLASS,SPECUSE,TRANSTAT,DAMPLANE,DAMSEV,CURBWT,CURBSRC,CARGOWT,CARGOSRC,INSPTYPE,INSPLAG,TOWED,SPEEDLIMIT,DRPRESENT,PARALCOHOL,ALCTEST,ALCTESTRESULT,ALCTESTSRC,PARDRUG,DRUGTEST,ZIP,RACE,ETHNICITY,RELTOJUNCT,TRAFFLOW,RDLANES,INITLANE,SURFTYPE,SURFCOND,ALIGNMENT,PROFILE,LINERIGHT,LINELEFT,RUMBINIT,RUMBROAD,LIGHTCOND,WEATHER,TRAFDEV,TRAFFUNCT,DISTRACT,PREFHE,PREMOVE,CRITCAT,CRITEVENT,MANEUVER,PRESTAB,PRELOC,CRASHCAT,CRASHCONF,CRASHTYPE,ROLLTYPE,ROLLTURN,ROLLINTRPT,ROLLPREMAN,ROLLINITYP,ROLLINLOC,ROLLOBJ,ROLLTRIP,ROLLDIR,ROLLDIST,DVANGTHIS,DVANGOTH,TOWHITCH,TRAJDOC,TREEPOLE,DVEVENT,DVBASIS,DVTOTAL,DVLONG,DVLAT,DVENERGY,DVSPEED,DVMOMENT,DVBES,DVEST,DVCONF,VAIS,VISS,VINJURED,VTREAT,INITOBJCLASS,HEADANGLECAT,SHLDRWIDTH,STRKLENGTH,STRKWIDTH,STRKHEIGHT,EDGEDISTX,EDGEDISTY,EDGEDISTZ,CASEWGT,PSUSTRAT,VERSION
12812,26,11,1-26-2019-011-03,3,5,3FA6P0HD9KR1,17,12,23,2019,4,1,4,99,1,F,9,1558,5,9999,9,0,998,5,105,1,0,0,995,0,0,0,95834,9,9,0,2,5,5,2,1,1,1,3,2,0,0,3,8,0,0,1,0,2,4,61,2,1,1,6,M,98,0,0,0,0,0,0,0,0,0,0,180,170,0,0,0,5,0,999,999,999,9999999,999,999,999,9,0,95,95,95,95,0,995,9.8,998,998,998,99.8,99.8,99.8,935.780864754714,10,4
12813,13,10,1-13-2019-010-02,2,1,2C3CDYAG5EH1,17,7,28,2014,2,1,5,0,1,F,9,1739,5,9999,9,0,998,2,48,1,0,0,995,0,0,0,76053,1,9,2,4,4,2,2,1,1,1,0,1,0,0,2,1,1,2,9,0,1,3,50,2,1,1,2,D,20,0,0,0,0,0,0,0,0,0,0,150,150,0,0,0,1,0,999,999,999,9999999,999,999,999,9,0,0,0,0,0,0,995,9.8,998,998,998,99.8,99.8,99.8,47.7937228887709,7,4
12813,13,10,1-13-2019-010-02,2,2,5TFAX5GN8JX1,17,49,472,2018,34,5,30,0,1,B,9,1775,5,9999,9,0,998,2,48,1,0,9,998,8,0,9,76013,9,1,2,4,4,2,2,1,1,1,0,0,0,0,2,1,1,2,9,0,5,3,53,99,1,1,2,D,21,0,0,0,0,0,0,0,0,0,0,150,150,0,0,0,1,0,999,999,999,9999999,999,999,999,9,0,1,2,0,4,0,995,9.8,998,998,998,99.8,99.8,99.8,47.7937228887709,7,4
12813,13,10,1-13-2019-010-02,2,3,JM3KFABM4J14,17,41,403,2018,14,3,14,0,1,B,2,1602,5,9999,9,4,73,2,48,1,0,0,995,0,0,0,76021,9,1,2,4,4,2,2,1,1,1,0,1,0,0,2,1,1,2,9,0,5,3,53,99,1,1,6,M,98,0,0,0,0,0,0,0,0,0,0,150,150,0,0,0,2,12,999,999,999,9999999,999,999,999,7,0,0,0,0,0,0,995,9.8,998,998,998,99.8,99.8,99.8,47.7937228887709,7,4
12813,13,10,1-13-2019-010-02,2,4,JM1BJ2467215,17,41,35,2002,5,1,2,0,1,B,9,1231,5,9999,9,0,998,5,48,1,0,0,995,0,0,0,76133,9,9,2,4,4,2,2,1,1,1,1,1,0,0,2,1,1,2,9,0,5,3,53,99,1,1,6,M,98,0,0,0,0,0,0,0,0,0,0,150,150,0,0,0,3,0,999,999,999,9999999,999,999,999,9,0,95,95,95,95,0,995,9.8,998,998,998,99.8,99.8,99.8,47.7937228887709,7,4
12814,13,11,1-13-2019-011-06,6,1,2G1WG5E34C11,17,20,2,2012,4,1,4,0,1,R,9,1658,5,9999,9,0,998,2,48,1,0,0,995,0,0,0,76040,2,2,3,4,2,1,1,1,1,1,0,0,0,0,1,1,0,0,9,0,11,2,15,99,1,1,4,K,82,0,0,0,0,0,0,0,0,0,0,999,999,0,0,0,99,0,999,999,999,9999999,999,999,999,9,0,0,0,0,0,0,999,9.8,998,998,998,99.8,99.8,99.8,498.35962202251,7,4
12814,13,11,1-13-2019-011-06,6,2,1GTGG25V0512,17,23,461,2005,21,4,21,0,1,F,9,2367,5,9999,9,0,998,2,48,1,0,0,995,0,0,0,75126,1,9,3,4,2,1,1,1,1,1,0,0,0,0,1,1,0,0,9,0,1,4,72,99,1,1,4,K,83,0,0,0,0,0,0,0,0,0,0,90,315,0,0,0,1,0,999,999,999,9999999,999,999,999,9,0,0,0,0,0,0,995,9.8,998,998,998,99.8,99.8,99.8,498.35962202251,7,4
12816,29,12,1-29-2019-012-03,3,1,3VW267AJ1GM2,17,30,40,2016,4,1,3,0,1,F,1,1364,5,0,1,1,8,2,56,1,0,1,0,2,0,2,02871,1,9,0,5,3,1,2,1,1,1,1,2,0,0,1,1,0,0,3,1,1,2,13,99,1,4,1,A,1,0,0,0,0,0,0,0,0,0,0,998,998,0,0,1,2,1,19,-19,-3,20829,998,4,19,0,4,1,1,0,4,0,998,1.3,15,12,13,3.8,1.3,4.0,79.0567776499196,2,4
12818,29,14,1-29-2019-014-07,7,1,1FMCU0J93DUC,17,12,402,2013,14,3,14,0,1,F,1,1693,5,0,1,1,7,2,40,1,1,1,80,1,1,3,02026,1,2,2,4,2,1,2,1,1,1,0,0,0,0,1,1,2,2,3,0,1,3,50,99,1,1,2,D,20,0,0,0,0,0,0,0,0,0,0,290,295,0,0,0,1,1,11,-11,0,11874,998,0,13,0,4,0,0,0,0,0,995,9.8,998,998,998,99.8,99.8,99.8,335.789090729548,2,4
12818,29,14,1-29-2019-014-07,7,2,2T3BFREVXJW7,17,49,402,2018,14,3,14,0,1,B,1,1610,5,0,2,2,9,5,40,1,0,0,995,0,0,0,02703,9,9,2,4,2,1,2,1,1,1,0,0,0,0,1,1,2,2,1,0,5,3,53,2,1,1,2,D,23,0,0,0,0,0,0,0,0,0,0,295,290,0,0,0,1,1,12,12,0,5491,998,18,9,0,4,95,95,95,95,0,995,9.8,998,998,998,99.8,99.8,99.8,335.789090729548,2,4
12819,26,10,1-26-2019-010-02,2,1,ZACCJAAB7HPF,17,2,408,2017,14,3,14,0,1,F,2,1372,5,0,1,1,18,2,105,1,0,0,995,0,0,0,95827,2,2,1,2,4,1,1,1,1,9,1,3,0,0,1,1,0,0,9,0,1,3,50,4,1,1,2,D,20,0,0,0,0,0,0,0,0,0,0,120,115,0,0,0,1,11,999,999,999,9999999,999,999,999,7,0,1,1,0,4,0,995,9.8,998,998,998,99.8,99.8,99.8,36.3111465952872,10,4
12819,26,10,1-26-2019-010-02,2,2,2HGFG21558H7,17,37,31,2008,2,1,3,99,1,B,9,1310,5,9999,9,0,998,5,105,1,0,0,995,0,0,0,95691,9,9,1,2,4,1,1,1,1,9,1,3,0,0,1,1,0,0,1,0,5,3,53,1,1,1,2,D,21,0,0,0,0,0,0,0,0,0,0,115,120,0,0,0,1,0,999,999,999,9999999,999,999,999,9,0,95,95,95,95,0,995,9.8,998,998,998,99.8,99.8,99.8,36.3111465952872,10,4
12819,26,10,1-26-2019-010-02,2,3,1FTNF1CF3CKD,17,12,481,2012,34,5,31,99,1,B,9,9999,9,9999,9,0,998,5,105,1,0,0,995,0,0,0,95816,9,9,1,2,4,1,1,1,1,9,1,3,0,0,1,1,0,0,1,0,5,3,53,1,1,1,6,M,98,0,0,0,0,0,0,0,0,0,0,115,115,0,0,0,2,0,999,999,999,9999999,999,999,999,9,0,95,95,95,95,0,995,9.8,998,998,998,99.8,99.8,99.8,36.3111465952872,10,4
12819,26,10,1-26-2019-010-02,2,4,999999999999,99,99,999,9999,99,10,99,99,1,R,9,,,,,,,5,105,1,9,0,995,0,9,0,99999,9,9,1,2,4,99,9,1,1,9,9,9,0,0,1,1,0,0,9,1,99,9,99,99,9,9,6,M,98,,,,,,,,,,,,,,,,,,,,,,,,,,,95,95,95,95,,,9.8,998,998,998,99.8,99.8,99.8,36.3111465952872,10,4
12820,17,11,1-17-2019-011-04,4,1,1GCRCNEH9JZ2,17,20,481,2018,34,5,31,0,1,F,9,2269,5,9999,9,0,998,5,89,1,9,0,995,0,1,0,61244,9,9,1,3,1,1,2,1,1,4,1,0,2,2,1,1,2,2,9,0,1,2,17,99,1,1,5,L,86,0,0,0,0,0,0,0,0,0,0,340,70,0,0,0,1,0,999,999,999,9999999,999,999,999,9,0,95,95,95,95,0,995,9.8,998,998,998,99.8,99.8,99.8,776.798356141512,4,4
12820,17,11,1-17-2019-011-04,4,2,1FTYE2CM5GKA,17,12,462,2016,21,4,21,0,1,R,9,2268,5,272,2,0,998,2,89,1,8,0,995,0,7,0,52748,1,2,1,1,2,1,2,1,1,1,1,3,0,0,1,1,0,0,1,0,1,4,66,7,1,1,5,L,87,0,0,0,0,0,0,0,0,0,0,70,340,0,0,0,1,0,999,999,999,9999999,999,999,999,9,0,0,0,0,0,0,995,9.8,998,998,998,99.8,99.8,99.8,776.798356141512,4,4
12821,17,12,1-17-2019-012-07,7,1,2CNFLNEC9B63,17,20,404,2011,14,3,14,0,1,F,1,1782,5,0,1,1,13,2,48,1,9,0,995,0,9,0,61265,7,2,2,4,2,1,2,3,1,4,0,2,0,0,2,4,2,2,1,1,1,2,18,4,2,4,1,A,3,0,0,0,0,0,0,0,0,0,0,998,998,0,0,0,1,10,999,999,999,9999999,999,-40,13,2,0,0,0,0,0,0,998,9.8,998,998,998,99.8,99.8,99.8,746.327321902588,4,4
12822,17,13,1-17-2019-013-07,7,1,1HGCP2F84BA0,17,37,32,2011,4,1,4,0,1,R,2,1523,5,0,1,1,22,2,48,1,9,0,995,0,7,0,61265,1,2,2,1,3,3,1,3,1,1,1,0,0,0,3,4,1,2,2,0,11,2,15,1,1,1,4,J,68,0,0,0,0,0,0,0,0,0,0,140,0,0,0,0,1,8,999,999,999,9999999,999,999,999,7,0,0,0,0,0,0,995,9.8,998,998,998,99.8,99.8,99.8,746.327321902588,4,4
12822,17,13,1-17-2019-013-07,7,2,5TDJKRFH0ES0,17,49,403,2014,14,3,14,0,1,F,9,2205,5,9999,9,0,998,5,48,1,9,0,995,0,7,0,61265,9,9,2,1,3,1,1,3,1,4,0,3,0,0,3,4,1,2,9,0,1,4,62,99,1,1,4,J,69,0,0,0,0,0,0,0,0,0,0,0,140,0,0,0,1,0,999,999,999,9999999,999,999,999,9,0,95,95,95,95,0,995,9.8,998,998,998,99.8,99.8,99.8,746.327321902588,4,4
12823,22,11,1-22-2019-011-01,1,1,JH4DC2393WS0,17,54,31,1998,3,1,2,0,1,T,1,1147,5,0,1,1,6,2,72,1,0,1,0,4,0,2,83501,1,2,0,1,2,1,2,1,2,4,1,3,0,0,1,1,0,0,9,1,14,2,13,99,9,4,1,A,1,1,5,2,2,1,4,61,1,2,36,997,997,0,0,0,3,6,999,999,999,9999999,999,999,999,6,0,2,5,0,1,3,997,1.7,20,15,14,0.0,0.0,0.0,38.3809927154523,12,4
12824,22,12,1-22-2019-012-07,7,1,JF1GH6D62BH8,17,48,38,2011,5,1,2,0,1,F,1,1390,5,0,2,1,4,2,97,1,0,0,995,0,7,0,13612,1,2,0,4,3,1,2,3,1,1,1,2,1,0,1,9,0,0,2,1,1,2,13,2,1,4,1,A,1,0,0,0,0,0,0,0,0,0,0,998,998,0,0,0,1,98,999,999,999,9999999,999,999,999,6,0,0,0,0,0,0,998,9.9,0,39,92,99.9,99.9,99.9,270.121291427199,12,4
12825,18,6,1-18-2019-006-02,2,1,999999999999,99,87,884,2015,66,8,67,0,1,F,9,,,,,,,2,80,1,0,0,995,0,0,0,54022,9,9,2,1,3,2,1,4,1,1,1,3,0,0,4,1,1,2,9,0,1,4,66,99,1,1,5,L,86,,,,,,,,,,,,,,,,,,,,,,,,,,,95,95,95,95,,,9.8,998,998,998,99.8,99.8,99.8,66.6947447544701,6,4
12825,18,6,1-18-2019-006-02,2,2,5TDBZRFH0JS8,17,49,403,2018,14,3,14,0,1,R,9,2030,5,9999,9,4,19,2,80,1,0,1,0,2,0,1,54703,3,2,2,1,3,2,1,4,1,1,0,1,0,0,4,1,1,2,1,0,1,4,66,1,1,1,5,L,87,0,0,0,0,0,0,0,0,0,0,0,270,0,0,0,1,5,999,999,999,9999999,999,999,999,9,0,3,10,1,3,0,995,0.0,12,12,110,99.9,99.9,99.9,66.6947447544701,6,4
12826,33,10,1-33-2019-010-09,9,1,JT2BG22KX105,17,49,40,2001,4,1,3,0,1,F,1,1345,5,0,1,1,27,2,40,1,9,0,995,0,9,0,95965,1,2,0,4,2,1,2,2,1,1,0,2,0,0,1,2,0,0,3,1,1,2,13,2,1,4,1,A,1,0,0,0,0,0,0,0,0,0,0,998,998,0,1,0,1,12,999,999,999,9999999,999,999,999,1,0,0,0,0,0,0,998,0.0,120,120,80,4.8,4.5,6.5,228.003914392843,12,4
12827,33,11,1-33-2019-011-05,5,1,1ZVBP8CF6C52,17,12,3,2012,2,1,3,0,1,F,2,1634,5,0,1,1,39,2,89,1,1,1,164,2,0,2,95948,1,1,2,4,2,1,2,1,2,1,1,2,0,0,2,8,0,0,9,1,1,2,12,2,1,4,1,B,6,0,0,0,0,0,0,0,0,0,0,998,998,0,0,2,1,10,999,999,999,9999999,999,-13,39,3,0,2,9,0,3,0,998,2.0,32,32,120,13.0,40.0,42.0,30.1413500820201,12,4
12828,33,12,1-33-2019-012-09,9,1,2GCEC19J1717,17,20,481,2007,34,5,31,0,1,F,2,1980,5,9999,9,1,23,2,56,1,0,0,995,0,0,0,95973,1,2,0,4,4,1,2,1,1,1,0,3,0,0,2,1,0,0,9,1,1,2,13,1,1,4,1,A,1,0,0,0,0,0,0,0,0,0,0,85,85,0,0,0,1,3,28,-28,0,72256,998,62,28,0,4,1,1,0,3,0,995,9.8,998,998,998,99.8,99.8,99.8,228.003914392843,12,4
12828,33,12,1-33-2019-012-09,9,2,1D8HB58206F1,17,7,422,2006,15,3,15,0,2,B,2,2358,5,9999,9,0,998,,,,,,,,,,,,,,,,,,,,,,,,,,,,,,,,,,,,,,,,,,,,,,,,,,,,,,,,,,,,,,,,,,95,95,95,95,,,,,,,,,,228.003914392843,12,4
12829,30,13,1-30-2019-013-03,3,1,5YJSA1H29FF0,17,29,5,2015,5,1,5,0,1,F,1,2188,5,0,1,1,26,2,64,1,0,0,995,0,0,0,85282,7,1,2,4,6,2,2,1,1,1,3,1,0,0,1,1,1,2,1,0,1,2,17,7,1,1,4,J,69,0,0,0,0,0,0,0,0,0,0,350,180,0,0,0,2,3,16,-16,0,30644,998,-64,17,0,4,2,9,0,3,0,995,9.8,998,998,998,99.8,99.8,99.8,408.595787196437,10,4
12829,30,13,1-30-2019-013-03,3,2,1GNEC13Z83R3,17,20,421,2003,15,3,15,0,1,F,1,2211,5,0,1,2,40,5,64,1,0,0,995,0,0,0,85040,9,9,2,4,6,4,2,1,1,1,1,2,0,0,1,1,1,2,9,0,11,4,63,1,1,1,4,J,68,0,0,0,0,0,0,0,0,0,0,998,998,0,0,0,5,1,18,-18,0,30715,998,13,18,0,1,95,95,95,95,0,998,0.0,999,999,999,2.0,2.0,2.6,408.595787196437,10,4
12829,30,13,1-30-2019-013-03,3,3,1GNKRGKD8EJ1,17,20,423,2014,15,3,15,0,1,F,1,2107,5,0,1,1,43,2,64,1,0,0,995,0,0,0,85042,9,9,2,4,6,4,2,1,1,1,1,2,0,0,1,1,1,2,1,0,5,4,62,1,1,1,6,M,98,0,0,0,0,0,0,0,0,0,0,180,350,0,0,0,2,3,18,-18,3,26989,998,10,18,0,1,9,97,0,8,0,995,9.8,998,998,998,99.8,99.8,99.8,408.595787196437,10,4
12829,30,13,1-30-2019-013-03,3,4,5N1AR1NN6CC6,17,35,401,2012,14,3,14,0,1,F,9,2243,5,9999,9,4,29,2,64,1,0,0,995,0,0,0,85033,9,9,2,4,6,4,2,1,1,1,1,2,0,0,1,1,1,2,1,0,5,3,59,1,1,1,6,M,98,0,0,0,0,0,0,0,0,0,0,180,999,0,0,0,3,12,999,999,999,9999999,999,999,999,9,0,0,0,0,0,0,995,9.8,998,998,998,99.8,99.8,99.8,408.595787196437,10,4
12830,30,14,1-30-2019-014-09,9,1,1HGCD5531RA0,17,37,32,1994,4,1,3,0,1,9,9,1275,5,9999,9,0,998,2,89,1,0,0,995,0,0,0,85139,9,1,0,1,4,2,2,1,1,1,3,2,1,3,1,1,0,0,1,1,1,1,9,99,2,4,1,A,2,1,3,2,6,1,3,61,1,1,7,997,997,0,1,0,99,0,999,999,999,9999999,999,999,999,9,0,2,5,0,4,3,997,9.8,998,998,998,99.8,99.8,99.8,1554.88118698493,10,4
12831,30,15,1-30-2019-015-08,8,1,1G2JB12F4371,17,22,16,2003,2,1,2,0,1,L,2,1182,5,9999,9,4,59,2,105,1,0,1,0,2,0,2,86327,9,9,0,4,2,1,2,1,1,1,1,4,0,3,1,1,0,0,9,1,1,2,13,7,4,4,1,B,7,1,8,2,6,1,3,61,1,1,24,997,997,0,1,0,3,6,999,999,999,9999999,999,999,999,7,0,4,29,1,1,3,997,1.7,5,5,120,10.6,2.6,10.8,317.780449440281,10,4
12832,21,12,1-21-2019-012-02,2,1,1C3CCCAB5FN6,17,6,18,2015,4,1,3,0,1,T,1,1575,5,0,1,1,23,2,113,1,0,9,998,8,0,9,92509,1,9,0,1,2,2,1,1,2,9,3,2,1,3,1,1,0,0,9,1,14,2,12,8,3,4,1,A,2,1,2,2,2,1,4,61,1,1,10,997,997,0,0,0,1,6,999,999,999,9999999,999,999,999,6,0,9,97,0,8,3,997,9.8,998,998,998,99.8,99.8,99.8,59.2289867586606,11,4
12836,76,6,1-76-2019-006-07,7,1,1FTNE2EW2ADB,17,12,461,2010,21,4,21,0,1,F,1,2268,5,227,2,5,17,2,89,1,8,0,995,0,7,0,13796,1,2,2,4,2,1,2,3,1,4,1,2,0,0,1,4,2,2,1,1,1,1,5,4,2,4,1,C,14,0,0,0,0,0,0,0,0,0,0,998,998,0,1,0,1,12,999,999,999,9999999,999,999,999,6,0,0,0,0,0,0,998,0.8,120,120,90,0.0,5.6,5.6,38.3115520704336,3,4
12837,73,6,1-73-2019-006-07,7,1,1N4AL2AP9CC1,17,35,47,2012,4,1,4,0,1,F,2,1437,5,0,1,1,28,2,89,1,1,1,170,1,0,0,04103,9,9,0,4,2,1,2,1,1,1,1,4,0,0,2,1,0,0,1,0,1,3,50,99,1,2,2,D,20,0,0,0,0,0,0,0,0,0,0,160,150,0,0,0,1,1,29,-29,0,72618,998,-31,34,0,4,0,0,0,0,0,995,9.8,998,998,998,99.8,99.8,99.8,107.440421802057,3,4
12837,73,6,1-73-2019-006-07,7,2,1J4GW48NXYC3,17,2,404,2000,14,3,14,0,1,B,1,1823,5,0,1,1,15,2,89,1,0,0,995,0,0,0,04976,1,2,3,4,2,1,2,1,1,1,1,4,0,0,2,1,0,0,1,0,5,3,53,1,1,1,2,D,22,0,0,0,0,0,0,0,0,0,0,150,160,0,0,0,1,1,23,23,4,32826,998,-80,18,0,4,1,2,0,4,0,995,9.8,998,998,998,99.8,99.8,99.8,107.440421802057,3,4
12837,73,6,1-73-2019-006-07,7,3,1B3EL46X74N2,17,7,43,2004,4,1,3,0,1,L,1,1439,5,0,1,2,22,5,89,1,0,0,995,0,0,0,04961,9,9,0,4,2,1,2,1,1,1,1,4,0,0,2,1,0,0,1,0,1,4,62,99,1,1,6,M,98,0,0,0,0,0,0,0,0,0,0,340,75,0,0,0,2,3,22,0,22,33415,998,-12,24,0,4,95,95,95,95,0,995,9.8,998,998,998,99.8,99.8,99.8,107.440421802057,3,4
12838,13,13,1-13-2019-013-03,3,1,3GYFNDE37DS6,17,19,20,2013,6,1,4,0,1,F,1,1940,5,9999,9,0,998,2,72,1,0,0,995,0,0,0,75052,2,2,0,3,5,2,1,1,1,1,3,3,0,0,3,1,0,0,1,0,1,3,50,9,1,1,2,D,20,0,0,0,0,0,0,0,0,0,0,20,20,0,0,0,1,3,11,-11,0,8377,998,0,10,0,4,0,0,0,0,0,995,9.8,998,998,998,99.8,99.8,99.8,403.419401621292,7,4
12838,13,13,1-13-2019-013-03,3,2,4T1B11HK0JU5,17,49,40,2018,4,1,4,0,1,B,1,1610,5,0,1,1,8,2,72,1,0,0,995,0,0,0,76021,2,2,0,3,5,2,1,1,1,1,3,3,0,0,3,1,0,0,1,0,5,3,53,1,1,1,2,D,21,0,0,0,0,0,0,0,0,0,0,20,20,0,0,0,1,3,13,13,0,11710,998,33,13,0,4,1,1,0,4,0,995,9.8,998,998,998,99.8,99.8,99.8,403.419401621292,7,4
12839,29,15,1-29-2019-015-04,4,1,5NPDH4AE0GH7,17,55,35,2016,4,1,3,0,1,F,1,1305,5,0,1,1,25,2,48,1,0,0,995,0,0,0,02703,9,9,2,4,2,1,2,1,1,1,0,0,0,0,1,1,2,2,9,0,11,2,15,99,1,1,4,K,82,0,0,0,0,0,0,0,0,0,0,240,345,0,0,0,1,1,23,-17,15,66568,998,116,27,0,4,0,0,0,0,0,995,9.8,998,998,998,99.8,99.8,99.8,208.913148682746,2,4
12839,29,15,1-29-2019-015-04,4,2,1HGCR2F53FA1,17,37,32,2015,4,1,4,0,1,F,1,1496,5,0,1,1,6,2,48,1,0,0,995,0,0,0,02151,9,9,2,4,2,1,2,1,1,1,1,2,0,0,1,1,6,2,9,0,1,4,67,7,1,1,4,K,83,0,0,0,0,0,0,0,0,0,0,345,240,0,0,0,1,1,20,-15,-13,13801,998,-84,13,0,4,1,1,0,6,0,995,9.8,998,998,998,99.8,99.8,99.8,208.913148682746,2,4
12840,20,10,1-20-2019-010-02,2,1,JF2GPACC0FH2,17,48,403,2015,14,3,14,0,1,F,3,1410,5,0,1,1,25,2,105,1,1,1,189,2,0,0,93908,1,2,0,4,3,1,2,1,2,4,1,2,2,3,3,1,0,0,3,1,14,2,10,99,1,2,3,G,50,0,0,0,0,0,0,0,0,0,0,300,130,0,0,0,1,1,61,-61,0,328621,998,-44,72,0,4,2,9,0,3,0,995,9.8,998,998,998,99.8,99.8,99.8,44.6123262498575,11,4
12840,20,10,1-20-2019-010-02,2,2,1G4GC5E37DF2,17,18,22,2013,4,1,4,0,1,F,3,1785,5,0,1,1,25,2,105,1,0,1,0,2,0,0,93908,3,2,0,4,3,1,2,1,1,1,1,2,3,3,3,1,0,0,1,0,1,4,62,1,1,1,3,G,51,0,0,0,0,0,0,0,0,0,0,130,300,0,0,0,1,1,47,-46,8,67512,998,-21,30,0,4,4,17,1,3,0,995,9.8,998,998,998,99.8,99.8,99.8,44.6123262498575,11,4
12842,11,12,1-11-2019-012-08,8,1,1B4HS28N8YF3,17,7,402,2000,14,3,14,0,1,T,2,2086,5,0,1,1,18,2,64,1,0,0,995,0,0,0,23224,2,9,0,1,2,1,2,3,1,1,1,3,0,0,1,4,0,0,1,1,1,1,6,1,4,4,1,B,7,1,4,2,2,1,4,63,1,1,24,997,997,0,0,0,2,6,999,999,999,9999999,999,999,999,7,0,1,3,0,4,3,997,0.3,54,14,15,0.5,0.3,0.5,1349.82277295787,8,4
12842,11,12,1-11-2019-012-08,8,2,3GYFK22279G1,17,19,481,2009,34,5,31,0,1,F,9,2611,5,9999,9,0,998,5,40,1,0,0,995,0,0,0,23112,9,9,0,1,4,1,2,3,1,1,1,3,0,0,1,4,0,0,1,1,1,4,62,1,1,1,6,M,98,0,0,0,0,0,0,0,0,0,0,90,60,0,0,0,3,0,999,999,999,9999999,999,999,999,9,0,95,95,95,95,0,995,9.8,998,998,998,99.8,99.8,99.8,1349.82277295787,8,4
12843,11,13,1-11-2019-013-01,1,1,2HKYF18516H5,17,37,421,2006,15,3,15,0,1,T,3,2007,5,0,1,1,28,2,72,1,9,1,0,3,9,1,23834,1,1,2,1,4,4,2,1,1,1,1,2,0,0,4,1,1,2,1,0,11,4,63,1,1,1,4,J,68,1,1,2,5,7,1,2,2,2,4,996,996,0,0,0,4,7,999,999,999,9999999,999,999,999,8,0,2,5,0,1,1,996,9.8,998,998,998,99.8,99.8,99.8,145.016295148089,8,4
12843,11,13,1-11-2019-013-01,1,2,SAJWA01U75HN,17,39,34,2005,4,1,5,0,1,F,1,1759,5,0,1,1,30,2,72,1,0,0,995,0,0,0,23235,2,9,2,1,4,4,2,1,1,1,1,2,0,0,4,1,1,2,1,0,1,2,17,1,1,2,4,J,69,0,0,0,0,0,0,0,0,0,0,65,155,0,0,0,1,1,16,-14,8,21949,998,127,13,0,4,0,0,0,4,0,995,9.8,998,998,998,99.8,99.8,99.8,145.016295148089,8,4
12843,11,13,1-11-2019-013-01,1,3,4S4BRCGC7B34,17,48,45,2011,5,1,3,0,1,L,1,1542,5,0,2,4,51,2,72,1,0,0,995,0,0,0,23235,2,2,2,1,4,3,2,1,1,1,1,1,0,0,4,1,1,2,1,0,1,4,60,1,1,1,6,M,98,0,0,0,0,0,0,0,0,0,0,75,70,0,0,0,3,98,999,999,999,9999999,999,999,999,6,0,0,0,0,0,0,995,9.8,998,998,998,99.8,99.8,99.8,145.016295148089,8,4
12843,11,13,1-11-2019-013-01,1,4,1J4FJ58S0NL2,17,2,404,1992,14,3,14,0,1,F,2,1378,5,0,1,1,30,2,72,1,0,1,0,2,0,1,23832,9,9,2,1,4,2,2,1,1,1,1,1,0,0,4,1,1,2,1,0,1,4,62,99,1,1,6,M,98,0,0,0,0,0,0,0,0,0,0,996,996,0,0,0,4,7,999,999,999,9999999,999,999,999,7,0,2,9,0,3,0,996,9.8,998,998,998,99.8,99.8,99.8,145.016295148089,8,4
12844,11,14,1-11-2019-014-03,3,1,3N6CM0KN6FK6,17,35,446,2015,20,4,20,0,1,F,2,1479,5,0,1,1,11,2,97,1,0,0,995,0,9,0,23605,1,2,0,2,3,3,2,1,1,1,3,2,0,0,1,1,0,0,1,1,1,2,12,4,1,4,1,C,11,0,0,0,0,0,0,0,0,0,0,70,70,0,0,0,1,11,999,999,999,9999999,999,999,999,7,0,1,1,0,0,0,995,2.5,120,999,999,5.6,2.5,6.2,1850.93386417477,8,4
12844,11,14,1-11-2019-014-03,3,2,JTJGF10U0101,17,59,401,2001,14,3,14,0,2,B,2,1687,8,0,1,5,13,,,,,,,,,,,,,,,,,,,,,,,,,,,,,,,,,,,,,,,,,,,,,,,,,,,,,,,,,,,,,,,,,,95,95,95,95,,,,,,,,,,1850.93386417477,8,4
12845,24,12,1-24-2019-012-06,6,1,19XFB2F53DE2,17,37,31,2013,4,1,3,0,1,F,1,1236,5,0,1,1,13,2,80,1,0,0,995,0,0,0,08330,1,1,2,4,4,2,2,1,1,1,1,2,0,0,1,1,1,2,1,0,11,2,15,3,1,1,4,J,68,0,0,0,0,0,0,0,0,0,0,260,130,0,0,0,1,3,19,-9,-16,25076,998,-131,16,0,4,1,1,0,4,0,995,9.8,998,998,998,99.8,99.8,99.8,206.495471978779,1,4