CASEID,PSU,CASENO,CASENUMBER,CATEGORY,VEHNO,VIN,VINLENGTH,MAKE,MODEL,MODELYR,BODYTYPE,BODYCAT,VEHCLASS,SPECUSE,TRANSTAT,DAMPLANE,DAMSEV,CURBWT,CURBSRC,CARGOWT,CARGOSRC,INSPTYPE,INSPLAG,TOWED,SPEEDLIMIT,DRPRESENT,PARALCOHOL,ALCTEST,ALCTESTRESULT,ALCTESTSRC,PARDRUG,DRUGTEST,ZIP,RACE,ETHNICITY,RELTOJUNCT,TRAFFLOW,RDLANES,INITLANE,SURFTYPE,SURFCOND,ALIGNMENT,PROFILE,LINERIGHT,LINELEFT,RUMBINIT,RUMBROAD,LIGHTCOND,WEATHER,TRAFDEV,TRAFFUNCT,DISTRACT,PREFHE,PREMOVE,CRITCAT,CRITEVENT,MANEUVER,PRESTAB,PRELOC,CRASHCAT,CRASHCONF,CRASHTYPE,ROLLTYPE,ROLLTURN,ROLLINTRPT,ROLLPREMAN,ROLLINITYP,ROLLINLOC,ROLLOBJ,ROLLTRIP,ROLLDIR,ROLLDIST,DVANGTHIS,DVANGOTH,TOWHITCH,TRAJDOC,TREEPOLE,DVEVENT,DVBASIS,DVTOTAL,DVLONG,DVLAT,DVENERGY,DVSPEED,DVMOMENT,DVBES,DVEST,DVCONF,VAIS,VISS,VINJURED,VTREAT,INITOBJCLASS,HEADANGLECAT,SHLDRWIDTH,STRKLENGTH,STRKWIDTH,STRKHEIGHT,EDGEDISTX,EDGEDISTY,EDGEDISTZ,CASEWGT,PSUSTRAT,VERSION
12881,24,15,1-24-2019-015-03,3,1,1FM5K8AT9HGB,17,12,401,2017,14,3,14,5,1,R,1,2146,5,136,8,1,21,2,56,1,0,0,995,0,0,0,08234,1,2,2,4,2,1,2,2,1,1,0,0,0,0,3,5,2,2,1,1,1,1,5,3,8,4,1,C,14,0,0,0,0,0,0,0,0,0,0,998,998,0,0,1,1,1,7,-5,-4,5429,998,77,7,0,4,1,2,0,4,0,998,0.5,40,35,40,13.6,29.7,34.1,155.022379417522,1,4
12882,29,16,1-29-2019-016-09,9,1,4F2CZ96135KM,17,41,402,2005,14,3,14,0,1,L,1,1502,5,0,1,1,23,2,56,1,8,0,995,0,7,0,02719,1,2,0,4,2,1,2,3,1,1,1,2,0,0,2,2,0,0,1,1,6,1,6,4,2,4,1,A,2,0,0,0,0,0,0,0,0,0,0,998,998,0,0,0,2,1,11,-10,4,9461,998,-78,11,0,4,0,0,0,4,0,998,1.9,120,120,120,99.9,99.9,99.9,913.414338545398,2,4
12883,22,13,1-22-2019-013-03,3,1,1FMCU9G99HUE,17,12,402,2017,14,3,14,0,1,R,1,1668,5,0,1,1,12,2,56,1,8,0,995,0,7,0,83501,1,2,2,4,5,3,2,1,1,2,1,2,0,0,1,1,1,2,2,0,11,2,15,1,1,1,4,J,68,0,0,0,0,0,0,0,0,0,0,130,0,0,0,0,1,1,13,-9,-10,10358,998,-21,12,0,3,0,0,0,0,0,995,9.8,998,998,998,99.8,99.8,99.8,65.9026289373971,12,4
12883,22,13,1-22-2019-013-03,3,2,3GNCJPSB2HL1,17,20,406,2017,14,3,14,0,1,F,1,1476,5,0,1,1,13,2,56,1,8,0,995,0,7,0,83501,1,2,2,4,5,1,2,1,1,4,0,3,0,0,1,1,1,2,1,0,1,4,62,2,1,1,4,J,69,0,0,0,0,0,0,0,0,0,0,0,130,0,0,0,1,1,15,-15,0,15992,998,32,16,0,1,1,1,0,4,0,995,9.8,998,998,998,99.8,99.8,99.8,65.9026289373971,12,4
12884,22,14,1-22-2019-014-09,9,1,JN8AZ08WX3W2,17,35,49,2003,6,1,4,0,1,L,1,1803,5,0,2,1,4,2,40,1,0,0,995,0,0,0,99403,1,2,2,4,2,1,2,1,1,1,0,0,0,0,5,8,2,2,2,0,1,2,17,1,1,1,5,L,89,0,0,0,0,0,0,0,0,0,0,180,270,0,0,0,1,1,12,-4,12,7175,998,109,8,0,1,0,0,0,0,0,995,9.8,998,998,998,99.8,99.8,99.8,247.94476935166,12,4
12884,22,14,1-22-2019-014-09,9,2,JT2BG22K4Y04,17,49,40,2000,4,1,3,0,1,F,1,1360,5,0,2,1,5,2,40,1,0,0,995,0,0,0,83501,1,2,2,4,2,1,2,1,1,4,0,4,0,0,5,8,0,0,1,0,1,4,66,1,1,1,5,L,88,0,0,0,0,0,0,0,0,0,0,270,180,0,0,0,1,1,15,-14,-5,23481,998,-24,20,0,1,1,1,0,6,0,995,9.8,998,998,998,99.8,99.8,99.8,247.94476935166,12,4
12885,22,15,1-22-2019-015-03,3,1,1C4RJFAG0JC2,17,2,422,2018,15,3,15,0,1,F,1,2121,5,0,1,1,11,2,56,1,8,0,995,0,7,0,83501,1,2,2,1,5,3,2,2,1,2,1,2,0,0,1,2,1,2,2,0,11,2,15,2,1,1,4,J,68,0,0,0,0,0,0,0,0,0,0,130,0,0,0,0,1,1,15,-15,-3,37880,998,2,21,0,4,0,0,0,5,0,995,9.8,998,998,998,99.8,99.8,99.8,65.9026289373971,12,4
12885,22,15,1-22-2019-015-03,3,2,1D7HW48N15S2,17,7,472,2005,34,5,31,0,1,L,1,2041,5,50,2,1,8,2,56,1,8,0,995,0,7,0,83634,1,2,2,4,5,1,2,2,1,4,0,3,0,0,1,2,1,2,1,0,1,4,62,1,1,1,4,J,69,0,0,0,0,0,0,0,0,0,0,0,130,0,0,0,1,1,16,-12,10,5300,998,59,7,0,4,0,0,0,0,0,995,9.8,998,998,998,99.8,99.8,99.8,65.9026289373971,12,4
12886,21,13,1-21-2019-013-04,4,1,19XFB2F5XFE0,17,37,31,2015,4,1,3,0,1,R,2,1258,5,0,1,1,13,2,113,1,0,0,995,0,0,0,92311,9,9,1,3,2,1,2,1,2,9,1,2,0,0,2,1,0,0,9,1,14,2,13,7,1,4,1,A,1,0,0,0,0,0,0,0,0,0,0,998,998,0,0,0,1,8,999,999,999,9999999,999,999,999,7,0,0,0,0,0,0,998,2.6,999,999,999,18.1,2.6,18.2,1328.53573299345,11,4
12887,21,14,1-21-2019-014-02,2,1,KMHCT4AEXFU9,17,55,36,2015,4,1,2,0,1,F,1,1155,5,0,1,1,13,2,113,1,0,1,0,2,0,1,83646,1,2,1,1,3,3,2,1,1,9,3,2,1,3,2,1,0,0,3,0,1,3,50,1,1,1,2,D,20,0,0,0,0,0,0,0,0,0,0,70,70,0,0,0,1,5,999,999,999,9999999,999,999,22,2,0,3,22,1,3,0,995,9.8,998,998,998,99.8,99.8,99.8,32.7360487870005,11,4
12887,21,14,1-21-2019-014-02,2,2,1XPBDP9X0KD2,17,87,881,2019,66,8,68,0,1,B,9,,,,,,,5,89,1,0,0,995,0,0,0,84601,9,9,1,1,3,3,2,1,1,9,3,2,1,3,2,1,0,0,1,0,5,3,53,1,1,1,2,D,21,,,,,,,,,,,,,,,,,,,,,,,,,,,95,95,95,95,,,9.8,998,998,998,99.8,99.8,99.8,32.7360487870005,11,4
12889,17,17,1-17-2019-017-07,7,1,5UXWX5C55BL7,17,34,402,2011,14,3,14,0,1,L,1,1865,5,0,1,5,8,2,48,1,9,0,995,0,9,0,61201,9,9,0,4,4,2,2,1,1,1,3,2,0,0,3,1,0,0,9,1,1,2,10,99,1,2,3,I,64,0,0,0,0,0,0,0,0,0,0,180,0,0,0,0,1,12,999,999,999,9999999,999,999,999,6,0,99,99,0,0,0,995,9.8,998,998,998,99.8,99.8,99.8,582.433085125168,4,4
12889,17,17,1-17-2019-017-07,7,2,1GCEC14W0WZ2,17,20,4,1998,2,1,3,0,1,L,9,1460,5,9999,9,0,998,5,48,1,9,0,995,0,9,0,61201,9,9,0,4,4,2,2,1,1,1,2,3,0,0,3,1,0,0,9,0,1,4,62,99,1,1,3,I,65,0,0,0,0,0,0,0,0,0,0,0,180,0,0,0,1,0,999,999,999,9999999,999,999,999,9,0,95,95,95,95,0,995,9.8,998,998,998,99.8,99.8,99.8,582.433085125168,4,4
12890,18,7,1-18-2019-007-03,3,1,1FTPX14515NA,17,12,481,2005,34,5,31,0,1,F,1,2412,5,0,1,1,15,2,72,1,0,0,995,0,0,0,54703,1,2,2,1,3,3,1,2,1,1,3,2,0,0,3,8,1,2,1,0,1,4,62,2,2,1,4,J,69,0,0,0,0,0,0,0,0,0,0,110,250,0,0,0,1,3,13,-13,2,35808,998,90,17,0,4,0,0,0,6,0,995,9.8,998,998,998,99.8,99.8,99.8,235.967080605942,6,4
12890,18,7,1-18-2019-007-03,3,2,KL7CJRSBXFB0,17,20,406,2015,14,3,14,0,1,F,1,1476,5,0,1,1,16,2,72,1,0,0,995,0,0,0,54701,1,2,2,1,3,3,1,2,1,1,1,2,0,0,3,8,1,2,1,0,11,2,15,2,1,1,4,J,68,0,0,0,0,0,0,0,0,0,0,250,110,0,0,0,1,3,22,-19,-11,32121,998,-98,18,0,4,1,1,0,4,0,995,9.8,998,998,998,99.8,99.8,99.8,235.967080605942,6,4
12891,18,8,1-18-2019-008-07,7,1,4T1BF1FK5CU0,17,49,40,2012,4,1,3,0,1,F,1,1441,5,9999,9,4,44,2,56,1,0,0,995,0,0,0,54703,1,2,0,4,2,1,2,5,1,1,1,4,0,0,1,1,0,0,1,0,1,4,62,1,1,1,3,I,66,0,0,0,0,0,0,0,0,0,0,90,110,0,0,0,1,3,18,-18,-3,11782,998,-38,14,0,4,0,0,0,0,0,995,9.8,998,998,998,99.8,99.8,99.8,1047.25534764402,6,4
12891,18,8,1-18-2019-008-07,7,2,1FTEF14Y0SLB,17,12,481,1995,34,5,31,0,1,B,1,1961,5,800,2,1,19,2,56,1,0,0,995,0,0,0,54703,1,2,0,4,2,1,2,5,1,1,1,4,0,0,1,1,0,0,1,1,1,1,5,98,3,2,3,I,66,0,0,0,0,0,0,0,0,0,0,110,90,0,0,0,1,3,10,9,-2,19848,998,68,12,0,4,0,0,0,0,0,995,9.8,998,998,998,99.8,99.8,99.8,1047.25534764402,6,4
12893,30,16,1-30-2019-016-03,3,1,2HGFC3A52HH7,17,37,31,2017,2,1,3,0,1,F,1,1313,5,0,1,1,14,2,64,1,0,0,995,0,0,0,85016,1,2,0,5,6,3,2,2,1,1,3,2,0,0,1,2,0,0,1,0,1,3,50,2,1,1,2,D,20,0,0,0,0,0,0,0,0,0,0,100,100,0,0,0,1,3,14,-14,0,10592,998,0,14,0,4,1,1,0,6,0,995,9.8,998,998,998,99.8,99.8,99.8,269.010751891133,10,4
12893,30,16,1-30-2019-016-03,3,2,1C4PJLLN8KD2,17,2,404,2019,14,3,14,0,1,B,1,1658,5,9999,9,0,998,5,64,1,0,0,995,0,0,0,86047,9,9,0,5,6,3,2,2,1,1,3,2,0,0,1,2,0,0,1,0,5,3,53,1,1,1,2,D,21,0,0,0,0,0,0,0,0,0,0,100,100,0,0,0,1,3,12,12,0,8006,998,0,11,0,4,95,95,95,95,0,995,9.8,998,998,998,99.8,99.8,99.8,269.010751891133,10,4
12893,30,16,1-30-2019-016-03,3,3,SAJWA1CB9BLV,17,39,32,2011,4,1,5,0,1,B,9,1755,5,9999,9,0,998,5,64,1,0,0,995,0,0,0,85258,9,9,0,5,6,3,2,2,1,1,3,2,0,0,1,2,0,0,1,0,5,3,53,99,1,1,6,M,98,0,0,0,0,0,0,0,0,0,0,100,100,0,0,0,2,0,999,999,999,9999999,999,999,999,9,0,95,95,95,95,0,995,9.8,998,998,998,99.8,99.8,99.8,269.010751891133,10,4
12895,21,15,1-21-2019-015-06,6,1,3TMJU4GN0EM1,17,49,472,2014,34,5,30,0,1,F,1,1764,8,0,2,1,22,2,105,1,0,0,995,0,0,0,92374,9,1,0,2,4,4,1,2,3,9,3,2,0,0,1,2,0,0,1,1,14,1,6,4,3,4,1,B,7,0,0,0,0,0,0,0,0,0,0,999,999,0,0,0,1,98,999,999,999,9999999,999,999,999,6,0,1,2,0,4,0,999,2.7,120,999,999,75.0,6.0,75.0,505.236838677506,11,4
12895,21,15,1-21-2019-015-06,6,2,WAUBFAFL5EA0,17,32,43,2014,4,1,4,0,1,R,1,1640,5,0,2,4,16,2,105,1,0,0,995,0,0,0,92337,9,1,0,2,5,5,1,2,3,9,3,2,0,0,1,2,0,0,1,0,7,3,52,1,1,1,6,M,98,0,0,0,0,0,0,0,0,0,0,270,95,0,0,0,3,8,999,999,999,9999999,999,999,999,6,0,1,3,0,6,0,995,9.8,998,998,998,99.8,99.8,99.8,505.236838677506,11,4
12896,15,14,1-15-2019-014-04,4,1,4T1BE32K14U8,17,49,40,2004,4,1,3,0,1,F,9,1455,5,9999,9,0,998,5,48,1,8,9,998,8,7,9,11803,9,9,2,4,2,1,2,1,1,1,0,0,0,0,1,1,2,2,9,0,1,2,17,99,1,1,5,L,86,0,0,0,0,0,0,0,0,0,0,90,180,0,0,0,1,0,999,999,999,9999999,999,999,999,9,0,95,95,95,95,0,995,9.8,998,998,998,99.8,99.8,99.8,1117.33642092404,1,4
12896,15,14,1-15-2019-014-04,4,2,1G1YA2D70G51,17,20,4,2016,2,1,3,0,1,R,9,1497,5,9999,9,0,998,2,48,1,8,9,998,8,7,9,11804,9,9,2,4,2,1,2,1,1,1,0,2,0,0,1,1,0,0,9,0,1,4,66,99,1,1,5,L,87,0,0,0,0,0,0,0,0,0,0,180,90,0,0,0,1,0,999,999,999,9999999,999,999,999,9,0,99,99,0,99,0,995,9.8,998,998,998,99.8,99.8,99.8,1117.33642092404,1,4
12897,15,15,1-15-2019-015-03,3,1,JTHCK262X720,17,59,35,2007,4,1,3,0,1,F,2,1656,5,9999,9,4,18,2,56,1,8,0,995,0,7,0,11572,9,9,2,1,2,1,2,1,2,1,0,3,0,0,1,1,1,2,9,0,14,4,62,99,1,1,4,J,69,0,0,0,0,0,0,0,0,0,0,85,215,0,0,0,1,12,999,999,999,9999999,999,999,999,7,0,1,1,0,4,0,995,9.8,998,998,998,99.8,99.8,99.8,383.536145097283,1,4
12897,15,15,1-15-2019-015-03,3,2,5UXTR9C55KLE,17,34,402,2019,14,3,14,0,1,F,2,1883,5,0,2,4,18,2,56,1,8,0,995,0,7,0,11236,2,2,2,4,5,3,2,1,1,1,1,2,0,0,1,1,1,2,1,0,11,2,15,1,1,1,4,J,68,0,0,0,0,0,0,0,0,0,0,215,85,0,0,0,1,12,999,999,999,9999999,999,999,999,7,0,0,0,0,0,0,995,9.8,998,998,998,99.8,99.8,99.8,383.536145097283,1,4
12898,10,6,1-10-2019-006-04,4,1,5TDJKRFH8GS2,17,49,403,2016,14,3,14,0,1,F,1,2035,5,0,1,1,7,2,0,1,0,0,995,0,0,0,45458,1,2,2,4,3,2,2,1,1,1,1,2,0,0,1,8,2,2,1,1,4,2,15,2,1,2,4,K,82,0,0,0,0,0,0,0,0,0,0,135,275,0,0,0,1,3,15,-15,0,31299,998,45,19,0,4,0,0,0,0,0,995,9.8,998,998,998,99.8,99.8,99.8,1028.76039101132,4,4
12898,10,6,1-10-2019-006-04,4,2,1FTYR14DX8PB,17,12,471,2008,34,5,30,0,1,F,1,1502,5,0,1,1,13,2,56,1,0,0,995,0,0,0,45458,1,2,2,5,5,3,2,1,1,1,4,4,0,0,1,8,0,0,1,0,5,4,67,1,1,1,4,K,83,0,0,0,0,0,0,0,0,0,0,275,135,0,0,0,1,3,20,-16,-13,35007,998,-137,18,0,4,0,0,0,0,0,995,9.8,998,998,998,99.8,99.8,99.8,1028.76039101132,4,4
12899,10,7,1-10-2019-007-08,8,1,1HGCD5605VA1,17,37,32,1997,4,1,3,0,1,F,3,1370,5,0,1,1,5,2,40,1,1,1,274,2,0,0,45401,2,9,2,4,2,1,3,1,1,1,0,0,0,0,3,1,2,2,1,1,1,2,12,99,1,4,1,B,6,0,0,0,0,0,0,0,0,0,0,998,998,0,1,0,1,1,50,-50,0,139962,998,0,50,0,1,4,26,1,3,0,998,0.0,120,50,100,0.0,0.0,0.0,270.819787317434,4,4
12901,33,15,1-33-2019-015-09,9,1,WDBRF64J65F5,17,42,42,2005,4,1,3,0,1,L,1,1565,5,0,1,2,12,5,56,1,0,0,995,0,0,0,95948,9,9,3,4,2,1,2,1,1,1,0,0,0,0,1,8,0,0,2,0,11,2,15,1,1,7,4,K,82,0,0,0,0,0,0,0,0,0,0,80,175,0,1,0,1,1,18,-6,17,15515,998,-53,15,0,1,95,95,95,95,0,995,9.8,998,998,998,99.8,99.8,99.8,136.359569149847,12,4
12901,33,15,1-33-2019-015-09,9,2,1B4GP54L2VB2,17,7,442,1997,20,4,20,0,1,F,1,1671,5,0,1,1,14,2,56,1,0,0,995,0,0,0,95991,1,2,3,5,5,2,2,1,1,1,3,2,0,0,1,8,0,0,1,0,1,4,72,3,1,1,4,K,83,0,0,0,0,0,0,0,0,0,0,175,80,0,0,0,1,1,14,-14,-2,22731,998,-52,16,0,4,1,1,0,6,0,995,9.8,998,998,998,99.8,99.8,99.8,136.359569149847,12,4
12902,31,9,1-31-2019-009-10,10,1,1GNDT13W0V21,17,20,401,1997,14,3,14,0,1,T,2,1793,5,0,1,1,5,2,89,1,0,0,995,0,0,0,62821,9,9,0,4,2,1,2,5,1,1,1,4,2,3,2,2,0,0,9,1,1,1,6,99,4,4,1,B,7,1,5,2,2,1,4,61,1,1,17,997,997,0,0,0,1,6,999,999,999,9999999,999,999,999,7,0,99,99,0,99,3,997,9.8,998,998,998,99.8,99.8,99.8,301.212188506147,6,4
12903,30,18,1-30-2019-018-04,4,1,1G6KD57Y83U1,17,19,3,2003,4,1,5,0,1,R,1,1804,5,0,1,1,36,2,64,1,0,0,995,0,0,0,85302,1,2,2,4,6,1,2,2,1,1,0,3,0,0,1,8,0,0,1,0,11,2,15,1,1,1,4,J,68,0,0,0,0,0,0,0,0,0,0,290,180,0,0,0,1,3,14,-2,-14,32858,998,169,15,0,4,1,1,0,6,0,995,9.8,998,998,998,99.8,99.8,99.8,754.017721637519,10,4
12903,30,18,1-30-2019-018-04,4,2,1N4AL3APXGN3,17,35,47,2016,4,1,4,0,1,F,1,1453,5,9999,9,0,998,2,64,1,0,0,995,0,0,0,85302,9,9,2,5,6,2,2,2,1,1,3,2,0,0,1,8,0,0,1,0,1,4,62,99,1,1,4,J,69,0,0,0,0,0,0,0,0,0,0,180,290,0,0,0,1,3,17,-16,-3,13286,998,-38,15,0,4,0,0,0,0,0,995,9.8,998,998,998,99.8,99.8,99.8,754.017721637519,10,4
12904,20,12,1-20-2019-012-04,4,1,1FTEW1EG6JFE,17,12,481,2018,34,5,31,0,1,F,9,9999,9,9999,9,0,998,2,999,1,1,8,997,8,0,0,95076,9,1,2,4,6,4,2,2,1,4,3,2,0,0,3,2,1,2,9,0,11,2,15,1,1,1,4,J,68,0,0,0,0,0,0,0,0,0,0,115,325,0,0,0,1,0,999,999,999,9999999,999,999,999,9,0,0,0,0,0,0,995,9.8,998,998,998,99.8,99.8,99.8,1180.03652750389,11,4
12904,20,12,1-20-2019-012-04,4,2,999999999999,99,12,481,1963,39,5,39,0,1,F,1,9999,9,9999,9,5,28,5,999,1,0,0,995,0,0,0,95076,9,9,2,4,5,1,2,2,1,2,3,0,0,0,3,2,1,2,9,0,1,4,62,99,1,1,4,J,69,0,0,0,0,0,0,0,0,0,0,325,115,0,0,0,1,12,999,999,999,9999999,999,999,999,6,0,95,95,95,95,0,995,9.8,998,998,998,99.8,99.8,99.8,1180.03652750389,11,4
12910,11,15,1-11-2019-015-06,6,1,2T3DF4DV6AW0,17,49,402,2010,14,3,14,0,1,R,1,1579,5,0,2,3,47,2,72,1,0,0,995,0,0,0,23113,1,2,0,4,2,1,2,1,1,1,0,2,0,0,1,1,0,0,3,1,1,2,13,2,1,4,1,B,6,1,2,2,2,3,3,31,9,1,6,997,997,0,0,0,2,6,999,999,999,9999999,999,999,999,6,0,0,0,0,4,2,997,2.0,11,12,61,3.5,1.4,3.3,1360.61025491139,8,4
12911,11,16,1-11-2019-016-02,2,1,1FA6P8AM7G52,17,12,3,2016,2,1,3,0,1,T,1,1598,5,0,1,1,15,2,105,1,0,1,0,2,0,1,23875,1,2,0,1,2,2,2,1,1,1,3,2,1,3,1,1,0,0,1,1,15,2,11,1,1,2,2,F,46,1,4,2,5,1,1,61,1,2,999,997,997,0,0,0,3,6,999,999,999,9999999,999,999,999,6,0,4,21,1,3,3,997,9.8,998,998,998,99.8,99.8,99.8,81.8228818166149,8,4
12911,11,16,1-11-2019-016-02,2,2,999999999999,99,99,898,9999,78,8,78,99,1,L,9,,,,,,,5,105,1,9,0,995,0,9,0,99999,9,9,0,1,2,1,2,1,1,1,1,3,2,3,1,1,0,0,9,0,1,4,60,99,1,1,2,F,45,,,,,,,,,,,,,,,,,,,,,,,,,,,95,95,95,95,,,9.8,998,998,998,99.8,99.8,99.8,81.8228818166149,8,4
12912,11,17,1-11-2019-017-05,5,1,1VWBP7A39DC1,17,30,46,2013,4,1,4,0,1,F,3,1436,5,0,1,1,12,2,72,1,0,1,0,2,0,1,23224,9,9,0,1,7,2,2,1,1,1,1,3,0,0,3,1,0,0,3,1,1,2,13,1,1,4,1,A,1,0,0,0,0,0,0,0,0,0,0,998,998,0,0,0,1,10,999,999,999,9999999,999,-30,47,4,0,3,14,1,3,0,998,3.0,120,48,110,14.0,2.0,14.0,105.115102507122,8,4
12913,77,14,1-77-2019-014-03,3,1,5NPD74LFXHH1,17,55,35,2017,8,1,3,0,1,F,2,1275,5,0,1,1,10,2,72,1,0,0,995,0,0,0,23093,9,9,2,1,3,3,2,2,1,1,1,2,0,0,1,2,1,2,1,0,11,2,15,99,1,1,4,J,68,0,0,0,0,0,0,0,0,0,0,180,50,0,0,0,1,1,33,-28,-16,108808,998,-96,38,0,4,9,97,0,0,0,995,9.8,998,998,998,99.8,99.8,99.8,209.018759228577,9,4
12913,77,14,1-77-2019-014-03,3,2,1C4AJWAG7CL1,17,2,403,2012,14,3,14,0,1,F,1,1759,5,0,1,1,19,2,72,1,0,0,995,0,0,0,22903,9,9,2,1,2,2,2,2,1,1,1,2,0,0,1,2,1,2,1,0,1,4,62,4,1,1,4,J,69,0,0,0,0,0,0,0,0,0,0,50,180,0,0,0,1,1,24,-23,8,19240,998,35,16,0,4,0,0,0,0,0,995,9.8,998,998,998,99.8,99.8,99.8,209.018759228577,9,4
12915,77,16,1-77-2019-016-10,10,1,JTDBR32EX701,17,49,32,2007,4,1,2,0,1,R,1,1135,5,0,1,1,35,2,40,1,0,0,995,0,0,0,22903,1,2,0,4,3,1,2,2,1,2,0,2,0,0,1,2,0,0,1,0,11,2,15,1,1,2,4,J,68,0,0,0,0,0,0,0,0,0,0,190,95,0,0,0,1,1,20,0,-20,20547,998,-62,19,0,4,0,0,0,0,0,995,9.8,998,998,998,99.8,99.8,99.8,4759.02715052186,9,4
12915,77,16,1-77-2019-016-10,10,2,1HGCD5639TA1,17,37,32,1996,4,1,3,0,1,F,1,1275,5,0,1,1,34,2,40,1,0,0,995,0,0,0,23123,9,9,3,4,3,1,2,2,1,4,0,2,0,0,1,2,1,2,1,0,1,4,62,99,1,1,4,J,69,0,0,0,0,0,0,0,0,0,0,95,190,0,0,0,1,1,18,-18,0,18914,998,0,19,0,1,0,0,0,0,0,995,9.8,998,998,998,99.8,99.8,99.8,4759.02715052186,9,4
12916,24,16,1-24-2019-016-03,3,1,4T1BG22K11U0,17,49,40,2001,4,1,3,0,1,L,1,1345,5,9999,9,0,998,2,80,1,0,0,995,0,0,0,08205,3,2,2,1,2,1,2,3,1,1,1,2,0,0,1,8,0,0,1,1,1,1,5,2,3,2,3,I,64,0,0,0,0,0,0,0,0,0,0,195,250,0,0,0,1,3,24,8,23,36616,998,15,26,0,4,0,0,0,0,0,995,9.8,998,998,998,99.8,99.8,99.8,131.960520376897,1,4
12916,24,16,1-24-2019-016-03,3,2,5GAKVBKD1GJ2,17,18,421,2016,15,3,15,0,1,F,1,2233,5,0,1,1,29,2,80,1,0,0,995,0,0,0,08755,1,2,2,1,2,1,2,3,1,1,1,2,0,0,1,8,0,0,1,0,1,4,62,2,1,1,3,I,65,0,0,0,0,0,0,0,0,0,0,250,195,0,0,0,1,3,15,-14,-3,13843,998,5,12,0,4,0,0,0,5,0,995,9.8,998,998,998,99.8,99.8,99.8,131.960520376897,1,4
12917,24,17,1-24-2019-017-10,10,1,3FAHP07Z19R1,17,12,23,2009,4,1,3,0,1,F,1,1429,5,0,1,1,7,2,56,1,1,1,230,1,0,0,07501,2,2,1,4,6,2,2,1,3,1,1,3,0,0,2,1,0,0,1,1,14,2,13,3,1,4,1,A,1,0,0,0,0,0,0,0,0,0,0,998,998,0,0,0,1,1,13,-13,0,10091,998,-36,13,0,4,0,0,0,0,0,998,2.0,120,29,91,3.2,2.0,3.7,2343.16854044423,1,4
12919,73,8,1-73-2019-008-01,1,1,3VW2K7AJ9EM3,17,30,40,2014,4,1,3,0,1,F,2,1307,5,9999,9,4,30,2,89,1,1,1,117,2,7,0,04920,9,9,0,4,2,1,2,3,2,1,1,4,0,0,2,1,0,0,9,1,14,2,10,99,1,2,3,G,50,0,0,0,0,0,0,0,0,0,0,200,20,0,0,0,1,12,999,999,999,9999999,999,999,999,7,0,3,17,1,3,0,995,9.8,998,998,998,99.8,99.8,99.8,42.5012182742413,3,4
12919,73,8,1-73-2019-008-01,1,2,4T1BE46KX7U0,17,49,40,2007,4,1,3,0,1,F,2,1490,5,9999,9,4,30,2,89,1,8,8,997,8,0,3,04942,9,9,0,4,2,1,2,3,3,1,1,4,0,0,2,1,0,0,9,0,14,4,62,99,1,1,3,G,51,0,0,0,0,0,0,0,0,0,0,20,200,0,0,0,1,12,999,999,999,9999999,999,999,999,7,0,3,10,1,1,0,995,9.8,998,998,998,99.8,99.8,99.8,42.5012182742413,3,4
12920,73,9,1-73-2019-009-03,3,1,1GC0KUEG6HZ2,17,20,481,2017,34,5,31,0,1,F,1,2704,5,91,1,1,8,2,89,1,0,0,995,0,0,0,04426,9,9,0,4,2,1,2,1,1,1,1,4,0,0,5,1,0,0,1,0,1,6,87,99,1,1,1,C,13,0,0,0,0,0,0,0,0,0,0,998,998,0,0,0,1,10,999,999,999,9999999,999,999,999,6,0,0,0,0,5,0,998,9.8,998,998,998,99.8,99.8,99.8,104.609533971565,3,4
12921,23,16,1-23-2019-016-02,2,1,1G1ZD5ST3JF2,17,20,37,2018,4,1,4,0,1,F,1,1400,5,0,1,1,40,2,56,1,0,0,995,0,0,0,43015,9,9,0,4,3,1,2,1,1,1,1,2,0,0,1,1,0,0,3,1,1,2,10,99,1,2,3,I,64,0,0,0,0,0,0,0,0,0,0,300,140,0,0,0,1,3,13,-13,2,6975,998,37,11,0,4,9,97,0,8,0,995,1.0,35,35,-120,10.0,5.0,11.0,56.2593164599354,5,4
12921,23,16,1-23-2019-016-02,2,2,1FAFP56S04A1,17,12,17,2004,4,1,3,0,1,L,1,1500,5,0,1,1,14,2,56,1,0,0,995,0,0,0,43061,9,9,0,4,3,1,2,1,1,1,1,1,0,0,1,1,0,0,1,0,1,4,62,99,1,1,3,I,65,0,0,0,0,0,0,0,0,0,0,140,300,0,0,0,1,3,12,-11,6,16249,998,-95,14,0,4,0,0,0,0,0,995,9.8,998,998,998,99.8,99.8,99.8,56.2593164599354,5,4
12922,23,17,1-23-2019-017-06,6,1,1C4BJWEG4DL5,17,2,403,2013,14,3,14,0,1,F,1,1994,5,9999,9,5,3,2,113,1,1,2,996,1,0,0,43026,9,9,0,2,3,3,2,1,1,1,3,2,1,3,2,8,0,0,3,1,1,2,12,1,1,4,1,B,6,0,0,0,0,0,0,0,0,0,0,998,998,0,0,0,1,12,999,999,999,9999999,999,999,999,6,0,9,97,0,5,0,998,2.1,8,8,96,2.0,1.0,2.0,1385.04482984387,5,4