CASEID,PSU,CASENO,CASENUMBER,CATEGORY,VEHNO,VIN,VINLENGTH,MAKE,MODEL,MODELYR,BODYTYPE,BODYCAT,VEHCLASS,SPECUSE,TRANSTAT,DAMPLANE,DAMSEV,CURBWT,CURBSRC,CARGOWT,CARGOSRC,INSPTYPE,INSPLAG,TOWED,SPEEDLIMIT,DRPRESENT,PARALCOHOL,ALCTEST,ALCTESTRESULT,ALCTESTSRC,PARDRUG,DRUGTEST,ZIP,RACE,ETHNICITY,RELTOJUNCT,TRAFFLOW,RDLANES,INITLANE,SURFTYPE,SURFCOND,ALIGNMENT,PROFILE,LINERIGHT,LINELEFT,RUMBINIT,RUMBROAD,LIGHTCOND,WEATHER,TRAFDEV,TRAFFUNCT,DISTRACT,PREFHE,PREMOVE,CRITCAT,CRITEVENT,MANEUVER,PRESTAB,PRELOC,CRASHCAT,CRASHCONF,CRASHTYPE,ROLLTYPE,ROLLTURN,ROLLINTRPT,ROLLPREMAN,ROLLINITYP,ROLLINLOC,ROLLOBJ,ROLLTRIP,ROLLDIR,ROLLDIST,DVANGTHIS,DVANGOTH,TOWHITCH,TRAJDOC,TREEPOLE,DVEVENT,DVBASIS,DVTOTAL,DVLONG,DVLAT,DVENERGY,DVSPEED,DVMOMENT,DVBES,DVEST,DVCONF,VAIS,VISS,VINJURED,VTREAT,INITOBJCLASS,HEADANGLECAT,SHLDRWIDTH,STRKLENGTH,STRKWIDTH,STRKHEIGHT,EDGEDISTX,EDGEDISTY,EDGEDISTZ,CASEWGT,PSUSTRAT,VERSION
13065,24,25,1-24-2019-025-03,3,1,KNMAT2MV9JP5,17,35,51,2018,6,1,3,0,1,F,2,1610,5,0,1,1,13,2,80,1,0,0,995,0,0,0,08215,2,2,0,4,2,1,2,2,1,1,1,2,0,0,2,2,0,0,9,1,1,2,13,3,9,4,1,A,1,0,0,0,0,0,0,0,0,0,0,998,998,0,0,7,1,12,999,999,999,9999999,999,999,999,7,0,1,1,0,4,0,998,0.0,999,999,999,4.1,1.5,4.2,217.439928374411,1,4
13066,73,11,1-73-2019-011-03,3,1,3GCUKREC9HG4,17,20,481,2017,34,5,31,5,2,F,1,2394,5,0,1,5,12,,,,,,,,,,,,,,,,,,,,,,,,,,,,,,,,,,,,,,,,,,,,,,,,,,,,,,,,,,,,,,,,,,95,95,95,95,,,,,,,,,,49.4947698052186,3,4
13066,73,11,1-73-2019-011-03,3,2,3N1AB7AP6JL6,17,35,43,2018,4,1,3,0,1,F,1,1300,5,0,1,5,14,2,56,1,0,0,995,0,0,0,04958,9,9,0,4,2,1,2,1,1,4,0,2,0,0,2,1,0,0,1,1,1,2,13,99,1,4,1,C,11,0,0,0,0,0,0,0,0,0,0,255,70,0,0,0,1,12,999,999,999,9999999,999,999,999,6,0,99,99,0,5,0,995,9.8,998,998,998,99.8,99.8,99.8,49.4947698052186,3,4
13067,73,12,1-73-2019-012-09,9,1,1J4GR48K85C6,17,2,404,2005,14,3,14,0,1,L,1,2014,5,0,1,1,7,2,56,1,0,0,995,0,0,0,04976,1,2,3,4,2,1,2,1,1,1,0,0,0,0,1,1,0,0,2,0,1,2,17,99,1,1,5,L,89,0,0,0,0,0,0,0,0,0,0,270,355,0,1,0,1,1,20,-3,20,26254,998,25,18,0,1,1,2,0,4,0,995,9.8,998,998,998,99.8,99.8,99.8,186.766905324872,3,4
13067,73,12,1-73-2019-012-09,9,2,3GNDA23P26S5,17,20,23,2006,6,1,2,0,1,F,2,1440,5,0,1,1,6,2,40,1,0,0,995,0,0,0,04954,9,9,3,4,2,1,2,1,1,2,1,2,0,0,1,1,0,0,9,0,1,4,71,99,1,1,5,L,88,0,0,0,0,0,0,0,0,0,0,355,270,0,1,0,1,1,27,-27,-5,52729,998,-22,29,0,1,1,1,0,4,0,995,9.8,998,998,998,99.8,99.8,99.8,186.766905324872,3,4
13068,25,12,1-25-2019-012-06,6,1,4M2EN4HE7AUJ,17,14,401,2010,14,3,14,0,1,T,2,2100,5,0,1,1,12,2,97,1,1,1,146,2,0,1,04086,9,9,0,2,2,2,2,1,1,1,3,2,0,0,2,1,0,0,3,1,1,2,11,99,1,2,6,M,98,1,7,1,2,1,4,61,1,2,31,997,997,0,0,0,2,6,999,999,999,9999999,999,999,999,7,0,1,1,0,6,3,997,3.7,999,999,999,99.9,99.9,99.9,86.4003078814238,2,4
13068,25,12,1-25-2019-012-06,6,2,1GHDX03E31D2,17,21,441,2001,20,4,20,0,1,9,1,1791,5,9999,9,0,998,5,97,1,8,0,995,0,7,0,04011,9,9,0,2,2,1,2,1,1,1,1,3,0,0,2,1,0,0,1,0,1,4,60,99,1,1,6,M,98,0,0,0,0,0,0,0,0,0,0,180,180,0,0,0,1,3,14,14,2,14348,998,-50,14,0,4,95,95,95,95,0,995,9.8,998,998,998,99.8,99.8,99.8,86.4003078814238,2,4
13069,25,13,1-25-2019-013-03,3,1,1GNSKDEC2HR3,17,20,421,2017,15,3,15,5,1,T,1,2515,5,0,1,1,4,2,105,1,8,0,995,0,7,0,04032,1,2,0,3,2,2,2,6,2,9,3,1,1,3,2,10,0,0,1,1,14,1,6,1,2,4,1,A,2,1,8,2,1,1,2,61,1,2,999,997,997,0,0,0,2,6,999,999,999,9999999,999,999,999,6,0,1,1,0,4,3,997,4.0,999,999,999,1.6,0.5,1.7,69.9405789876063,2,4
13070,23,19,1-23-2019-019-10,10,1,1G1ZT54825F1,17,20,37,2005,4,1,3,0,1,T,9,1625,5,9999,9,0,998,2,89,1,0,0,995,0,0,0,43334,9,9,0,4,2,1,2,5,1,1,0,0,0,0,1,1,0,0,9,0,5,3,53,1,1,1,6,M,98,0,0,0,0,0,0,0,0,0,0,996,996,0,0,0,3,0,999,999,999,9999999,999,999,999,9,0,99,99,0,99,0,996,9.8,998,998,998,99.8,99.8,99.8,7445.08740263022,5,4
13070,23,19,1-23-2019-019-10,10,2,1FTYR14XXWPB,17,12,471,1998,34,5,30,0,1,T,9,1497,4,9999,9,0,998,2,89,1,0,0,995,0,0,0,43334,9,9,0,4,2,1,2,5,1,1,0,0,0,0,1,1,0,0,9,1,1,1,6,99,3,4,1,A,2,1,2,1,2,1,4,61,1,2,7,996,996,0,0,0,2,0,999,999,999,9999999,999,999,999,9,0,0,0,0,0,3,996,1.2,120,120,96,24.0,3.0,24.0,7445.08740263022,5,4
13071,23,20,1-23-2019-020-09,9,1,3C8FY4BB61T3,17,6,52,2001,6,1,2,0,1,F,9,1421,5,9999,9,0,998,2,72,1,0,0,995,0,0,0,43015,9,9,0,4,2,1,2,3,3,1,1,2,0,0,5,4,0,0,9,1,14,1,9,99,2,4,1,A,2,1,2,2,2,99,4,60,9,9,999,998,998,0,0,0,1,0,999,999,999,9999999,999,999,999,9,0,9,97,0,4,3,998,1.0,999,999,999,6.0,5.0,8.0,1275.85259641058,5,4
13072,48,11,1-48-2019-011-04,4,1,2T2BK1BA7FC3,17,59,403,2015,14,3,14,0,1,F,2,1970,5,0,2,3,10,2,129,1,0,0,995,0,0,0,84095,3,2,0,2,2,2,2,1,1,1,3,2,1,3,2,8,0,0,1,0,1,6,87,1,1,1,1,C,13,0,0,0,0,0,0,0,0,0,0,998,998,0,1,0,1,10,999,999,999,9999999,999,999,999,7,0,0,0,0,0,0,998,9.8,998,998,998,99.8,99.8,99.8,976.238904803076,12,4
13073,48,12,1-48-2019-012-09,9,1,WBAEU33462PF,17,34,34,2002,4,1,3,0,1,F,1,1470,5,0,1,1,11,2,40,1,0,9,998,8,1,3,84302,1,2,3,4,2,1,2,1,1,1,1,3,0,0,4,1,0,0,3,1,1,2,10,1,1,4,1,C,11,0,0,0,0,0,0,0,0,0,0,70,270,0,1,0,1,1,15,-15,0,15369,998,-53,15,0,1,1,1,0,4,0,995,9.8,998,998,998,99.8,99.8,99.8,1148.08978195715,12,4
13073,48,12,1-48-2019-012-09,9,2,4T1BG22K61U8,17,49,40,2001,4,1,3,0,2,F,1,1345,5,0,2,5,11,,,,,,,,,,,,,,,,,,,,,,,,,,,,,,,,,,,,,,,,,,,,,,,,,,,,,,,,,,,,,,,,,,95,95,95,95,,,,,,,,,,1148.08978195715,12,4
13074,10,11,1-10-2019-011-06,6,1,1G4PS5SK8C42,17,18,25,2012,4,1,3,0,1,F,1,1497,5,9999,9,1,6,2,56,1,1,8,997,8,0,0,45402,9,9,0,1,2,1,2,1,1,1,1,3,0,0,3,1,0,0,1,1,1,2,13,1,1,4,1,A,1,0,0,0,0,0,0,0,0,0,0,230,230,0,0,0,2,3,17,-17,0,17384,998,30,17,0,4,0,0,0,8,0,995,9.8,998,998,998,99.8,99.8,99.8,239.973364528219,4,4
13074,10,11,1-10-2019-011-06,6,2,2G1WC5815693,17,20,2,2006,4,1,4,0,2,L,9,1630,5,9999,9,0,998,,,,,,,,,,,,,,,,,,,,,,,,,,,,,,,,,,,,,,,,,,,,,,,,,,,,,,,,,,,,,,,,,,95,95,95,95,,,,,,,,,,239.973364528219,4,4
13074,10,11,1-10-2019-011-06,6,3,3N1AB7AP1KY2,17,35,43,2019,4,1,3,0,2,B,1,1300,5,9999,9,0,998,,,,,,,,,,,,,,,,,,,,,,,,,,,,,,,,,,,,,,,,,,,,,,,,,,,,,,,,,,,,,,,,,,95,95,95,95,,,,,,,,,,239.973364528219,4,4
13074,10,11,1-10-2019-011-06,6,4,1G8AJ55F56Z1,17,24,7,2006,4,1,2,0,2,B,1,1221,5,0,1,5,10,,,,,,,,,,,,,,,,,,,,,,,,,,,,,,,,,,,,,,,,,,,,,,,,,,,,,,,,,,,,,,,,,,95,95,95,95,,,,,,,,,,239.973364528219,4,4
13075,32,22,1-32-2019-022-02,2,1,NMTKHMBX2JR0,17,49,405,2018,14,3,14,0,1,B,1,1497,5,0,1,1,21,2,105,1,0,0,995,0,0,0,75043,1,1,0,2,4,3,2,1,1,4,3,3,0,0,3,1,0,0,9,0,2,3,53,1,1,1,2,D,21,0,0,0,0,0,0,0,0,0,0,100,90,0,0,0,1,3,24,24,0,26564,998,0,21,0,4,1,2,0,4,0,995,9.8,998,998,998,99.8,99.8,99.8,38.3547604389841,7,4
13075,32,22,1-32-2019-022-02,2,2,1C6RD6GT8CS1,17,7,482,2012,34,5,31,0,1,F,1,2295,5,0,1,5,22,2,105,1,0,0,995,0,0,0,75135,1,1,0,2,4,3,2,1,1,4,3,3,0,0,3,1,0,0,2,0,1,3,50,3,1,1,2,D,20,0,0,0,0,0,0,0,0,0,0,90,100,0,0,0,1,3,16,-16,-3,34478,998,-44,19,0,4,0,0,0,0,0,995,9.8,998,998,998,99.8,99.8,99.8,38.3547604389841,7,4
13076,32,23,1-32-2019-023-03,3,1,JM3ER2W3XA03,17,41,53,2010,5,1,3,0,1,B,9,1588,5,9999,9,6,58,2,97,1,0,0,995,0,0,0,79605,2,2,0,2,5,3,2,1,2,9,3,3,0,0,2,1,0,0,1,0,5,3,53,1,1,1,6,M,98,0,0,0,0,0,0,0,0,0,0,300,280,0,0,0,2,12,999,999,999,9999999,999,999,999,9,0,1,1,0,4,0,995,9.8,998,998,998,99.8,99.8,99.8,949.015333387374,7,4
13076,32,23,1-32-2019-023-03,3,2,4T1BD1EB6JU0,17,49,43,2018,4,1,4,0,1,B,2,1610,5,0,1,1,23,2,97,1,0,0,995,0,0,0,75063,1,2,0,2,5,3,2,1,2,9,3,3,0,0,2,1,0,0,9,0,5,3,53,99,1,1,2,D,21,0,0,0,0,0,0,0,0,0,0,300,290,0,0,0,1,5,999,999,999,9999999,999,999,39,3,0,1,1,0,4,0,995,9.8,998,998,998,99.8,99.8,99.8,949.015333387374,7,4
13076,32,23,1-32-2019-023-03,3,3,JNALC20H4WGH,17,98,808,1998,62,8,60,0,1,F,9,,,,,,,2,97,1,0,0,995,0,0,0,75254,9,9,0,2,5,3,2,1,2,9,3,3,0,0,2,1,0,0,9,0,14,3,50,99,1,1,2,D,20,,,,,,,,,,,,,,,,,,,,,,,,,,,95,95,95,95,,,9.8,998,998,998,99.8,99.8,99.8,949.015333387374,7,4
13077,32,24,1-32-2019-024-02,2,1,2C3CA6CT6BH5,17,6,51,2011,4,1,5,0,1,F,9,1937,5,9999,9,0,998,5,72,1,0,0,995,0,0,0,75234,9,9,2,3,3,3,1,1,1,1,3,2,0,0,1,1,1,2,9,1,1,2,11,99,1,2,4,J,73,0,0,0,0,0,0,0,0,0,0,285,245,0,0,0,1,0,999,999,999,9999999,999,999,999,9,0,95,95,95,95,0,995,9.8,998,998,998,99.8,99.8,99.8,38.3547604389841,7,4
13077,32,24,1-32-2019-024-02,2,2,KMHDH4AE7FU3,17,55,35,2015,4,1,3,0,1,L,9,1305,5,0,1,6,29,2,72,1,0,0,995,0,0,0,75007,1,2,2,3,3,2,1,1,1,1,3,3,0,0,1,1,1,2,1,0,11,4,60,1,1,1,4,J,72,0,0,0,0,0,0,0,0,0,0,245,285,0,0,0,1,12,999,999,999,9999999,999,999,999,9,0,2,5,0,4,0,995,9.8,998,998,998,99.8,99.8,99.8,38.3547604389841,7,4
13078,76,10,1-76-2019-010-10,10,1,JTLKT3345640,17,49,49,2006,6,1,1,0,1,F,1,1086,8,0,2,1,9,2,89,1,8,9,998,8,7,9,12430,1,2,0,4,2,1,2,1,3,4,1,2,0,0,1,1,0,0,1,0,14,6,87,1,1,1,1,C,13,0,0,0,0,0,0,0,0,0,0,998,998,0,0,0,1,10,999,999,999,9999999,999,-35,13,2,0,0,0,0,0,0,998,9.8,998,998,998,99.8,99.8,99.8,275.737693234076,3,4
13080,16,14,1-16-2019-014-02,2,1,5NPEU46F06H1,17,55,33,2006,4,1,3,0,1,F,2,1569,5,0,1,1,8,2,56,1,0,0,995,0,0,0,45052,1,2,2,4,3,1,2,1,1,1,1,1,0,0,1,8,1,2,3,0,1,2,17,7,1,1,5,L,88,0,0,0,0,0,0,0,0,0,0,175,85,0,0,0,1,1,25,-25,-4,30100,998,-34,21,0,1,1,2,0,6,0,995,9.8,998,998,998,99.8,99.8,99.8,19.5600329236722,5,4
13080,16,14,1-16-2019-014-02,2,2,2HGFC2F66KH5,17,37,31,2019,4,1,3,0,1,L,2,1252,5,0,1,1,9,2,56,1,0,0,995,0,0,0,45248,9,9,2,4,3,1,2,1,1,2,1,1,0,0,1,8,1,2,1,0,1,4,66,8,1,1,5,L,89,0,0,0,0,0,0,0,0,0,0,85,175,0,0,0,1,1,32,-6,31,69831,998,-48,35,0,1,0,0,0,8,0,995,9.8,998,998,998,99.8,99.8,99.8,19.5600329236722,5,4
13082,52,7,1-52-2019-007-06,6,1,4S4BRBCCXE33,17,48,45,2014,6,1,3,0,1,F,1,1621,5,0,2,1,6,2,40,1,0,0,995,0,0,0,59102,1,2,2,4,2,1,2,3,1,2,0,0,0,0,1,4,0,0,1,0,11,2,15,1,1,1,4,K,76,0,0,0,0,0,0,0,0,0,0,330,260,0,0,0,1,3,14,-12,-7,10262,998,-57,12,0,4,0,0,0,0,0,995,9.8,998,998,998,99.8,99.8,99.8,165.466761651652,12,4
13082,52,7,1-52-2019-007-06,6,2,5NMSH73E29H2,17,55,401,2009,14,3,14,0,1,L,1,1871,5,9999,9,4,12,5,40,1,0,0,995,0,0,0,59102,9,9,2,4,2,1,2,3,1,1,0,0,0,0,1,4,0,0,9,0,1,4,67,1,1,1,4,K,77,0,0,0,0,0,0,0,0,0,0,260,330,0,0,0,1,3,13,-2,12,16590,998,-23,15,0,4,95,95,95,95,0,995,9.8,998,998,998,99.8,99.8,99.8,165.466761651652,12,4
13083,19,14,1-19-2019-014-03,3,1,1FMCU0GD8JUA,17,12,402,2018,14,3,14,0,1,F,3,1611,5,0,1,1,2,2,56,1,1,1,130,1,0,0,35901,1,2,0,4,2,1,2,1,3,2,1,2,0,0,3,1,0,0,3,1,14,2,13,7,1,4,1,A,1,0,0,0,0,0,0,0,0,0,0,998,998,0,1,7,1,8,999,999,999,9999999,999,999,999,8,0,1,1,0,3,0,998,0.5,999,999,999,10.8,1.4,10.9,420.825475823895,9,4
13084,54,12,1-54-2019-012-01,1,1,1FMDU32P6TZA,17,12,401,1996,14,3,14,0,1,T,2,1600,5,0,1,1,17,2,80,1,9,1,0,4,0,1,35653,1,2,0,4,2,1,2,1,1,4,1,2,2,3,1,1,0,0,3,1,1,1,8,99,3,4,1,A,2,1,4,1,2,1,3,61,1,2,27,997,997,0,1,0,1,6,999,999,999,9999999,999,999,999,7,0,9,0,0,1,3,997,1.5,10,10,999,45.5,6.5,46.0,190.261308940954,9,4
13085,54,13,1-54-2019-013-04,4,1,JTMZFREV7JJ7,17,49,402,2018,14,3,14,0,1,F,1,1555,5,0,2,6,32,2,40,1,0,0,995,0,0,0,35653,1,1,2,4,2,1,2,2,1,4,1,2,0,0,1,8,2,2,2,0,1,2,17,1,1,1,5,L,86,0,0,0,0,0,0,0,0,0,0,340,90,0,0,0,1,3,10,-10,-2,3776,998,-38,7,0,4,1,1,0,0,0,995,9.8,998,998,998,99.8,99.8,99.8,842.351697434565,9,4
13085,54,13,1-54-2019-013-04,4,2,4S4BRCAC1E32,17,48,34,2014,5,1,3,0,1,R,1,1621,5,0,2,1,31,2,40,1,0,0,995,0,0,0,35653,1,2,2,1,3,2,2,2,1,1,3,4,0,0,1,8,2,2,1,0,1,4,66,3,1,1,5,L,87,0,0,0,0,0,0,0,0,0,0,90,340,0,0,0,1,3,10,-2,-10,9954,998,2,12,0,4,1,1,0,0,0,995,9.8,998,998,998,99.8,99.8,99.8,842.351697434565,9,4
13087,29,24,1-29-2019-024-03,3,1,KM8J2CA46KU8,17,55,402,2019,14,3,14,0,1,F,2,1634,5,0,1,1,2,2,56,1,8,9,998,8,7,9,02740,2,2,2,4,2,1,2,2,3,1,0,2,0,0,1,2,0,0,1,1,14,1,6,2,2,4,1,A,2,0,0,0,0,0,0,0,0,0,0,998,998,0,0,1,2,1,33,-33,0,82761,998,20,33,0,1,1,1,0,4,0,998,0.0,24,24,13,0.0,0.0,0.0,150.210968059235,2,4
13088,29,25,1-29-2019-025-09,9,1,1YVHP80C275M,17,41,50,2007,4,1,3,0,1,R,1,1387,5,0,2,1,18,2,89,1,0,9,998,8,0,9,02571,1,2,0,2,2,1,2,5,1,9,1,3,2,3,1,2,0,0,1,1,1,1,6,2,4,4,1,A,2,0,0,0,0,0,0,0,0,0,0,998,998,0,0,1,2,1,8,5,-6,4219,998,72,8,0,4,0,0,0,4,0,998,9.9,999,999,999,99.9,99.9,99.9,578.105022192776,2,4
13091,27,12,1-27-2019-012-04,4,1,5NPD84LF9JH2,17,55,35,2018,4,1,3,0,1,B,1,1275,5,0,1,1,15,2,48,1,9,9,998,8,9,9,01225,1,2,2,4,2,1,2,1,1,1,1,2,0,0,3,1,0,0,1,0,5,3,53,1,1,1,2,D,22,0,0,0,0,0,0,0,0,0,0,275,270,0,0,0,1,3,13,13,0,8907,998,39,12,0,4,0,0,0,0,0,995,9.8,998,998,998,99.8,99.8,99.8,61.4094105564125,3,4
13091,27,12,1-27-2019-012-04,4,2,1GTV2MEH8JZ2,17,23,481,2018,34,5,31,0,1,F,1,2366,5,9999,9,0,998,5,48,1,9,9,998,8,9,9,05148,9,9,2,4,2,1,2,1,1,1,1,2,0,0,3,1,0,0,3,0,1,3,50,2,1,1,2,D,20,0,0,0,0,0,0,0,0,0,0,270,275,0,0,0,1,3,7,-7,-1,6277,998,-47,8,0,4,95,95,95,95,0,995,9.8,998,998,998,99.8,99.8,99.8,61.4094105564125,3,4
13092,31,15,1-31-2019-015-02,2,1,4T1BF1FK5FU0,17,49,40,2015,4,1,4,0,1,F,1,1467,5,0,1,1,21,2,89,1,0,0,995,0,0,0,62930,9,9,0,4,2,1,2,1,1,1,1,4,0,0,2,1,0,0,9,0,1,6,87,3,1,1,1,C,13,0,0,0,0,0,0,0,0,0,0,235,95,0,0,0,2,1,22,-17,-14,49240,998,-126,22,0,1,9,97,0,8,0,995,9.8,998,998,998,99.8,99.8,99.8,241.53730443134,6,4
13092,31,15,1-31-2019-015-02,2,2,2FTHF36F6RCA,17,12,481,1994,34,5,31,0,1,F,1,2275,5,0,2,1,14,2,89,1,0,0,995,0,0,0,47620,1,2,0,4,2,1,2,1,1,4,1,4,0,0,2,1,0,0,1,0,1,4,62,8,1,1,6,M,98,0,0,0,0,0,0,0,0,0,0,95,235,0,0,0,2,1,14,-14,0,19550,998,-34,14,0,1,2,6,0,6,0,995,9.8,998,998,998,99.8,99.8,99.8,241.53730443134,6,4
13093,31,16,1-31-2019-016-10,10,1,1B7HG48N92S6,17,7,472,2002,34,5,30,0,1,T,1,2034,5,0,2,1,16,2,89,1,0,0,995,0,0,0,62821,1,2,0,4,2,1,2,2,3,1,0,0,0,0,2,1,0,0,1,1,14,2,13,99,2,4,1,A,1,1,4,2,2,1,3,61,1,1,11,997,997,0,0,0,1,6,999,999,999,9999999,999,999,999,6,0,0,0,0,0,3,997,9.8,998,998,998,99.8,99.8,99.8,5521.82183969468,6,4
13094,59,20,1-59-2019-020-04,4,1,1FA6P8CF7H52,17,12,3,2017,2,1,3,0,1,L,3,1681,8,0,1,4,10,2,113,1,0,0,995,0,0,0,94103,9,9,1,2,3,1,2,3,1,9,3,3,0,3,3,4,0,0,9,1,1,1,5,99,4,2,2,F,48,0,0,0,0,0,0,0,0,0,0,50,80,0,0,0,1,5,999,999,999,9999999,999,999,999,4,0,0,0,0,0,0,995,9.9,999,999,999,99.9,99.9,99.9,696.540413716553,6,4
13094,59,20,1-59-2019-020-04,4,2,1FUJGLDV2FLG,17,82,881,2015,64,8,60,0,1,R,9,,,,,,,5,105,1,0,0,995,0,0,0,63383,9,9,1,2,3,3,2,3,1,9,3,1,1,3,3,4,0,0,9,0,1,4,61,99,1,1,2,F,48,,,,,,,,,,,,,,,,,,,,,,,,,,,95,95,95,95,,,9.8,998,998,998,99.8,99.8,99.8,696.540413716553,6,4
13095,59,21,1-59-2019-021-08,8,1,KNDJA7238X56,17,63,401,1999,14,3,14,0,1,T,3,1520,8,0,2,1,7,2,72,1,0,1,0,2,0,0,47804,1,2,2,5,5,1,2,5,1,1,0,3,0,0,1,8,0,0,1,1,1,1,5,98,3,4,1,A,2,1,2,1,2,1,4,61,1,2,10,997,997,0,1,0,3,6,999,999,999,9999999,999,999,999,8,0,1,1,0,3,3,997,0.0,35,14,11,0.0,0.0,0.0,201.543126690578,6,4
13097,29,23,1-29-2019-023-04,4,1,JN1BJ1CR8HW1,17,35,51,2017,6,1,3,0,1,F,1,1610,5,0,1,1,10,2,24,1,0,0,995,0,0,0,02769,9,9,0,4,2,1,2,5,1,1,0,0,0,0,2,8,0,0,1,1,1,1,6,3,9,4,1,C,11,0,0,0,0,0,0,0,0,0,0,235,55,0,0,0,1,3,12,-12,0,11191,998,65,12,0,4,0,0,0,0,0,995,9.8,998,998,998,99.8,99.8,99.8,396.943149198015,2,4
13097,29,23,1-29-2019-023-04,4,2,3KPF24AD2KE0,17,63,38,2019,4,1,3,99,2,F,1,1253,5,9999,9,0,998,,,,,,,,,,,,,,,,,,,,,,,,,,,,,,,,,,,,,,,,,,,,,,,,,,,,,,,,,,,,,,,,,,95,95,95,95,,,,,,,,,,396.943149198015,2,4
13098,17,25,1-17-2019-025-02,2,1,2HKRM4H70EH6,17,37,402,2014,14,3,14,0,1,F,1,1583,5,0,1,1,6,2,48,1,9,0,995,0,9,0,61279,1,2,2,4,3,1,2,1,1,2,0,1,0,0,1,1,1,2,3,0,1,2,17,2,1,1,5,L,88,0,0,0,0,0,0,0,0,0,0,290,180,0,0,0,1,1,18,-16,-9,43276,998,-98,21,0,1,1,1,0,6,0,995,9.8,998,998,998,99.8,99.8,99.8,57.5680443688784,4,4
13098,17,25,1-17-2019-025-02,2,2,1G1ZE5STXHF1,17,20,37,2017,4,1,4,0,1,L,1,1400,5,0,1,1,6,2,48,1,9,0,995,0,9,0,61284,1,2,2,4,3,1,2,1,1,1,0,1,0,0,1,1,1,2,1,0,1,4,66,2,1,1,5,L,89,0,0,0,0,0,0,0,0,0,0,180,290,0,0,0,1,1,21,-16,13,14794,998,-45,15,0,1,1,1,0,4,0,995,9.8,998,998,998,99.8,99.8,99.8,57.5680443688784,4,4
13099,17,26,1-17-2019-026-08,8,1,KM8SC73F05UP,17,55,401,2005,14,3,14,0,1,L,9,1790,5,9999,9,0,998,2,48,1,9,1,0,2,7,2,61265,1,8,2,4,5,2,2,2,1,1,3,1,0,0,5,2,1,2,3,0,1,2,17,99,1,1,4,K,77,0,0,0,0,0,0,0,0,0,0,180,260,0,0,0,1,0,999,999,999,9999999,999,999,999,9,0,1,1,0,4,0,995,9.8,998,998,998,99.8,99.8,99.8,396.652951546958,4,4
13099,17,26,1-17-2019-026-08,8,2,JHLRD78853C0,17,37,402,2003,14,3,14,0,1,F,2,1480,5,0,1,1,4,2,48,1,9,1,0,2,7,1,61265,2,2,2,4,5,2,2,2,1,1,1,1,0,0,5,2,1,2,1,0,11,4,66,1,1,1,4,K,76,0,0,0,0,0,0,0,0,0,0,260,180,0,0,0,1,11,999,999,999,9999999,999,999,999,7,0,2,5,0,3,0,995,0.0,34,34,44,2.5,2.0,3.0,396.652951546958,4,4
13100,17,27,1-17-2019-027-02,2,1,1FMCU0F73HUA,17,12,402,2017,14,3,14,0,1,F,1,1611,5,0,1,1,6,2,89,1,9,0,995,0,9,0,61238,1,2,0,4,2,1,2,1,1,1,1,2,0,0,1,1,0,0,1,1,1,6,87,4,2,4,1,A,3,0,0,0,0,0,0,0,0,0,0,998,998,0,0,0,1,1,17,-17,3,21985,998,35,17,0,1,3,22,1,3,0,998,5.4,999,999,999,49.5,35.4,60.9,59.8466073108379,4,4
13102,28,11,1-28-2019-011-09,9,1,3C3EY45X25T2,17,6,52,2005,6,1,2,0,1,F,1,1498,5,0,1,1,17,2,64,1,0,0,995,0,0,0,16923,1,2,0,4,2,1,2,5,1,4,0,2,0,0,2,4,0,0,9,1,1,1,5,99,2,4,1,B,7,0,0,0,0,0,0,0,0,0,0,998,998,0,1,0,2,1,13,-13,2,10515,998,34,13,0,4,1,1,0,4,0,998,0.0,4,4,115,17.3,1.3,17.3,581.195066917208,3,4
13103,26,23,1-26-2019-023-07,7,1,JN8AZ1MW0DW3,17,35,49,2013,6,1,4,0,1,F,1,1831,5,0,1,1,15,2,105,1,0,0,995,0,0,0,95835,4,2,0,2,4,2,2,2,1,1,3,3,0,0,2,2,0,0,1,1,1,2,13,1,1,4,1,A,1,0,0,0,0,0,0,0,0,0,0,998,998,0,0,0,1,12,999,999,999,9999999,999,999,999,6,0,0,0,0,0,0,998,4.0,999,999,999,6.8,4.0,7.8,2079.88213517951,10,4
13104,26,24,1-26-2019-024-09,9,1,3N1CB51D65L5,17,35,43,2005,4,1,1,0,1,T,2,1149,5,9999,9,5,27,2,105,1,0,0,995,0,0,0,95826,1,2,1,3,2,1,2,2,3,4,1,3,0,0,1,2,0,0,1,1,14,1,6,8,9,4,1,A,2,1,6,2,2,1,4,61,1,1,22,997,997,0,0,0,2,6,999,999,999,9999999,999,999,999,7,0,2,5,0,4,3,997,3.5,999,999,999,99.9,99.9,99.9,1962.29831541337,10,4
13106,22,22,1-22-2019-022-01,1,1,1FMYU93126KA,17,12,402,2006,14,3,14,0,1,F,1,1496,5,0,1,1,12,2,40,1,1,1,161,4,0,1,83647,1,1,0,4,2,1,2,1,2,1,0,2,0,0,3,8,0,0,9,1,14,2,13,99,4,4,1,B,7,1,4,2,2,1,2,63,1,1,17,998,998,0,1,0,1,1,16,-16,0,16821,998,-13,16,0,4,4,20,1,1,3,998,9.9,999,999,999,99.9,99.9,99.9,40.1392378017778,12,4