CASEID,PSU,CASENO,CASENUMBER,CATEGORY,VEHNO,VIN,VINLENGTH,MAKE,MODEL,MODELYR,BODYTYPE,BODYCAT,VEHCLASS,SPECUSE,TRANSTAT,DAMPLANE,DAMSEV,CURBWT,CURBSRC,CARGOWT,CARGOSRC,INSPTYPE,INSPLAG,TOWED,SPEEDLIMIT,DRPRESENT,PARALCOHOL,ALCTEST,ALCTESTRESULT,ALCTESTSRC,PARDRUG,DRUGTEST,ZIP,RACE,ETHNICITY,RELTOJUNCT,TRAFFLOW,RDLANES,INITLANE,SURFTYPE,SURFCOND,ALIGNMENT,PROFILE,LINERIGHT,LINELEFT,RUMBINIT,RUMBROAD,LIGHTCOND,WEATHER,TRAFDEV,TRAFFUNCT,DISTRACT,PREFHE,PREMOVE,CRITCAT,CRITEVENT,MANEUVER,PRESTAB,PRELOC,CRASHCAT,CRASHCONF,CRASHTYPE,ROLLTYPE,ROLLTURN,ROLLINTRPT,ROLLPREMAN,ROLLINITYP,ROLLINLOC,ROLLOBJ,ROLLTRIP,ROLLDIR,ROLLDIST,DVANGTHIS,DVANGOTH,TOWHITCH,TRAJDOC,TREEPOLE,DVEVENT,DVBASIS,DVTOTAL,DVLONG,DVLAT,DVENERGY,DVSPEED,DVMOMENT,DVBES,DVEST,DVCONF,VAIS,VISS,VINJURED,VTREAT,INITOBJCLASS,HEADANGLECAT,SHLDRWIDTH,STRKLENGTH,STRKWIDTH,STRKHEIGHT,EDGEDISTX,EDGEDISTY,EDGEDISTZ,CASEWGT,PSUSTRAT,VERSION
13107,22,23,1-22-2019-023-09,9,1,3D7LX38CX6G2,17,7,482,2006,34,5,31,0,1,F,1,3115,5,9999,9,0,998,5,56,1,0,0,995,0,0,0,83501,9,9,0,5,3,1,2,5,1,1,0,2,0,0,1,8,0,0,9,1,1,1,5,99,9,2,3,G,50,0,0,0,0,0,0,0,0,0,0,245,95,0,0,0,1,3,14,-14,2,29802,998,44,15,0,4,95,95,95,95,0,995,9.8,998,998,998,99.8,99.8,99.8,293.12914846587,12,4
13107,22,23,1-22-2019-023-09,9,2,1GCHK23D76F1,17,20,481,2006,34,5,31,0,1,F,1,2738,5,46,2,1,6,2,56,1,0,0,995,0,0,0,99403,1,2,0,5,3,1,2,5,1,1,0,2,0,0,1,8,0,0,1,0,1,4,62,4,1,1,3,G,51,0,0,0,0,0,0,0,0,0,0,95,245,0,0,0,1,3,15,-11,10,29802,998,122,14,0,4,0,0,0,6,0,995,9.8,998,998,998,99.8,99.8,99.8,293.12914846587,12,4
13108,33,21,1-33-2019-021-08,8,1,1B4HS28N11F5,17,7,402,2001,14,3,14,0,1,F,2,2085,5,0,1,1,15,2,72,1,0,1,0,2,0,1,95916,1,2,0,4,2,1,2,2,1,1,1,2,0,0,2,2,0,0,1,1,1,1,5,2,2,4,1,A,2,0,0,0,0,0,0,0,0,0,0,998,998,0,0,3,1,10,999,999,999,9999999,999,56,38,3,0,3,10,1,3,0,998,1.2,39,39,120,3.6,6.4,7.4,58.7759371393952,12,4
13109,33,22,1-33-2019-022-06,6,1,JTHBF5C27C51,17,59,35,2012,4,1,3,0,1,B,2,1567,5,0,1,1,16,2,105,1,0,0,995,0,0,0,95973,1,2,1,1,2,1,2,2,1,1,1,3,0,0,1,2,0,0,1,1,1,1,6,2,3,4,1,B,7,0,0,0,0,0,0,0,0,0,0,998,998,0,0,0,1,98,999,999,999,9999999,999,999,999,7,0,1,1,0,4,0,998,5.7,999,999,999,13.1,5.7,14.2,89.6193802859093,12,4
13111,15,21,1-15-2019-021-07,7,1,1C4AJWAG6DL6,17,2,403,2013,14,3,14,0,1,F,2,1759,5,9999,9,4,19,2,64,1,8,9,998,8,7,9,11771,9,9,1,3,3,2,2,2,1,1,3,3,0,0,1,8,0,0,9,0,1,3,52,99,9,1,2,D,28,0,0,0,0,0,0,0,0,0,0,265,265,0,0,0,1,12,999,999,999,9999999,999,999,999,7,0,0,0,0,0,0,995,9.8,998,998,998,99.8,99.8,99.8,2538.71058868978,1,4
13111,15,21,1-15-2019-021-07,7,2,5YJSA1E25HF2,17,29,5,2017,5,1,5,0,1,B,9,2112,5,9999,9,0,998,5,64,1,8,9,998,8,7,9,11791,9,9,1,3,3,2,2,2,1,1,3,3,0,0,1,8,0,0,9,0,2,3,52,99,9,1,2,D,29,0,0,0,0,0,0,0,0,0,0,265,265,0,0,0,1,0,999,999,999,9999999,999,999,999,9,0,95,95,95,95,0,995,9.8,998,998,998,99.8,99.8,99.8,2538.71058868978,1,4
13111,15,21,1-15-2019-021-07,7,3,5TDJZRFH2JS5,17,49,403,2018,14,3,14,0,1,B,9,2030,5,9999,9,0,998,5,64,1,8,9,998,8,7,9,11570,9,9,1,3,3,2,2,2,1,1,3,3,0,0,1,8,0,0,9,0,1,3,52,99,1,1,6,M,98,0,0,0,0,0,0,0,0,0,0,265,265,0,0,0,2,0,999,999,999,9999999,999,999,999,9,0,95,95,95,95,0,995,9.8,998,998,998,99.8,99.8,99.8,2538.71058868978,1,4
13112,15,22,1-15-2019-022-02,2,1,2T3BFREV8JW7,17,49,402,2018,14,3,14,0,1,F,2,1610,5,9999,9,0,998,2,32,1,8,1,0,2,1,2,02905,9,9,2,4,2,1,2,1,3,4,1,2,0,0,1,1,5,2,9,1,14,2,10,99,9,2,3,G,50,0,0,0,0,0,0,0,0,0,0,120,320,0,0,0,1,3,26,-22,-13,48718,998,-103,22,0,4,1,1,0,3,0,995,9.8,998,998,998,99.8,99.8,99.8,23.9615775550463,1,4
13112,15,22,1-15-2019-022-02,2,2,2HJYK16297H5,17,37,471,2007,34,5,31,0,1,F,1,2043,5,0,1,1,21,2,32,1,8,1,0,2,7,0,11738,1,2,2,4,2,1,2,1,2,1,1,2,0,0,1,1,0,0,1,0,14,4,62,8,1,1,3,G,51,0,0,0,0,0,0,0,0,0,0,320,120,0,0,0,1,3,20,-20,-4,54310,998,-38,25,0,4,1,1,0,4,0,995,9.8,998,998,998,99.8,99.8,99.8,23.9615775550463,1,4
13113,14,12,1-14-2019-012-08,8,1,1FMZU67E81UB,17,12,473,2001,34,5,31,0,1,L,2,1134,5,9999,9,1,14,2,89,1,0,0,995,0,0,0,78261,1,1,2,4,2,1,2,1,1,2,0,0,0,0,1,1,2,2,9,0,11,2,15,99,1,1,4,K,82,0,0,0,0,0,0,0,0,0,0,290,50,0,1,0,1,5,999,999,999,9999999,999,999,39,3,0,5,38,1,1,0,995,9.8,998,998,998,99.8,99.8,99.8,1349.82277295787,8,4
13113,14,12,1-14-2019-012-08,8,2,3AKJGNDV0EDF,17,82,881,2014,66,8,68,0,1,F,9,,,,,,,2,89,1,0,0,995,0,0,0,78130,9,9,2,4,2,1,2,1,1,1,1,2,0,0,1,1,0,0,9,0,1,4,67,99,1,1,4,K,83,,,,,,,,,,,,,,,,,,,,,,,,,,,95,95,95,95,,,9.8,998,998,998,99.8,99.8,99.8,1349.82277295787,8,4
13114,30,23,1-30-2019-023-05,5,1,1HGCM56154A0,17,37,32,2004,4,1,3,0,1,F,1,1389,5,9999,9,0,998,2,72,1,0,0,995,0,0,0,85138,9,9,2,1,4,4,2,1,1,1,1,0,0,0,1,1,0,0,9,0,12,2,21,99,1,1,6,M,98,0,0,0,0,0,0,0,0,0,0,50,265,0,0,0,1,3,11,-11,-4,4992,998,-70,8,0,4,99,99,0,5,0,995,9.8,998,998,998,99.8,99.8,99.8,41.7034180682108,10,4
13114,30,23,1-30-2019-023-05,5,2,4T4BF3EKXAR0,17,49,40,2010,4,1,4,0,1,L,1,1500,5,0,1,1,14,2,72,1,0,1,0,2,0,0,85226,1,1,2,1,4,3,2,1,1,1,3,1,0,0,1,1,0,0,1,0,1,4,62,3,1,1,6,M,98,0,0,0,0,0,0,0,0,0,0,265,50,0,0,0,1,3,10,-10,3,11581,998,-55,13,0,4,1,1,0,4,0,995,9.8,998,998,998,99.8,99.8,99.8,41.7034180682108,10,4
13116,30,25,1-30-2019-025-02,2,1,JN8AE2KP4F91,17,35,443,2015,20,4,20,0,1,F,3,1987,5,0,1,1,13,2,48,1,0,1,0,2,1,2,85083,1,2,0,4,2,1,2,1,1,1,1,2,0,0,1,1,0,0,9,1,1,2,12,98,1,4,1,B,6,1,4,2,2,1,4,61,1,2,20,998,998,0,0,1,1,98,999,999,999,9999999,999,999,999,8,0,2,5,0,3,3,998,9.9,65,65,120,3.8,1.4,4.0,28.6013360902679,10,4
13117,21,21,1-21-2019-021-03,3,1,3HSDJSJRXCN6,17,84,881,2012,63,8,60,0,1,F,9,,,,,,,5,89,1,0,0,995,0,0,0,92545,9,9,0,2,4,3,1,1,2,9,1,3,0,0,2,1,0,0,3,1,15,3,51,2,1,2,2,D,24,,,,,,,,,,,,,,,,,,,,,,,,,,,95,95,95,95,,,9.8,998,998,998,99.8,99.8,99.8,292.225383831764,11,4
13117,21,21,1-21-2019-021-03,3,2,1G1FF1R76J01,17,20,9,2018,2,1,4,0,1,B,3,1685,5,0,2,1,37,2,105,1,0,0,995,0,0,0,92346,1,1,0,2,4,2,1,1,2,9,1,3,0,0,2,1,0,0,1,0,14,3,53,1,1,1,2,D,25,0,0,0,0,0,0,0,0,0,0,110,120,0,0,0,1,5,999,999,999,9999999,999,999,40,4,0,1,1,0,6,0,995,9.8,998,998,998,99.8,99.8,99.8,292.225383831764,11,4
13118,21,22,1-21-2019-022-03,3,1,NMTKHMBX0JR0,17,49,405,2018,14,3,14,0,1,F,1,1497,5,0,2,1,51,2,64,1,0,0,995,0,0,0,92410,9,1,2,4,5,3,2,1,1,1,1,2,0,0,1,1,1,2,9,0,11,2,15,1,1,1,4,K,76,0,0,0,0,0,0,0,0,0,0,240,185,0,0,0,1,3,22,-11,-19,34094,998,-169,15,0,4,0,0,0,0,0,995,9.8,998,998,998,99.8,99.8,99.8,292.225383848337,11,4
13118,21,22,1-21-2019-022-03,3,2,5TDZT38A94S2,17,49,422,2004,15,3,15,0,1,L,1,2390,5,9999,9,0,998,2,64,1,0,0,995,0,0,0,92411,9,9,2,4,5,1,2,1,1,1,0,1,0,0,1,1,1,2,9,0,1,4,65,8,1,1,4,K,77,0,0,0,0,0,0,0,0,0,0,185,240,0,0,0,1,3,14,-7,12,62637,998,-56,24,0,4,99,99,0,99,0,995,0.0,12,12,90,0.0,3.2,3.2,292.225383848337,11,4
13119,16,15,1-16-2019-015-09,9,1,2G4WB52K3W15,17,18,20,1998,4,1,4,0,1,F,2,1560,5,0,1,1,2,2,97,1,0,0,995,0,0,0,45252,1,2,1,2,3,1,2,1,1,2,1,3,2,3,3,1,0,0,3,1,1,2,13,4,1,4,1,A,3,0,0,0,0,0,0,0,0,0,0,998,998,0,0,0,1,10,999,999,999,9999999,999,3,25,3,0,0,0,0,0,0,998,7.0,999,999,999,19.3,7.0,19.7,757.930140779803,5,4
13120,13,19,1-13-2019-019-01,1,1,1FTFW1EF4CFC,17,12,481,2012,34,5,31,0,1,F,9,2522,5,9999,9,0,998,2,105,1,0,1,237,3,0,1,75052,9,1,0,2,2,99,1,2,1,1,9,9,0,0,2,2,0,0,9,1,1,2,12,99,1,4,1,B,6,0,0,0,0,0,0,0,0,0,0,998,998,0,0,0,1,0,999,999,999,9999999,999,999,999,9,0,3,22,1,1,0,998,9.9,999,999,999,99.9,99.9,99.9,95.4784997867886,7,4
13121,13,20,1-13-2019-020-01,1,1,1GCGSDE10G13,17,20,473,2016,34,5,30,0,1,F,1,1833,5,0,1,4,17,2,64,1,0,0,995,0,0,0,76016,1,9,2,1,3,3,1,1,1,1,1,0,0,0,1,1,1,2,9,0,11,2,15,99,1,1,4,J,68,0,0,0,0,0,0,0,0,0,0,50,270,0,0,0,1,3,15,-14,-5,11548,998,-80,11,0,4,0,0,0,0,0,995,9.8,998,998,998,99.8,99.8,99.8,95.4784998046545,7,4
13121,13,20,1-13-2019-020-01,1,2,5TDKK3DC3ES5,17,49,442,2014,20,4,20,0,1,F,1,1985,5,0,1,1,47,2,64,1,0,0,995,0,0,0,75052,1,9,2,1,2,2,1,1,1,1,3,2,0,0,1,1,1,2,9,0,1,4,62,4,1,1,4,J,69,0,0,0,0,0,0,0,0,0,0,270,50,0,0,0,1,3,13,-12,4,24458,998,19,17,0,4,4,16,2,1,0,995,9.8,998,998,998,99.8,99.8,99.8,95.4784998046545,7,4
13122,20,18,1-20-2019-018-09,9,1,WBAAM5337YJR,17,34,34,2000,4,1,3,0,1,F,2,1450,5,0,1,1,12,2,56,1,9,0,995,0,9,0,99999,9,9,2,4,3,1,2,1,1,1,0,1,0,0,3,1,0,0,9,1,1,2,13,99,1,4,1,A,1,0,0,0,0,0,0,0,0,0,0,998,998,0,1,4,3,11,999,999,999,9999999,999,999,999,7,0,99,99,0,99,0,998,0.0,6,6,75,10.5,1.3,10.5,4057.0202193871,11,4
13123,18,12,1-18-2019-012-04,4,1,JTLKE50E4910,17,49,49,2009,6,1,2,0,1,B,1,1370,8,0,1,6,32,5,48,1,0,0,995,0,0,0,54701,9,9,2,4,5,2,2,5,1,1,1,1,0,0,1,1,1,2,1,0,5,3,53,1,1,1,6,M,98,0,0,0,0,0,0,0,0,0,0,75,75,0,0,0,2,3,18,18,0,18025,998,0,18,0,4,95,95,95,95,0,995,9.8,998,998,998,99.8,99.8,99.8,1522.24570112714,6,4
13123,18,12,1-18-2019-012-04,4,2,1GCDT13W32K1,17,20,471,2002,34,5,30,0,1,B,1,1721,5,54,2,1,25,2,48,1,0,0,995,0,0,0,54703,1,2,2,4,5,2,2,5,1,1,1,1,0,0,1,1,1,2,1,0,2,3,53,1,1,1,2,D,21,0,0,0,0,0,0,0,0,0,0,75,75,0,0,0,1,1,21,21,0,57308,998,17,28,0,4,1,1,0,6,0,995,9.8,998,998,998,99.8,99.8,99.8,1522.24570112714,6,4
13123,18,12,1-18-2019-012-04,4,3,5NPE24AF6HH4,17,55,33,2017,4,1,4,0,1,F,2,1475,5,0,1,1,11,2,48,1,0,0,995,0,0,0,54729,1,2,2,4,5,2,2,5,1,1,1,1,0,0,1,1,1,2,3,0,1,3,50,2,2,1,2,D,20,0,0,0,0,0,0,0,0,0,0,75,75,0,0,0,1,1,25,-25,0,10837,998,4,13,0,4,0,0,0,0,0,995,9.8,998,998,998,99.8,99.8,99.8,1522.24570112714,6,4
13124,27,13,1-27-2019-013-07,7,1,1C4RJFBG1GC3,17,2,422,2016,15,3,15,0,1,F,1,2211,5,9999,9,0,998,5,56,1,0,0,995,0,0,0,01226,9,9,2,1,3,2,2,1,3,2,1,2,0,0,1,8,0,0,1,0,14,4,66,99,1,1,5,L,86,0,0,0,0,0,0,0,0,0,0,85,185,0,0,0,1,3,7,-6,4,4209,998,114,5,0,4,95,95,95,95,0,995,9.8,998,998,998,99.8,99.8,99.8,81.341237505841,3,4
13124,27,13,1-27-2019-013-07,7,2,KMHDH4AE9CU5,17,55,35,2012,4,1,3,0,1,F,1,1265,5,0,1,1,7,2,56,1,0,0,995,0,0,0,12060,1,2,2,4,2,1,1,1,1,4,0,2,0,0,1,8,2,2,3,0,1,4,66,1,1,1,5,L,87,0,0,0,0,0,0,0,0,0,0,998,998,0,0,7,2,10,999,999,999,9999999,999,42,12,2,0,1,1,0,0,0,998,0.0,7,7,999,0.6,0.4,0.6,81.341237505841,3,4
13126,33,24,1-33-2019-024-03,3,1,JTDKN3DU7D03,17,49,46,2013,5,1,3,0,1,R,1,1380,5,0,1,1,14,2,89,1,0,0,995,0,0,0,95965,9,9,2,4,2,1,2,1,1,1,1,2,0,0,2,1,2,2,9,0,1,2,17,99,1,1,5,L,87,0,0,0,0,0,0,0,0,0,0,160,70,0,1,0,1,3,12,-9,-8,19699,998,-36,18,0,4,99,99,0,99,0,995,9.8,998,998,998,99.8,99.8,99.8,62.3876284032704,12,4
13126,33,24,1-33-2019-024-03,3,2,5YFBURHE4FP3,17,49,32,2015,4,1,3,0,1,F,1,1265,5,9999,9,4,39,2,89,1,0,0,995,0,0,0,95966,1,9,2,4,2,1,2,1,1,1,1,2,0,0,2,1,0,0,9,0,1,4,66,1,1,1,5,L,86,0,0,0,0,0,0,0,0,0,0,70,160,0,0,0,1,3,13,-8,10,8491,998,155,8,0,4,1,1,0,4,0,995,3.8,999,999,999,3.5,3.1,4.7,62.3876284032704,12,4
13128,30,26,1-30-2019-026-04,4,1,3N1AB7AP0HY3,17,35,43,2017,4,1,3,0,1,F,1,1300,5,9999,9,5,25,2,56,1,0,0,995,0,0,0,85301,9,9,2,5,5,3,2,2,1,1,4,4,0,0,1,2,2,2,9,0,1,4,67,99,1,1,4,K,83,0,0,0,0,0,0,0,0,0,0,90,340,0,0,0,1,12,999,999,999,9999999,999,999,999,6,0,99,99,0,99,0,995,9.8,998,998,998,99.8,99.8,99.8,1224.80266181738,10,4
13128,30,26,1-30-2019-026-04,4,2,3N1CN7AP9DL8,17,35,50,2013,4,1,2,0,1,L,9,1079,5,9999,9,0,998,2,40,1,0,0,995,0,0,0,85301,9,9,2,4,2,1,2,2,1,1,0,0,0,0,1,2,2,2,9,0,11,2,15,99,1,1,4,K,82,0,0,0,0,0,0,0,0,0,0,340,90,0,0,0,1,0,999,999,999,9999999,999,999,999,9,0,99,99,0,99,0,995,9.8,998,998,998,99.8,99.8,99.8,1224.80266181738,10,4
13129,59,23,1-59-2019-023-08,8,1,2D4GP44383R2,17,7,442,2003,20,4,20,0,1,L,1,1881,5,9999,9,0,998,5,48,1,0,0,995,0,0,0,47805,9,9,2,4,2,1,2,5,1,1,0,0,0,0,4,8,2,2,9,0,1,1,5,99,2,1,5,L,89,0,0,0,0,0,0,0,0,0,0,270,350,0,0,0,1,3,15,-3,15,33691,998,-39,20,0,4,95,95,95,95,0,995,0.4,999,999,999,99.9,99.9,99.9,201.543126690578,6,4
13129,59,23,1-59-2019-023-08,8,2,KMHDN45D01U2,17,55,35,2001,4,1,2,0,1,F,1,1217,5,0,1,1,17,2,48,1,0,0,995,0,0,0,47804,9,9,2,4,2,1,2,5,1,1,1,2,0,0,4,8,0,0,9,0,1,4,66,99,1,1,5,L,88,0,0,0,0,0,0,0,0,0,0,350,270,0,0,0,1,3,21,-20,-7,15162,998,-63,15,0,4,1,1,0,4,0,995,9.8,998,998,998,99.8,99.8,99.8,201.543126690578,6,4
13130,26,26,1-26-2019-026-05,5,1,3FA6P0H74ER2,17,12,23,2014,4,1,4,0,1,F,1,1554,5,0,1,4,46,2,105,1,0,0,995,0,0,0,95624,1,2,1,3,2,2,2,2,1,2,3,1,0,0,1,2,0,0,1,0,1,3,50,2,1,1,2,D,20,0,0,0,0,0,0,0,0,0,0,0,0,0,0,0,1,12,999,999,999,9999999,999,999,999,6,0,2,5,0,4,0,995,9.8,998,998,998,99.8,99.8,99.8,51.1357773593974,10,4
13130,26,26,1-26-2019-026-05,5,2,4S4BSACCXF32,17,48,45,2015,6,1,3,99,1,B,9,1614,5,9999,9,6,50,5,105,1,0,0,995,0,0,0,95864,9,9,1,3,2,2,2,2,1,2,3,1,0,0,1,2,0,0,1,0,5,3,53,1,1,1,2,D,21,0,0,0,0,0,0,0,0,0,0,0,0,0,0,0,1,12,999,999,999,9999999,999,999,999,9,0,95,95,95,95,0,995,9.8,998,998,998,99.8,99.8,99.8,51.1357773593974,10,4
13133,11,22,1-11-2019-022-02,2,1,1GCEC14M2VE2,17,20,481,1997,34,5,31,0,1,F,3,1839,9,0,2,0,998,2,72,1,0,0,995,0,0,0,23805,7,2,0,1,1,1,2,2,1,1,0,2,0,0,2,2,8,2,3,1,1,2,10,99,9,7,3,G,50,0,0,0,0,0,0,0,0,0,0,80,290,0,0,0,1,3,48,-45,-16,255526,998,-79,51,0,4,3,10,1,3,0,995,9.8,998,998,998,99.8,99.8,99.8,145.018892921352,8,4
13133,11,22,1-11-2019-022-02,2,2,5LMTJ2DH7GUJ,17,13,402,2016,14,3,14,0,1,F,3,1792,5,0,1,1,19,2,72,1,0,1,0,2,0,1,23803,2,2,0,1,1,1,2,2,1,2,1,2,0,0,2,2,0,0,1,0,1,4,62,4,1,3,3,G,51,0,0,0,0,0,0,0,0,0,0,290,80,0,0,0,1,3,48,-47,8,145788,998,11,44,0,4,1,1,0,4,0,995,9.8,998,998,998,99.8,99.8,99.8,145.018892921352,8,4
13134,11,23,1-11-2019-023-03,3,1,KL1TD6DE8AB0,17,20,39,2010,5,1,1,0,1,L,1,1160,5,0,1,1,12,2,72,1,0,0,995,0,0,0,23831,1,2,2,4,2,1,2,1,1,4,0,0,0,0,1,1,2,2,2,0,11,2,15,1,1,1,4,K,82,0,0,0,0,0,0,0,0,0,0,90,180,0,0,0,1,1,21,-4,20,16577,998,-48,17,0,1,1,2,0,4,0,995,9.8,998,998,998,99.8,99.8,99.8,3719.45990940955,8,4
13134,11,23,1-11-2019-023-03,3,2,3N1CN7AP1HL8,17,35,50,2017,4,1,2,0,1,F,1,1114,5,0,1,1,18,2,72,1,0,0,995,0,0,0,23225,2,9,2,1,5,2,2,1,1,1,3,2,0,0,1,1,0,0,1,0,1,4,67,2,1,1,4,K,83,0,0,0,0,0,0,0,0,0,0,180,90,0,0,0,1,1,21,-20,-4,27367,998,-32,23,0,1,1,1,0,4,0,995,9.8,998,998,998,99.8,99.8,99.8,3719.45990940955,8,4
13135,11,24,1-11-2019-024-02,2,1,1FADP3F21FL2,17,12,37,2015,4,1,3,0,1,F,1,1340,5,0,1,1,9,2,105,1,0,1,0,2,0,1,23237,1,2,0,1,2,1,1,1,1,1,1,3,2,2,1,1,0,0,1,0,1,3,51,3,1,2,2,D,24,0,0,0,0,0,0,0,0,0,0,280,290,0,0,0,1,3,17,-17,-3,13313,998,12,16,0,4,0,0,0,4,0,995,9.8,998,998,998,99.8,99.8,99.8,145.018892921352,8,4
13135,11,24,1-11-2019-024-02,2,2,4T1BE46KX9U2,17,49,40,2009,4,1,4,0,1,B,1,1500,5,0,2,6,14,5,105,1,0,0,995,0,0,0,23236,9,9,0,1,2,1,1,1,1,1,1,3,2,2,1,1,0,0,1,0,1,3,51,1,1,1,2,D,25,0,0,0,0,0,0,0,0,0,0,290,280,0,0,0,1,3,16,16,0,18533,998,0,18,0,4,95,95,95,95,0,995,9.8,998,998,998,99.8,99.8,99.8,145.018892921352,8,4
13136,77,24,1-77-2019-024-05,5,1,2B4FP253XXR2,17,7,442,1999,20,4,20,0,1,F,2,1660,5,0,1,1,14,2,72,1,0,0,995,0,0,0,22726,9,9,2,1,5,4,2,1,1,1,1,1,0,0,1,1,1,2,1,0,1,2,17,99,1,1,4,K,83,0,0,0,0,0,0,0,0,0,0,235,125,0,0,0,1,1,31,-24,-20,22970,998,-91,15,0,4,3,17,1,3,0,995,9.8,998,998,998,99.8,99.8,99.8,103.127269087679,9,4
13136,77,24,1-77-2019-024-05,5,2,5TFUY5F11BX1,17,49,482,2011,34,5,31,0,1,F,1,2470,5,0,1,1,11,2,40,1,0,0,995,0,0,0,22936,1,2,2,1,4,4,2,1,1,4,1,0,0,0,1,1,1,2,1,0,11,4,66,2,1,1,4,K,82,0,0,0,0,0,0,0,0,0,0,125,235,0,0,0,1,1,22,-19,11,161189,998,147,31,0,4,0,0,0,0,0,995,9.8,998,998,998,99.8,99.8,99.8,103.127269087679,9,4
13137,77,25,1-77-2019-025-04,4,1,1G2NW12E94C1,17,22,18,2004,2,1,3,0,1,L,2,1417,5,0,1,1,13,2,72,1,0,0,995,0,0,0,22922,1,2,1,1,3,2,2,1,1,1,1,1,0,0,2,1,1,2,1,0,1,2,17,1,1,1,4,J,69,0,0,0,0,0,0,0,0,0,0,340,90,0,0,0,1,1,28,-14,24,30942,998,-69,20,0,1,1,2,0,4,0,995,9.8,998,998,998,99.8,99.8,99.8,2318.80907953759,9,4
13137,77,25,1-77-2019-025-04,4,2,3N1CN7APXJL8,17,35,50,2018,5,1,2,0,1,F,2,1114,5,0,1,1,6,2,72,1,0,0,995,0,0,0,22968,9,9,1,1,3,3,2,1,1,1,1,2,0,0,2,1,1,2,1,0,11,4,63,1,1,1,4,J,68,0,0,0,0,0,0,0,0,0,0,90,340,0,0,0,1,1,37,-37,-6,97252,998,-30,45,0,1,0,0,0,0,0,995,9.8,998,998,998,99.8,99.8,99.8,2318.80907953759,9,4
13138,77,26,1-77-2019-026-07,7,1,JF2SHADC0CH4,17,48,401,2012,14,3,14,0,1,F,1,1570,5,0,1,1,4,2,40,1,0,0,995,0,0,0,22940,1,2,2,3,1,1,2,1,1,1,1,2,0,0,1,1,2,2,1,0,2,2,17,99,1,1,4,K,85,0,0,0,0,0,0,0,0,0,0,165,255,0,0,0,1,8,999,999,999,9999999,999,999,999,6,0,0,0,0,0,0,995,9.8,998,998,998,99.8,99.8,99.8,2946.40646898544,9,4
13138,77,26,1-77-2019-026-07,7,2,1FMEU63858UA,17,12,401,2008,14,3,14,0,1,F,1,9999,9,0,1,1,4,2,72,1,0,0,995,0,0,0,21152,1,2,2,1,2,1,2,1,1,1,2,3,0,0,1,1,0,0,1,0,1,4,68,3,1,1,4,K,85,0,0,0,0,0,0,0,0,0,0,255,165,0,0,0,1,8,999,999,999,9999999,999,999,999,6,0,0,0,0,0,0,995,9.8,998,998,998,99.8,99.8,99.8,2946.40646898544,9,4
13139,24,26,1-24-2019-026-10,10,1,5N1AA08B06N7,17,35,421,2006,15,3,15,0,1,R,1,2513,5,0,1,1,19,2,72,1,0,0,995,0,0,0,08244,2,2,0,4,2,1,2,3,1,1,1,4,0,0,1,4,0,0,1,1,1,1,5,1,4,4,1,B,7,0,0,0,0,0,0,0,0,0,0,998,998,0,0,1,1,1,21,-16,-14,54833,998,-58,21,0,1,0,0,0,0,0,998,2.0,23,23,112,7.2,2.3,7.6,4438.43293385622,1,4
13140,24,27,1-24-2019-027-04,4,1,5XXGM4A76FG4,17,63,34,2015,4,1,4,0,1,F,1,1468,5,9999,9,1,20,2,64,1,0,0,995,0,0,0,08361,2,2,2,4,2,1,2,1,1,1,1,2,0,0,1,1,0,0,1,0,1,4,67,2,1,1,4,K,83,0,0,0,0,0,0,0,0,0,0,300,190,0,0,0,1,3,21,-20,-7,11572,998,-22,14,0,1,0,0,0,0,0,995,9.8,998,998,998,99.8,99.8,99.8,701.776750082083,1,4
13140,24,27,1-24-2019-027-04,4,2,4T1SK12E0SU5,17,49,40,1995,4,1,2,0,1,L,1,1330,5,0,1,1,23,2,40,1,0,0,995,0,0,0,08330,1,2,2,4,2,1,2,1,1,1,0,0,0,0,1,1,2,2,1,0,11,2,15,1,1,1,4,K,82,0,0,0,0,0,0,0,0,0,0,190,300,0,0,0,1,3,23,-15,18,54385,998,-81,27,0,4,0,0,0,0,0,995,9.8,998,998,998,99.8,99.8,99.8,701.776750082083,1,4
13142,73,13,1-73-2019-013-02,2,1,2T1BPRHE1FC2,17,49,32,2015,4,1,3,0,1,F,3,1265,5,0,1,5,10,2,89,1,0,0,995,0,0,0,04976,3,2,0,4,2,1,2,3,1,1,1,4,0,0,1,4,0,0,1,0,1,6,90,4,1,1,1,C,15,0,0,0,0,0,0,0,0,0,0,998,998,0,0,0,1,12,999,999,999,9999999,999,999,999,8,0,2,6,0,3,0,998,9.8,998,998,998,99.8,99.8,99.8,40.1133146503243,3,4
13143,24,29,1-24-2019-029-03,3,1,1M2AG11C13M0,17,86,881,2003,63,8,60,0,1,F,9,,,,,,,5,89,1,0,0,995,0,0,0,08105,9,9,2,3,4,1,2,1,1,1,0,1,0,0,1,1,1,2,9,0,1,2,17,99,1,1,5,L,88,,,,,,,,,,,,,,,,,,,,,,,,,,,95,95,95,95,,,9.8,998,998,998,99.8,99.8,99.8,249.95979139823,1,4