CASEID,PSU,CASENO,CASENUMBER,CATEGORY,VEHNO,VIN,VINLENGTH,MAKE,MODEL,MODELYR,BODYTYPE,BODYCAT,VEHCLASS,SPECUSE,TRANSTAT,DAMPLANE,DAMSEV,CURBWT,CURBSRC,CARGOWT,CARGOSRC,INSPTYPE,INSPLAG,TOWED,SPEEDLIMIT,DRPRESENT,PARALCOHOL,ALCTEST,ALCTESTRESULT,ALCTESTSRC,PARDRUG,DRUGTEST,ZIP,RACE,ETHNICITY,RELTOJUNCT,TRAFFLOW,RDLANES,INITLANE,SURFTYPE,SURFCOND,ALIGNMENT,PROFILE,LINERIGHT,LINELEFT,RUMBINIT,RUMBROAD,LIGHTCOND,WEATHER,TRAFDEV,TRAFFUNCT,DISTRACT,PREFHE,PREMOVE,CRITCAT,CRITEVENT,MANEUVER,PRESTAB,PRELOC,CRASHCAT,CRASHCONF,CRASHTYPE,ROLLTYPE,ROLLTURN,ROLLINTRPT,ROLLPREMAN,ROLLINITYP,ROLLINLOC,ROLLOBJ,ROLLTRIP,ROLLDIR,ROLLDIST,DVANGTHIS,DVANGOTH,TOWHITCH,TRAJDOC,TREEPOLE,DVEVENT,DVBASIS,DVTOTAL,DVLONG,DVLAT,DVENERGY,DVSPEED,DVMOMENT,DVBES,DVEST,DVCONF,VAIS,VISS,VINJURED,VTREAT,INITOBJCLASS,HEADANGLECAT,SHLDRWIDTH,STRKLENGTH,STRKWIDTH,STRKHEIGHT,EDGEDISTX,EDGEDISTY,EDGEDISTZ,CASEWGT,PSUSTRAT,VERSION
13179,17,30,1-17-2019-030-04,4,2,1GCVKREC7JZ2,17,20,481,2018,34,5,31,0,1,F,1,2366,5,318,1,1,5,2,48,1,9,0,995,0,7,0,61231,1,2,2,3,4,3,2,1,1,1,3,3,0,0,1,1,0,0,1,0,1,4,66,2,1,1,5,L,86,0,0,0,0,0,0,0,0,0,0,270,0,0,0,0,1,3,19,-18,7,31850,998,71,16,0,4,0,0,0,0,0,995,9.8,998,998,998,99.8,99.8,99.8,358.997430400721,4,4
13181,33,26,1-33-2019-026-07,7,1,WBAKE5C50BE4,17,34,34,2011,2,1,3,0,1,L,1,1520,5,0,1,1,14,2,40,1,1,9,998,8,0,0,95948,1,2,2,4,2,1,2,2,1,1,0,5,0,0,3,2,0,0,9,1,1,1,6,99,1,4,1,C,11,0,0,0,0,0,0,0,0,0,0,210,255,0,0,0,1,8,999,999,999,9999999,999,999,999,6,0,99,99,0,99,0,995,0.0,118,4,15,0.0,0.0,0.0,280.687442122669,12,4
13181,33,26,1-33-2019-026-07,7,2,3N1BC1AP3AC4,17,35,50,2010,4,1,2,0,2,R,9,1150,5,9999,9,0,998,,,,,,,,,,,,,,,,,,,,,,,,,,,,,,,,,,,,,,,,,,,,,,,,,,,,,,,,,,,,,,,,,,95,95,95,95,,,,,,,,,,280.687442122669,12,4
13182,22,24,1-22-2019-024-07,7,1,JM1BL1TG3D17,17,41,51,2013,4,1,2,0,1,F,1,1304,5,0,2,1,14,2,40,1,0,0,995,0,7,9,83605,1,9,3,4,2,1,2,1,1,1,0,0,0,0,1,1,0,0,2,0,11,2,15,2,1,1,4,K,76,0,0,0,0,0,0,0,0,0,0,70,0,0,0,0,1,5,999,999,999,9999999,999,999,16,2,0,0,0,0,0,0,995,9.8,998,998,998,99.8,99.8,99.8,96.1439439308256,12,4
13182,22,24,1-22-2019-024-07,7,2,1GB6GUBGXG13,17,20,870,2016,61,8,60,3,1,L,9,,,,,,,5,40,1,0,0,995,0,7,9,83501,9,9,3,4,2,1,2,1,1,1,0,4,0,0,1,1,0,0,9,0,1,4,70,1,1,1,4,K,77,,,,,,,,,,,,,,,,,,,,,,,,,,,95,95,95,95,,,9.8,998,998,998,99.8,99.8,99.8,96.1439439308256,12,4
13183,22,25,1-22-2019-025-09,9,1,JS2RA61S4452,17,53,33,2004,4,1,1,0,1,F,1,1207,5,0,1,1,12,2,40,1,0,0,995,0,0,1,83843,1,2,0,4,2,1,2,1,1,4,0,0,0,0,1,8,0,0,9,1,1,2,13,99,1,4,1,C,11,0,0,0,0,0,0,0,0,0,0,165,165,0,0,0,1,1,23,-23,0,9765,998,7,14,0,1,1,1,0,4,0,995,9.8,998,998,998,99.8,99.8,99.8,63.815497164169,12,4
13183,22,25,1-22-2019-025-09,9,2,1C3CDZAG2DN5,17,7,26,2013,4,1,3,0,2,B,1,1636,5,0,1,5,12,,,,,,,,,,,,,,,,,,,,,,,,,,,,,,,,,,,,,,,,,,,,,,,,,,,,,,,,,,,,,,,,,,95,95,95,95,,,,,,,,,,63.815497164169,12,4
13184,22,26,1-22-2019-026-10,10,1,KNDJC7336351,17,63,402,2003,14,3,14,0,1,L,1,1930,5,0,1,1,10,2,97,1,0,0,995,0,0,0,97230,1,2,0,4,2,1,1,3,1,1,1,4,1,1,1,4,0,0,1,1,1,1,6,1,3,4,1,B,7,1,1,2,2,1,4,68,1,2,999,997,997,0,0,0,1,6,999,999,999,9999999,999,999,999,6,0,0,0,0,0,3,997,9.8,998,998,998,99.8,99.8,99.8,363.749975263407,12,4
13185,18,13,1-18-2019-013-03,3,1,JTMJFREV0GJ0,17,49,402,2016,14,3,14,0,1,L,1,1625,5,0,1,1,10,2,72,1,0,0,995,0,0,0,54751,3,2,2,1,5,1,1,1,1,1,2,1,0,0,1,8,1,2,1,0,1,4,60,1,1,1,2,F,45,0,0,0,0,0,0,0,0,0,0,5,10,0,0,0,1,5,999,999,999,9999999,999,999,999,6,0,0,0,0,6,0,995,0.0,999,999,999,99.9,99.9,99.9,154.140544256058,6,4
13185,18,13,1-18-2019-013-03,3,2,1XPXD49X4JD4,17,87,881,2018,66,8,68,0,1,R,9,,,,,,,5,72,1,0,0,995,0,0,0,69343,9,9,2,1,5,2,1,1,1,1,1,3,0,0,1,8,1,2,9,1,15,2,11,99,1,2,2,F,46,,,,,,,,,,,,,,,,,,,,,,,,,,,95,95,95,95,,,9.8,998,998,998,99.8,99.8,99.8,154.140544256058,6,4
13186,18,14,1-18-2019-014-09,9,1,SAJWA51A45WE,17,39,36,2005,4,1,3,0,1,F,1,1595,5,46,2,0,998,2,80,1,0,0,995,0,0,0,34652,1,2,2,1,4,4,1,1,1,1,1,2,0,0,1,8,1,2,2,0,11,2,15,2,1,1,4,J,68,0,0,0,0,0,0,0,0,0,0,140,30,0,0,0,1,3,5,-5,-3,1258,998,-104,3,0,4,1,1,0,5,0,995,9.8,998,998,998,99.8,99.8,99.8,568.308597380942,6,4
13186,18,14,1-18-2019-014-09,9,2,1FTPW14V58FA,17,12,481,2008,34,5,31,0,1,L,1,2258,5,0,1,1,8,2,80,1,0,0,995,0,0,0,54729,1,2,2,1,3,3,1,1,1,1,1,3,0,0,1,8,1,2,1,1,1,4,62,8,1,2,4,J,69,0,0,0,0,0,0,0,0,0,0,30,140,0,0,0,1,3,4,-3,3,3297,998,10,6,0,4,1,2,0,4,0,995,9.8,998,998,998,99.8,99.8,99.8,568.308597380942,6,4
13187,21,23,1-21-2019-023-06,6,1,3HGCG66571G7,17,37,32,2001,4,1,3,0,1,F,9,1375,5,9999,9,0,998,2,113,1,0,0,995,0,0,0,92336,1,9,0,1,5,5,1,2,2,9,3,2,1,1,1,98,0,0,1,0,14,3,50,2,2,1,2,D,20,0,0,0,0,0,0,0,0,0,0,230,230,0,0,0,1,0,999,999,999,9999999,999,999,999,9,0,0,0,0,0,0,995,9.8,998,998,998,99.8,99.8,99.8,275.948101377367,11,4
13187,21,23,1-21-2019-023-06,6,2,JTDKN3DU1A01,17,49,46,2010,5,1,3,0,1,B,9,1380,5,0,2,4,13,2,113,1,0,0,995,0,0,0,92342,1,2,0,2,5,5,1,2,2,9,3,2,1,1,1,98,0,0,1,0,5,3,52,1,1,1,2,D,21,0,0,0,0,0,0,0,0,0,0,230,230,0,0,0,1,98,999,999,999,9999999,999,999,999,9,0,0,0,0,0,0,995,9.8,998,998,998,99.8,99.8,99.8,275.948101377367,11,4
13188,21,24,1-21-2019-024-09,9,1,3C63RRGL5JG3,17,7,482,2018,34,5,31,0,1,L,9,3324,5,9999,9,0,998,5,89,1,0,0,995,0,0,0,98033,9,9,0,2,2,1,2,1,1,9,1,3,2,3,2,1,0,0,9,1,15,2,10,1,1,2,2,F,47,0,0,0,0,0,0,0,0,0,0,60,65,1,0,0,1,0,999,999,999,9999999,999,999,999,9,0,95,95,95,95,0,995,9.8,998,998,998,99.8,99.8,99.8,730.453475795393,11,4
13188,21,24,1-21-2019-024-09,9,2,2HKYF18454H6,17,37,421,2004,15,3,15,0,1,T,2,2007,5,0,1,1,21,2,89,1,0,0,995,0,0,0,92311,1,1,0,2,2,2,2,1,1,9,3,2,1,3,2,1,0,0,1,0,1,4,61,1,1,1,2,F,45,1,2,2,4,1,1,61,1,2,17,997,997,0,0,0,4,6,999,999,999,9999999,999,999,999,7,0,1,3,0,4,3,997,2.8,999,999,999,1.7,1.3,2.0,730.453475795393,11,4
13189,21,25,1-21-2019-025-07,7,1,999999999999,99,99,499,9999,48,6,48,99,1,F,9,9999,9,9999,9,0,998,5,105,1,9,0,995,0,9,0,99999,9,9,0,2,4,3,1,2,3,9,3,3,0,0,1,2,0,0,9,0,14,3,52,1,1,1,2,D,28,0,0,0,0,0,0,0,0,0,0,35,55,9,0,0,2,0,999,999,999,9999999,999,999,999,9,0,95,95,95,95,0,995,9.8,998,998,998,99.8,99.8,99.8,774.223329387927,11,4
13189,21,25,1-21-2019-025-07,7,2,3FA6P0LU8JR1,17,12,23,2018,4,1,4,0,1,B,9,1660,5,9999,9,0,998,5,105,1,0,0,995,0,0,0,91761,9,9,0,2,4,3,1,2,3,9,3,3,0,0,1,2,0,0,1,1,2,3,53,8,1,2,2,D,29,0,0,0,0,0,0,0,0,0,0,60,45,0,0,0,1,0,999,999,999,9999999,999,999,999,9,0,95,95,95,95,0,995,9.8,998,998,998,99.8,99.8,99.8,774.223329387927,11,4
13189,21,25,1-21-2019-025-07,7,3,WDDHF5KB3CA5,17,42,48,2012,4,1,4,0,1,B,1,1845,5,9999,9,1,19,2,105,0,7,7,887,6,8,8,99998,8,8,0,2,4,4,1,2,3,9,2,3,0,0,1,2,0,0,0,8,0,4,61,0,0,0,6,M,98,0,0,0,0,0,0,0,0,0,0,55,35,0,0,0,2,5,999,999,999,9999999,999,999,16,2,0,0,0,0,0,0,995,9.8,998,998,998,99.8,99.8,99.8,774.223329387927,11,4
13190,33,27,1-33-2019-027-03,3,1,1C3CCCABXFN6,17,6,18,2015,4,1,3,0,1,F,2,1575,5,0,1,1,21,2,89,1,0,1,0,2,0,1,95965,1,2,0,4,2,1,2,1,1,1,1,4,3,3,1,1,0,0,3,0,1,3,52,1,1,1,2,D,28,0,0,0,0,0,0,0,0,0,0,0,0,0,1,0,1,1,33,-33,0,34016,998,0,22,0,1,1,2,0,3,0,995,9.8,998,998,998,99.8,99.8,99.8,60.9394357417301,12,4
13190,33,27,1-33-2019-027-03,3,2,5XXGM4A74CG0,17,63,34,2012,4,1,4,0,1,B,2,1454,5,0,1,1,21,2,89,1,0,1,0,2,0,1,95966,1,2,0,4,2,1,2,1,1,1,4,1,3,3,1,1,0,0,9,0,2,3,53,2,1,1,2,D,29,0,0,0,0,0,0,0,0,0,0,0,0,0,1,0,1,1,37,37,0,125999,998,0,45,0,1,0,0,0,3,0,995,9.8,998,998,998,99.8,99.8,99.8,60.9394357417301,12,4
13191,30,29,1-30-2019-029-04,4,1,2C3CDZAG8GH2,17,7,28,2016,2,1,5,0,1,F,1,1785,5,0,1,1,45,2,89,1,1,9,998,8,0,0,85353,9,9,0,2,5,3,2,2,1,1,3,1,0,0,3,2,0,0,1,0,1,3,51,2,9,1,2,D,24,0,0,0,0,0,0,0,0,0,0,270,270,0,0,0,1,1,12,-12,0,11935,998,0,13,0,3,0,0,0,99,0,995,9.8,998,998,998,99.8,99.8,99.8,1021.76841700756,10,4
13191,30,29,1-30-2019-029-04,4,2,5XXGN4A73FG4,17,63,34,2015,4,1,4,0,1,B,1,1468,5,0,1,1,31,2,89,1,0,0,995,0,0,0,85392,1,2,0,2,5,4,2,2,1,1,3,1,0,0,3,2,0,0,1,0,1,3,53,1,1,1,2,D,25,0,0,0,0,0,0,0,0,0,0,270,270,0,0,0,1,1,15,15,0,11784,998,0,14,0,3,0,0,0,0,0,995,9.8,998,998,998,99.8,99.8,99.8,1021.76841700756,10,4
13193,59,26,1-59-2019-026-10,10,1,1G2WK52J5YF3,17,22,20,2000,4,1,4,0,1,F,1,1531,5,0,2,1,9,2,48,1,0,0,995,0,0,0,47807,1,2,2,4,2,1,2,1,1,1,0,2,0,0,1,1,0,0,1,0,1,4,66,3,1,1,5,L,86,0,0,0,0,0,0,0,0,0,0,195,275,0,0,0,1,12,999,999,999,9999999,999,999,13,2,0,0,0,0,0,0,995,9.8,998,998,998,99.8,99.8,99.8,1297.78245624551,6,4
13193,59,26,1-59-2019-026-10,10,2,999999999999,99,37,399,9999,9,1,9,99,1,R,9,9999,9,9999,9,0,998,5,48,1,9,0,995,0,9,0,99999,9,9,2,4,2,1,2,1,1,1,0,0,0,0,1,1,2,2,9,0,1,2,17,99,9,9,5,L,87,0,0,0,0,0,0,0,0,0,0,275,195,0,0,0,1,0,999,999,999,9999999,999,999,999,9,0,95,95,95,95,0,995,9.8,998,998,998,99.8,99.8,99.8,1297.78245624551,6,4
13195,30,30,1-30-2019-030-10,10,1,5NPEU46F66H1,17,55,33,2006,4,1,3,0,1,F,1,1569,5,0,1,1,41,2,72,1,0,0,995,0,0,0,85008,7,1,0,3,2,1,2,2,3,1,1,3,0,0,3,2,0,0,1,1,14,1,6,3,4,4,1,B,7,0,0,0,0,0,0,0,0,0,0,998,998,0,0,0,1,1,12,-10,6,13584,998,101,12,0,1,1,1,0,0,0,998,2.5,999,999,999,4.3,2.5,4.5,8370.16905129819,10,4
13201,11,25,1-11-2019-025-06,6,1,4T1BD1FK2DU0,17,49,40,2013,4,1,3,0,1,F,1,1550,5,0,1,1,14,2,56,1,0,0,995,0,0,0,23831,1,2,0,5,5,2,2,1,2,1,4,3,0,0,1,1,0,0,3,0,14,3,51,2,1,1,2,D,24,0,0,0,0,0,0,0,0,0,0,80,80,0,0,0,1,3,20,-20,0,19305,998,18,17,0,4,0,0,0,4,0,995,9.8,998,998,998,99.8,99.8,99.8,571.763173404055,8,4
13201,11,25,1-11-2019-025-06,6,2,4TAWN72N0VZ2,17,49,472,1997,34,5,31,0,1,B,1,1547,5,9999,9,0,998,5,56,1,0,0,995,0,0,0,23234,9,9,0,5,5,2,2,1,2,1,3,4,0,0,1,1,0,0,1,0,14,3,52,1,1,1,2,D,25,0,0,0,0,0,0,0,0,0,0,80,80,0,0,0,1,3,21,21,0,32522,998,0,23,0,4,95,95,95,95,0,995,9.8,998,998,998,99.8,99.8,99.8,571.763173404055,8,4
13202,11,26,1-11-2019-026-08,8,1,3FAFP31352R1,17,12,37,2002,3,1,2,0,1,F,1,1157,5,0,1,1,13,2,89,1,0,1,156,2,0,2,23111,1,2,1,3,2,1,2,1,2,1,1,3,3,3,2,1,0,0,1,1,14,2,12,2,9,4,1,B,6,0,0,0,0,0,0,0,0,0,0,998,998,0,0,0,1,11,999,999,999,9999999,999,999,999,6,0,2,9,0,3,0,998,1.4,120,999,999,3.3,1.1,3.4,359.967592157998,8,4
13203,11,27,1-11-2019-027-04,4,1,JHMEJ667XVS0,17,37,31,1997,4,1,2,0,1,F,2,1060,5,0,2,0,998,2,32,1,0,0,995,0,0,0,23223,2,2,2,4,3,1,2,1,1,3,0,0,0,0,3,1,2,2,2,0,11,2,15,1,1,1,4,K,82,0,0,0,0,0,0,0,0,0,0,115,255,0,0,0,1,3,30,-23,19,62686,998,127,27,0,4,2,5,0,3,0,995,9.8,998,998,998,99.8,99.8,99.8,1228.66741011616,8,4
13203,11,27,1-11-2019-027-04,4,2,JA32U8FWXFU0,17,52,46,2015,4,1,2,0,1,F,2,1310,5,0,1,1,14,2,64,1,0,0,995,0,0,0,23832,1,2,2,4,3,2,2,1,1,3,1,2,0,0,3,1,0,0,1,0,1,4,67,3,1,1,4,K,83,0,0,0,0,0,0,0,0,0,0,255,115,0,0,0,1,3,25,-25,0,48449,998,3,30,0,4,1,1,0,0,0,995,9.8,998,998,998,99.8,99.8,99.8,1228.66741011616,8,4
13204,24,30,1-24-2019-030-03,3,1,3VWDB7AJ7HM4,17,30,40,2017,4,1,3,0,1,U,2,1364,5,0,1,1,11,2,64,1,1,1,180,1,0,0,08002,1,2,2,4,2,1,2,1,1,1,0,2,0,0,2,1,2,2,3,0,1,2,14,2,1,4,1,C,14,0,0,0,0,0,0,0,0,0,0,998,998,0,0,0,1,98,999,999,999,9999999,999,999,999,7,0,0,0,0,4,0,998,0.3,38,17,18,0.0,0.0,0.0,186.541989234472,1,4
13205,24,31,1-24-2019-031-07,7,1,2T3JF4DV7AW0,17,49,402,2010,14,3,14,0,1,F,1,1579,5,0,1,1,9,2,72,1,0,0,995,0,0,0,08205,1,2,2,4,3,2,2,1,1,1,1,2,0,0,1,1,2,2,1,0,11,2,15,1,1,1,4,K,82,0,0,0,0,0,0,0,0,0,0,350,110,0,0,0,1,3,16,-12,10,15068,998,163,10,0,4,0,0,0,0,0,995,9.8,998,998,998,99.8,99.8,99.8,747.640708693885,1,4
13205,24,31,1-24-2019-031-07,7,2,1FTEW1EB6JFA,17,12,481,2018,34,5,31,0,1,R,1,1955,5,0,1,2,8,5,64,1,0,0,995,0,0,0,08053,9,9,2,4,3,2,2,1,1,1,1,2,0,0,1,1,0,0,9,0,1,4,67,99,1,1,4,K,83,0,0,0,0,0,0,0,0,0,0,110,350,0,0,0,1,3,14,-13,-5,44876,998,99,21,0,4,95,95,95,95,0,995,9.8,998,998,998,99.8,99.8,99.8,747.640708693885,1,4
13206,24,32,1-24-2019-032-04,4,1,JA4AP3AU3JU0,17,52,47,2018,5,1,3,0,1,F,9,1545,5,0,1,3,12,2,80,1,0,0,995,0,0,0,08215,1,2,2,4,2,1,2,1,1,1,1,4,0,0,3,1,0,0,3,0,1,6,87,2,1,1,1,C,13,0,0,0,0,0,0,0,0,0,0,998,998,0,0,0,1,12,999,999,999,9999999,999,999,999,9,0,0,0,0,0,0,998,9.8,998,998,998,99.8,99.8,99.8,523.727557315635,1,4
13207,77,27,1-77-2019-027-03,3,1,1FTEW1EG9GFB,17,12,481,2016,34,5,31,0,1,F,2,2130,5,0,1,1,16,2,113,1,0,0,995,0,0,0,06712,1,2,0,2,2,1,2,1,3,1,1,3,0,1,1,1,0,0,3,1,14,2,13,1,1,4,1,A,1,0,0,0,0,0,0,0,0,0,0,998,998,0,0,1,4,1,34,-34,0,97363,998,-1,33,0,1,2,5,0,3,0,998,3.0,31,29,30,99.0,6.2,99.0,658.356662229669,9,4
13208,77,28,1-77-2019-028-05,5,1,1FAHP3EN0AW1,17,12,37,2010,4,1,2,0,1,F,1,1225,5,0,1,1,5,2,72,1,1,1,159,2,0,0,22902,1,2,0,1,2,2,2,1,2,1,3,2,0,0,1,1,0,0,1,1,14,1,6,4,3,4,1,A,2,0,0,0,0,0,0,0,0,0,0,998,998,0,0,0,1,8,999,999,999,9999999,999,999,999,6,0,2,6,0,3,0,998,1.7,120,29,43,4.5,1.4,4.6,103.127269087679,9,4
13209,77,29,1-77-2019-029-03,3,1,2CNDL53F1863,17,20,404,2008,14,3,14,99,1,R,1,1697,5,9999,9,0,998,5,40,1,0,0,995,0,0,0,99999,9,9,3,4,2,1,2,1,1,2,1,2,0,0,3,1,0,0,1,1,6,2,10,1,1,2,6,M,98,0,0,0,0,0,0,0,0,0,0,320,280,0,0,0,1,3,4,-4,1,1145,998,86,4,0,4,95,95,95,95,0,995,9.8,998,998,998,99.8,99.8,99.8,658.356662229669,9,4
13209,77,29,1-77-2019-029-03,3,2,5NPDH4AE2FH5,17,55,35,2015,4,1,3,0,1,L,1,1305,5,0,1,1,5,2,40,1,0,0,995,0,0,0,06824,3,2,3,4,2,1,2,1,1,2,1,2,0,0,3,1,0,0,1,0,11,4,60,1,1,1,6,M,98,0,0,0,0,0,0,0,0,0,0,280,320,0,0,0,1,3,5,5,3,3450,998,137,6,0,4,0,0,0,4,0,995,9.8,998,998,998,99.8,99.8,99.8,658.356662229669,9,4
13211,73,15,1-73-2019-015-09,9,1,2MEFM74W83X6,17,14,6,2003,4,1,4,1,1,F,1,1900,5,0,1,1,2,2,89,1,0,0,995,0,0,0,04901,1,2,0,4,2,1,2,1,1,1,1,4,1,1,1,1,0,0,1,0,1,6,87,2,1,1,1,C,13,0,0,0,0,0,0,0,0,0,0,998,998,0,0,0,1,10,999,999,999,9999999,999,-43,14,2,0,1,1,0,4,0,998,9.8,998,998,998,99.8,99.8,99.8,128.400860253205,3,4
13212,14,15,1-14-2019-015-09,9,1,1G1ZT54835F2,17,20,37,2005,4,1,3,0,1,F,1,1495,5,9999,9,0,998,5,72,1,0,0,995,0,0,0,78132,9,9,2,3,4,1,2,1,2,1,0,0,0,0,1,1,1,2,9,1,14,2,12,99,1,4,1,B,6,0,0,0,0,0,0,0,0,0,0,265,335,0,0,0,2,3,6,-2,6,2957,998,186,4,0,4,95,95,95,95,0,995,0.0,999,13,13,0.0,0.0,0.0,8097.04603053536,8,4
13212,14,15,1-14-2019-015-09,9,2,1FAFP38313W2,17,12,37,2003,4,1,2,0,1,R,1,1163,5,0,1,1,14,2,72,1,0,0,995,0,0,0,78130,1,2,2,4,6,3,2,1,2,4,3,2,0,0,1,1,1,2,9,0,14,4,66,99,1,1,6,M,98,0,0,0,0,0,0,0,0,0,0,335,265,0,0,0,2,3,8,-6,-5,6859,998,-51,12,0,4,1,2,0,4,0,995,9.8,998,998,998,99.8,99.8,99.8,8097.04603053536,8,4
13212,14,15,1-14-2019-015-09,9,3,4V4NC9EH2FN1,17,51,884,2015,66,8,68,0,1,L,9,,,,,,,2,72,1,0,0,995,0,0,0,60089,9,9,2,4,6,3,2,1,1,2,3,2,0,0,1,1,1,2,9,0,5,4,62,99,1,1,6,M,98,,,,,,,,,,,,,,,,,,,,,,,,,,,95,95,95,95,,,9.8,998,998,998,99.8,99.8,99.8,8097.04603053536,8,4
13213,28,13,1-28-2019-013-09,9,1,1G1JC52F5473,17,20,16,2004,4,1,2,0,1,U,3,1214,5,9999,9,1,9,2,89,1,0,1,0,2,0,1,17771,1,2,0,4,2,1,2,5,3,1,1,2,1,0,1,1,0,0,1,1,14,1,6,2,4,4,1,B,7,1,2,1,2,8,4,42,4,1,5,998,998,0,0,1,1,7,999,999,999,9999999,999,999,999,8,0,2,5,0,3,3,998,1.2,34,34,120,21.5,10.5,23.9,147.502054458683,3,4
13214,28,14,1-28-2019-014-04,4,1,3FA6P0H99FR2,17,12,23,2015,4,1,4,0,1,F,1,1554,5,0,1,1,24,2,113,1,0,0,995,0,0,0,08840,2,2,0,2,2,1,2,5,1,1,1,3,2,3,2,4,0,0,1,1,6,2,11,2,1,2,2,F,48,0,0,0,0,0,0,0,0,0,0,180,180,0,0,0,1,5,999,999,999,9999999,999,999,18,2,0,0,0,0,0,0,995,3.0,999,42,76,1.7,0.8,1.8,120.025325830359,3,4
13214,28,14,1-28-2019-014-04,4,2,1HTGRSNT9GH7,17,84,881,2016,63,8,60,0,1,F,9,,,,,,,5,113,1,0,0,995,0,0,0,16911,9,9,0,2,2,1,2,5,1,1,1,3,2,1,2,4,0,0,9,0,1,4,61,99,1,1,2,F,48,,,,,,,,,,,,,,,,,,,,,,,,,,,95,95,95,95,,,9.8,998,998,998,99.8,99.8,99.8,120.025325830359,3,4
13215,54,15,1-54-2019-015-01,1,1,2FTHF25G4TCA,17,12,481,1996,34,5,31,0,1,F,2,2057,5,0,1,5,30,2,56,1,0,0,995,0,7,0,35565,1,2,0,4,2,1,2,1,1,9,0,0,0,0,1,1,6,2,3,1,1,2,12,99,4,4,1,B,7,0,0,0,0,0,0,0,0,0,0,998,998,0,1,1,1,12,999,999,999,9999999,999,999,999,7,0,5,26,1,1,0,998,9.9,54,50,74,5.2,3.3,6.2,190.261308940954,9,4
13217,54,16,1-54-2019-016-06,6,1,2HGFB2F53DH5,17,37,31,2013,4,1,3,0,1,L,9,1236,5,9999,9,0,998,2,40,1,0,0,995,0,0,0,35654,1,1,2,4,2,1,2,1,1,1,0,2,0,0,5,1,1,2,3,0,1,2,17,9,1,1,5,L,89,0,0,0,0,0,0,0,0,0,0,20,110,0,0,0,1,0,999,999,999,9999999,999,999,999,9,0,1,2,0,4,0,995,9.8,998,998,998,99.8,99.8,99.8,451.18295696232,9,4
13217,54,16,1-54-2019-016-06,6,2,JHMFA36278S0,17,37,31,2008,4,1,3,99,1,F,9,1304,5,9999,9,0,998,2,40,1,0,0,995,0,0,0,35564,1,2,2,4,3,1,2,1,1,1,0,1,0,0,5,1,1,2,9,0,1,4,66,1,1,1,5,L,88,0,0,0,0,0,0,0,0,0,0,110,20,0,0,0,1,0,999,999,999,9999999,999,999,999,9,0,99,99,0,8,0,995,0.0,30,30,120,99.9,99.9,99.9,451.18295696232,9,4
13218,48,14,1-48-2019-014-03,3,1,1FTSW21P15EA,17,12,481,2005,34,5,31,0,1,R,1,2728,5,0,2,1,12,3,80,1,0,0,995,0,0,0,84302,1,2,3,4,2,1,2,1,1,1,1,4,0,0,1,1,0,0,2,0,11,2,15,1,1,1,4,J,68,0,0,0,0,0,0,0,0,0,0,320,150,0,1,0,1,3,8,-7,-4,21153,998,223,9,0,4,0,0,0,0,0,995,9.8,998,998,998,99.8,99.8,99.8,76.5795783928271,12,4
13218,48,14,1-48-2019-014-03,3,2,1VWBT7A3XFC0,17,30,46,2015,4,1,4,0,1,F,1,1439,5,0,2,1,10,2,80,1,0,0,995,0,0,0,84302,1,2,3,4,2,1,2,1,1,1,1,4,0,0,1,1,0,0,1,0,1,4,62,3,1,1,4,J,69,0,0,0,0,0,0,0,0,0,0,150,320,0,1,0,1,3,15,-14,-5,8071,998,-22,12,0,4,0,0,0,0,0,995,9.8,998,998,998,99.8,99.8,99.8,76.5795783928271,12,4
13220,25,15,1-25-2019-015-06,6,1,1G6DM5EVXA01,17,19,18,2010,4,1,4,0,1,L,2,1868,5,9999,9,4,10,2,56,1,8,0,995,0,7,0,04105,1,2,0,4,2,1,2,5,3,1,1,2,0,0,1,1,0,0,1,1,14,1,5,99,3,4,1,A,2,1,2,1,2,1,2,63,1,2,5,997,997,0,1,0,2,6,999,999,999,9999999,999,999,999,7,0,0,0,0,4,3,997,0.5,120,18,17,0.0,0.0,0.0,267.39033703507,2,4
13221,25,16,1-25-2019-016-04,4,1,1G1PG5S94B72,17,20,25,2011,4,1,3,0,1,F,2,1407,5,0,1,1,16,2,56,1,8,0,995,0,7,0,04043,1,2,2,4,2,1,2,1,1,1,0,0,0,0,1,1,1,2,2,0,11,2,15,1,1,1,4,K,82,0,0,0,0,0,0,0,0,0,0,355,90,0,0,0,1,3,39,-39,7,50354,998,19,29,0,1,0,0,0,0,0,995,9.8,998,998,998,99.8,99.8,99.8,571.510037702129,2,4
13221,25,16,1-25-2019-016-04,4,2,4T3BA3BB7FU0,17,49,53,2015,5,1,4,0,1,R,2,1790,5,0,1,3,8,2,56,1,8,0,995,0,7,0,04074,9,9,2,4,3,1,2,1,1,1,1,1,0,0,1,1,1,2,1,0,1,4,67,7,1,1,4,K,83,0,0,0,0,0,0,0,0,0,0,90,355,0,0,0,1,3,32,-6,-31,116819,998,32,39,0,1,0,0,0,0,0,995,9.8,998,998,998,99.8,99.8,99.8,571.510037702129,2,4