CASEID,PSU,CASENO,CASENUMBER,CATEGORY,VEHNO,VIN,VINLENGTH,MAKE,MODEL,MODELYR,BODYTYPE,BODYCAT,VEHCLASS,SPECUSE,TRANSTAT,DAMPLANE,DAMSEV,CURBWT,CURBSRC,CARGOWT,CARGOSRC,INSPTYPE,INSPLAG,TOWED,SPEEDLIMIT,DRPRESENT,PARALCOHOL,ALCTEST,ALCTESTRESULT,ALCTESTSRC,PARDRUG,DRUGTEST,ZIP,RACE,ETHNICITY,RELTOJUNCT,TRAFFLOW,RDLANES,INITLANE,SURFTYPE,SURFCOND,ALIGNMENT,PROFILE,LINERIGHT,LINELEFT,RUMBINIT,RUMBROAD,LIGHTCOND,WEATHER,TRAFDEV,TRAFFUNCT,DISTRACT,PREFHE,PREMOVE,CRITCAT,CRITEVENT,MANEUVER,PRESTAB,PRELOC,CRASHCAT,CRASHCONF,CRASHTYPE,ROLLTYPE,ROLLTURN,ROLLINTRPT,ROLLPREMAN,ROLLINITYP,ROLLINLOC,ROLLOBJ,ROLLTRIP,ROLLDIR,ROLLDIST,DVANGTHIS,DVANGOTH,TOWHITCH,TRAJDOC,TREEPOLE,DVEVENT,DVBASIS,DVTOTAL,DVLONG,DVLAT,DVENERGY,DVSPEED,DVMOMENT,DVBES,DVEST,DVCONF,VAIS,VISS,VINJURED,VTREAT,INITOBJCLASS,HEADANGLECAT,SHLDRWIDTH,STRKLENGTH,STRKWIDTH,STRKHEIGHT,EDGEDISTX,EDGEDISTY,EDGEDISTZ,CASEWGT,PSUSTRAT,VERSION
13223,32,29,1-32-2019-029-09,9,1,JH4CL969X5C0,17,54,39,2005,4,1,3,0,1,L,9,1465,5,9999,9,0,998,2,113,1,0,0,995,0,0,0,75052,9,1,0,2,4,3,1,1,1,1,3,3,0,0,1,1,0,0,9,1,15,2,10,99,1,2,2,F,47,0,0,0,0,0,0,0,0,0,0,170,180,0,0,0,1,0,999,999,999,9999999,999,999,999,9,0,99,99,0,5,0,995,9.8,998,998,998,99.8,99.8,99.8,3935.32022040035,7,4
13223,32,29,1-32-2019-029-09,9,2,JTDKB22U2570,17,49,46,2005,5,1,3,0,1,R,9,1335,5,9999,9,0,998,2,113,1,0,0,995,0,0,0,75149,1,9,0,2,4,4,1,1,1,9,3,2,0,0,1,1,0,0,9,0,1,4,61,99,1,1,2,F,45,0,0,0,0,0,0,0,0,0,0,180,170,0,0,0,1,0,999,999,999,9999999,999,999,999,9,0,99,99,0,5,0,995,9.8,998,998,998,99.8,99.8,99.8,3935.32022040035,7,4
13224,32,30,1-32-2019-030-04,4,1,1FVXJJBBX1HG,17,82,898,2001,63,8,60,0,1,F,9,,,,,,,5,113,1,0,0,995,0,0,0,63344,9,9,0,1,5,3,2,1,2,9,3,3,0,0,1,1,0,0,9,1,15,2,11,99,1,2,2,F,48,,,,,,,,,,,,,,,,,,,,,,,,,,,95,95,95,95,,,9.8,998,998,998,99.8,99.8,99.8,2726.452359466,7,4
13224,32,30,1-32-2019-030-04,4,2,1HGCR2F34FA2,17,37,32,2015,4,1,4,0,1,L,1,1496,5,0,1,1,14,2,113,1,0,0,995,0,0,0,75208,1,1,0,1,5,2,2,1,2,9,3,3,0,0,1,1,0,0,9,0,14,4,60,99,1,1,2,F,48,0,0,0,0,0,0,0,0,0,0,250,260,0,0,0,1,5,999,999,999,9999999,999,999,12,2,0,0,0,0,0,0,995,9.8,998,998,998,99.8,99.8,99.8,2726.452359466,7,4
13225,76,12,1-76-2019-012-05,5,1,1GC2KXCG2BZ1,17,20,481,2011,34,5,31,0,1,T,3,2847,5,9999,9,1,19,2,89,1,8,1,0,2,7,3,12468,1,2,0,4,2,1,2,1,3,1,1,4,0,0,1,1,0,0,3,1,14,2,13,8,9,4,1,A,1,1,2,1,2,1,4,61,1,2,10,997,997,0,1,0,6,6,999,999,999,9999999,999,999,999,8,0,3,14,1,3,3,997,1.4,35,35,120,22.6,4.5,22.7,31.8168615820179,3,4
13226,59,27,1-59-2019-027-02,2,1,1FM5K8D89JGC,17,12,401,2018,14,3,14,0,1,F,2,2146,5,0,1,1,6,2,48,1,0,0,995,0,0,0,47803,1,2,2,2,4,4,2,1,1,1,1,2,0,0,1,8,1,2,2,0,11,2,15,1,1,1,4,J,68,0,0,0,0,0,0,0,0,0,0,310,180,0,0,0,1,3,26,-23,-13,75398,998,-55,28,0,4,2,5,0,4,0,995,9.8,998,998,998,99.8,99.8,99.8,73.6841192868472,6,4
13226,59,27,1-59-2019-027-02,2,2,3FA6P0H74GR1,17,12,23,2016,4,1,4,0,1,F,2,1558,5,0,1,1,12,2,64,1,0,0,995,0,0,0,46016,2,2,2,2,4,1,2,1,1,1,0,3,0,0,1,8,1,2,2,0,1,4,62,1,1,1,4,J,69,0,0,0,0,0,0,0,0,0,0,180,310,0,0,0,1,3,35,-33,12,85608,998,68,33,0,4,0,0,0,0,0,995,9.8,998,998,998,99.8,99.8,99.8,73.6841192868472,6,4
13226,59,27,1-59-2019-027-02,2,3,1FADP3F27HL2,17,12,37,2017,4,1,3,0,1,F,1,1340,5,0,1,1,7,2,48,1,0,0,995,0,0,0,46166,1,2,2,4,2,1,2,1,1,1,0,2,0,0,1,8,1,2,1,0,5,4,66,1,1,1,6,M,98,0,0,0,0,0,0,0,0,0,0,100,250,0,0,0,3,3,16,-15,6,14190,998,21,16,0,4,0,0,0,0,0,995,9.8,998,998,998,99.8,99.8,99.8,73.6841192868472,6,4
13227,59,28,1-59-2019-028-10,10,1,1G2NE12E9XM7,17,22,20,1999,2,1,3,0,1,F,1,1383,5,0,1,1,12,2,48,1,0,0,995,0,0,0,47802,9,9,0,4,2,1,2,1,3,1,0,0,0,0,1,1,0,0,9,1,14,2,13,99,1,4,1,A,3,0,0,0,0,0,0,0,0,0,0,998,998,0,0,1,1,98,999,999,999,9999999,999,999,999,6,0,0,0,0,0,0,998,0.0,32,32,999,10.2,6.0,11.6,18198.7008830752,6,4
13228,52,9,1-52-2019-009-04,4,1,YV4902DZ2C23,17,51,50,2012,6,1,3,0,1,L,1,1928,5,0,1,2,19,5,56,1,0,0,995,0,0,0,59106,9,9,0,5,5,2,2,2,1,1,3,2,0,0,1,8,0,0,2,1,15,2,10,1,1,1,2,F,47,0,0,0,0,0,0,0,0,0,0,355,0,0,0,0,1,8,999,999,999,9999999,999,999,999,6,0,95,95,95,95,0,995,9.8,998,998,998,99.8,99.8,99.8,146.501958149768,12,4
13228,52,9,1-52-2019-009-04,4,2,KL7CJPSB9JB6,17,20,406,2018,14,3,14,0,1,R,2,1476,5,0,1,1,19,2,56,1,0,0,995,0,0,0,59106,1,2,0,5,5,3,2,2,1,1,4,4,0,0,1,8,0,0,1,0,1,4,61,1,1,1,2,F,45,0,0,0,0,0,0,0,0,0,0,0,355,0,0,0,1,8,999,999,999,9999999,999,999,999,7,0,1,1,0,6,0,995,9.8,998,998,998,99.8,99.8,99.8,146.501958149768,12,4
13229,66,19,1-66-2019-019-04,4,1,2HGFC4B59GH3,17,37,31,2016,2,1,3,0,1,F,2,1256,5,0,1,1,15,2,89,1,0,0,995,0,7,0,65734,1,2,0,4,2,1,2,1,1,3,1,2,0,0,1,1,0,0,3,1,1,2,10,8,1,2,3,I,64,0,0,0,0,0,0,0,0,0,0,185,15,0,0,0,1,8,999,999,999,9999999,999,999,999,7,0,0,0,0,0,0,995,9.8,998,998,998,99.8,99.8,99.8,182.70742258655,6,4
13229,66,19,1-66-2019-019-04,4,2,2GCEK13J4812,17,20,481,2008,34,5,31,0,1,L,2,2440,5,0,1,1,7,2,89,1,0,0,995,0,7,0,65712,1,1,0,4,2,1,2,1,1,2,1,2,0,0,1,1,0,0,1,0,1,4,62,8,1,1,3,I,65,0,0,0,0,0,0,0,0,0,0,15,185,0,0,0,1,8,999,999,999,9999999,999,999,999,7,0,0,0,0,0,0,995,0.0,120,120,-47,6.5,2.6,6.9,182.70742258655,6,4
13230,66,20,1-66-2019-020-06,6,1,4T1BF3EK9BU6,17,49,40,2011,4,1,4,0,1,F,1,1500,5,0,1,6,28,5,56,1,0,0,995,0,7,0,65712,9,9,2,4,2,1,2,1,1,1,1,4,0,0,1,1,0,0,3,0,1,3,52,1,1,1,2,D,28,0,0,0,0,0,0,0,0,0,0,999,280,0,0,0,1,5,999,999,999,9999999,999,999,999,6,0,95,95,95,95,0,995,9.8,998,998,998,99.8,99.8,99.8,126.563264397582,6,4
13230,66,20,1-66-2019-020-06,6,2,2G1WG5E34C12,17,20,2,2012,4,1,4,0,1,F,1,1658,5,0,1,1,5,2,56,1,0,0,995,0,7,0,65536,1,1,2,4,2,1,2,1,1,1,1,2,0,0,1,1,0,0,1,0,10,2,16,1,1,1,2,D,31,0,0,0,0,0,0,0,0,0,0,315,190,0,0,0,2,1,11,-11,0,11608,998,-57,12,0,4,1,2,0,4,0,995,9.8,998,998,998,99.8,99.8,99.8,126.563264397582,6,4
13230,66,20,1-66-2019-020-06,6,3,1C4RJFAG9CC1,17,2,404,2012,14,3,14,0,1,L,1,2114,5,0,1,1,13,2,40,1,0,0,995,0,7,0,65712,1,2,2,4,2,1,2,1,1,1,0,0,0,0,1,1,2,2,1,0,5,4,67,4,1,1,6,M,98,0,0,0,0,0,0,0,0,0,0,190,315,0,0,0,2,1,9,-6,7,5755,998,38,8,0,1,0,0,0,0,0,995,9.8,998,998,998,99.8,99.8,99.8,126.563264397582,6,4
13231,16,17,1-16-2019-017-05,5,1,KMHDH4AEXDU6,17,55,35,2013,4,1,3,0,1,F,1,1265,5,0,1,1,7,2,80,1,0,1,0,2,0,0,45211,1,2,1,2,2,1,2,1,2,1,1,1,0,0,1,1,0,0,1,1,15,2,12,1,1,4,1,B,6,0,0,0,0,0,0,0,0,0,0,998,998,0,0,0,1,1,20,-20,0,21814,998,30,20,0,4,2,5,0,3,0,998,9.9,999,999,999,99.9,99.9,99.9,38.6729246992487,5,4
13232,16,18,1-16-2019-018-07,7,1,1FMCU9DG1AKC,17,12,402,2010,14,3,14,0,1,F,1,1609,5,0,1,1,8,2,56,1,0,0,995,0,0,0,45238,1,2,0,4,2,1,2,1,3,4,1,2,0,0,1,1,0,0,3,1,14,2,13,1,1,4,1,A,1,0,0,0,0,0,0,0,0,0,0,998,998,0,0,0,1,1,15,-15,0,17743,998,67,15,0,4,0,0,0,0,0,998,0.5,46,46,69,5.1,0.5,5.2,1763.70787502855,5,4
13233,31,18,1-31-2019-018-10,10,1,1G1ZJ57B79F1,17,20,37,2009,4,1,4,0,1,T,2,1569,5,0,1,1,6,2,89,1,0,0,995,0,0,0,62835,9,9,0,4,2,1,2,2,1,1,1,2,0,0,1,2,0,0,9,1,1,2,13,99,1,4,1,A,1,1,2,2,2,1,4,61,1,2,3,997,997,0,0,0,1,6,999,999,999,9999999,999,999,999,7,0,99,99,0,99,3,997,9.8,998,998,998,99.8,99.8,99.8,301.212188506147,6,4
13234,31,19,1-31-2019-019-04,4,1,2C4RC1EG6JR1,17,6,443,2018,20,4,20,0,1,F,1,2242,5,0,2,1,5,2,89,1,0,0,995,0,0,0,62895,1,2,2,4,2,1,2,2,1,1,1,4,0,0,1,1,2,2,3,0,1,3,52,4,1,1,2,D,28,0,0,0,0,0,0,0,0,0,0,190,190,0,0,0,1,1,13,-13,0,22096,998,0,16,0,1,0,0,0,0,0,995,9.8,998,998,998,99.8,99.8,99.8,240.49101350779,6,4
13234,31,19,1-31-2019-019-04,4,2,1J4GR48K75C6,17,2,404,2005,14,3,14,0,1,B,1,2014,5,0,1,2,8,5,89,1,0,0,995,0,0,0,62837,9,9,2,4,2,1,2,2,1,1,1,4,0,0,1,1,0,0,1,0,2,3,53,1,1,1,2,D,29,0,0,0,0,0,0,0,0,0,0,190,190,0,0,0,1,1,15,15,0,10247,998,-11,11,0,1,95,95,95,95,0,995,9.8,998,998,998,99.8,99.8,99.8,240.49101350779,6,4
13237,48,16,1-48-2019-016-06,6,1,KMHTC6AD4CU0,17,55,42,2012,9,1,3,0,1,F,2,1236,5,0,2,1,15,2,40,1,0,0,995,0,0,0,84302,1,2,0,4,2,1,2,1,1,1,0,0,0,0,1,1,0,0,1,1,12,2,13,1,1,4,6,M,98,0,0,0,0,0,0,0,0,0,0,90,80,0,1,0,1,3,29,-29,0,45644,998,40,29,0,4,1,1,0,5,0,995,9.8,998,998,998,99.8,99.8,99.8,110.006014554027,12,4
13237,48,16,1-48-2019-016-06,6,2,5XYZK4AG5CG1,17,55,401,2012,14,3,14,0,2,B,1,1769,5,9999,9,4,15,,,,,,,,,,,,,,,,,,,,,,,,,,,,,,,,,,,,,,,,,,,,,,,,,,,,,,,,,,,,,,,,,,95,95,95,95,,,,,,,,,,110.006014554027,12,4
13238,19,17,1-19-2019-017-09,9,1,4V4NC9TG4KN9,17,51,881,2019,66,8,68,0,1,F,9,,,,,,,2,72,1,0,0,995,0,0,0,30082,9,9,2,1,4,1,2,1,3,1,1,3,0,0,3,1,1,2,1,0,14,2,17,99,1,1,4,K,83,,,,,,,,,,,,,,,,,,,,,,,,,,,95,95,95,95,,,9.8,998,998,998,99.8,99.8,99.8,6226.52519763189,9,4
13238,19,17,1-19-2019-017-09,9,2,1G1AK55F8771,17,20,22,2007,4,1,2,0,1,L,1,1265,5,0,1,1,5,2,40,1,0,0,995,0,0,0,35905,1,2,2,4,2,1,2,1,1,2,0,2,0,0,3,1,1,2,1,0,11,4,66,1,1,1,4,K,82,0,0,0,0,0,0,0,0,0,0,260,340,0,1,0,1,5,999,999,999,9999999,999,999,12,2,0,2,5,0,6,0,995,9.8,998,998,998,99.8,99.8,99.8,6226.52519763189,9,4
13239,29,29,1-29-2019-029-03,3,1,JTDKDTB38F15,17,49,46,2015,5,1,2,0,1,F,1,1132,5,0,1,1,8,2,89,1,0,0,995,0,0,1,02906,1,2,0,1,2,2,2,1,2,9,3,2,1,3,1,1,0,0,1,0,14,6,87,4,1,1,1,C,13,0,0,0,0,0,0,0,0,0,0,998,998,0,0,0,1,10,999,999,999,9999999,999,-7,14,2,0,3,9,1,3,0,998,9.8,998,998,998,99.8,99.8,99.8,108.2157126124,2,4
13240,29,30,1-29-2019-030-04,4,1,JN8AT2MV3HW2,17,35,51,2017,6,1,3,0,1,F,1,1610,5,0,1,1,3,2,40,1,8,0,995,0,7,0,02874,7,2,2,4,3,1,2,1,1,1,1,1,0,0,1,8,1,2,1,0,1,2,17,4,1,1,5,L,86,0,0,0,0,0,0,0,0,0,0,175,260,0,0,0,1,1,10,-9,5,13115,998,69,13,0,1,0,0,0,0,0,995,9.8,998,998,998,99.8,99.8,99.8,285.96770486726,2,4
13240,29,30,1-29-2019-030-04,4,2,1FMZU73E22ZA,17,12,401,2002,14,3,14,0,1,R,1,1970,5,0,1,1,3,2,40,1,8,0,995,0,7,0,18603,1,2,2,4,2,1,2,1,1,1,1,2,0,0,1,8,1,2,1,0,1,2,17,2,1,1,5,L,87,0,0,0,0,0,0,0,0,0,0,260,175,0,0,0,1,1,8,-4,-7,3234,998,-92,5,0,1,0,0,0,0,0,995,9.8,998,998,998,99.8,99.8,99.8,285.96770486726,2,4
13241,29,31,1-29-2019-031-07,7,1,1C4RJFAG1CC1,17,2,404,2012,14,3,14,0,1,F,1,2114,5,0,1,1,31,2,40,1,8,9,998,8,7,9,02719,9,9,2,4,2,1,2,2,3,1,0,0,0,0,2,4,0,0,9,1,14,2,13,99,1,4,1,A,1,0,0,0,0,0,0,0,0,0,0,998,998,0,0,0,1,1,12,-12,0,13406,998,20,12,0,4,0,0,0,4,0,998,0.0,98,48,120,0.0,0.0,0.0,459.639980803456,2,4
13242,22,27,1-22-2019-027-09,9,1,4S3BH6862376,17,48,45,2003,6,1,3,0,1,F,1,1617,5,0,1,1,18,2,97,1,0,0,995,0,0,0,83843,1,2,0,3,1,1,2,1,3,1,1,1,0,0,1,8,0,0,3,1,14,2,12,1,1,4,1,B,6,0,0,0,0,0,0,0,0,0,0,998,998,0,0,0,1,1,11,-11,0,9772,998,-59,11,0,4,2,5,0,4,0,998,1.2,34,49,74,9.3,1.2,9.3,142.343750070468,12,4
13243,22,28,1-22-2019-028-03,3,1,1G1ZJ5SU1GF3,17,20,37,2016,4,1,4,0,1,F,1,1536,5,0,1,1,16,2,40,1,0,1,0,2,0,2,83843,1,2,0,4,5,2,2,2,1,1,3,1,0,0,1,8,0,0,3,1,1,2,10,1,1,2,3,G,50,0,0,0,0,0,0,0,0,0,0,330,190,0,0,0,1,1,23,-22,-4,68834,998,-76,30,0,1,1,3,0,4,0,995,9.8,998,998,998,99.8,99.8,99.8,49.798219346877,12,4
13243,22,28,1-22-2019-028-03,3,2,JF2SJAAC4EH4,17,48,401,2014,14,3,14,0,1,F,1,1550,5,0,2,1,16,2,40,1,0,0,995,0,0,0,83832,1,2,0,4,5,1,2,2,1,1,1,3,0,0,1,8,0,0,1,0,1,4,62,4,1,1,3,G,51,0,0,0,0,0,0,0,0,0,0,190,330,0,0,0,1,1,21,-18,11,18168,998,103,13,0,1,1,1,0,4,0,995,9.8,998,998,998,99.8,99.8,99.8,49.798219346877,12,4
13244,27,15,1-27-2019-015-03,3,1,2HGFC2F51JH5,17,37,31,2018,4,1,3,0,1,F,1,1244,5,0,1,1,14,3,64,1,8,9,998,8,7,9,01201,1,2,0,4,2,1,2,1,1,4,1,2,0,0,1,1,0,0,1,1,1,2,12,8,1,4,1,B,6,0,0,0,0,0,0,0,0,0,0,998,998,0,0,2,2,10,999,999,999,9999999,999,98,22,2,0,1,1,0,4,0,998,1.3,15,15,78,24.5,3.2,24.3,23.6316014774477,3,4
13245,27,16,1-27-2019-016-10,10,1,5TEUU42N78Z4,17,49,472,2008,34,5,30,0,1,F,1,1791,5,46,1,3,6,2,72,1,9,9,998,8,9,9,01224,1,2,2,1,2,2,2,1,1,1,3,2,0,2,1,1,0,0,1,0,1,4,62,3,1,1,4,J,69,0,0,0,0,0,0,0,0,0,0,190,320,0,0,0,1,3,6,-6,-3,5362,998,-59,8,0,4,0,0,0,0,0,995,9.8,998,998,998,99.8,99.8,99.8,617.408783607992,3,4
13245,27,16,1-27-2019-016-10,10,2,JTMBD32V2860,17,49,402,2008,14,3,14,0,1,R,1,1562,5,0,1,1,6,2,72,1,9,9,998,8,9,9,01220,1,2,2,1,3,3,2,1,1,1,1,2,0,2,1,1,0,0,1,0,11,2,15,1,1,1,4,J,68,0,0,0,0,0,0,0,0,0,0,320,190,0,0,0,1,3,8,-1,-7,9880,998,207,7,0,1,0,0,0,0,0,995,9.8,998,998,998,99.8,99.8,99.8,617.408783607992,3,4
13246,10,12,1-10-2019-012-05,5,1,5TDZT34A02S1,17,49,422,2002,15,3,15,0,1,B,1,2390,5,9999,9,0,998,5,64,1,0,0,995,0,0,0,45405,9,9,2,1,3,2,2,1,1,1,3,1,0,0,1,1,1,2,1,0,2,3,53,1,1,1,2,D,30,0,0,0,0,0,0,0,0,0,0,230,230,0,0,0,1,3,10,10,0,11408,998,0,11,0,4,95,95,95,95,0,995,9.8,998,998,998,99.8,99.8,99.8,37.0256669977811,4,4
13246,10,12,1-10-2019-012-05,5,2,3C4PDCDG6CT1,17,7,27,2012,6,1,4,0,1,F,1,1772,5,0,1,1,8,2,64,1,0,0,995,0,0,0,45322,2,2,2,1,3,2,2,1,1,1,3,1,0,0,1,1,1,2,1,0,1,3,52,2,1,1,2,D,28,0,0,0,0,0,0,0,0,0,0,230,230,0,0,0,1,3,13,-13,0,10795,998,0,12,0,4,2,5,0,3,0,995,9.8,998,998,998,99.8,99.8,99.8,37.0256669977811,4,4
13248,17,31,1-17-2019-031-01,1,1,1D7HU18D44J1,17,7,482,2004,34,5,31,0,1,F,3,2333,5,0,1,1,13,2,113,1,8,0,995,0,7,0,61443,1,2,0,2,2,1,2,1,1,1,1,3,2,3,1,1,0,0,9,0,1,3,50,99,1,1,2,D,20,0,0,0,0,0,0,0,0,0,0,270,270,0,0,0,1,5,999,999,999,9999999,999,999,999,8,0,3,22,2,1,0,995,9.8,998,998,998,99.8,99.8,99.8,99.4915802784552,4,4
13248,17,31,1-17-2019-031-01,1,2,999999999999,99,85,890,2015,66,8,68,0,1,B,9,,,,,,,3,113,1,9,0,995,0,7,0,52254,9,9,0,2,2,1,2,1,1,1,1,3,2,3,1,1,0,0,9,0,5,3,53,99,1,1,2,D,21,,,,,,,,,,,,,,,,,,,,,,,,,,,95,95,95,95,,,9.8,998,998,998,99.8,99.8,99.8,99.4915802784552,4,4
13249,17,32,1-17-2019-032-04,4,1,3N1AB7AP5FL6,17,35,43,2015,4,1,3,0,1,R,3,1293,5,0,1,1,4,2,113,1,9,0,995,0,9,0,61376,1,2,0,1,3,3,2,1,2,1,3,2,1,3,1,1,0,0,1,1,14,2,11,3,3,6,2,F,48,0,0,0,0,0,0,0,0,0,0,120,100,0,0,0,1,5,999,999,999,9999999,999,999,50,4,0,1,1,0,0,0,995,9.8,998,998,998,99.8,99.8,99.8,1567.11536418308,4,4
13249,17,32,1-17-2019-032-04,4,2,1FTPX14575FB,17,12,481,2005,34,5,30,0,1,F,1,2348,5,2268,2,1,3,2,113,1,9,0,995,0,9,0,52761,1,2,0,1,3,2,2,1,2,1,1,3,2,3,1,1,0,0,1,0,14,4,60,1,1,1,2,F,48,0,0,0,0,0,0,0,0,0,0,100,120,1,0,0,1,5,999,999,999,9999999,999,999,999,2,0,1,1,0,0,0,995,9.8,998,998,998,99.8,99.8,99.8,1567.11536418308,4,4
13250,17,33,1-17-2019-033-05,5,1,5J6RE4H58AL0,17,37,402,2010,14,3,14,0,1,L,2,1604,5,0,1,1,9,2,89,1,9,0,995,0,7,0,61238,9,9,2,4,2,1,2,1,2,1,1,2,0,0,1,1,2,2,9,0,11,2,15,99,1,1,4,K,82,0,0,0,0,0,0,0,0,0,0,120,240,0,0,0,1,5,999,999,999,9999999,999,999,33,3,0,9,97,0,8,0,995,9.8,998,998,998,99.8,99.8,99.8,63.6790843284297,4,4
13250,17,33,1-17-2019-033-05,5,2,999999999999,99,82,890,2003,78,8,78,0,1,F,9,,,,,,,2,89,1,9,0,995,0,7,0,61283,9,9,2,4,2,1,2,1,3,1,1,2,0,0,1,1,0,0,9,0,14,4,67,99,9,1,4,K,83,,,,,,,,,,,,,,,,,,,,,,,,,,,95,95,95,95,,,9.8,998,998,998,99.8,99.8,99.8,63.6790843284297,4,4
13251,33,28,1-33-2019-028-04,4,1,3N1AB7AP9JY2,17,35,43,2018,4,1,3,0,1,R,1,1300,5,0,1,1,23,2,56,1,0,0,995,0,0,0,95972,1,2,0,4,2,1,2,1,3,4,1,2,0,0,1,1,0,0,1,1,14,2,13,3,9,4,1,A,3,0,0,0,0,0,0,0,0,0,0,998,998,0,0,0,1,12,999,999,999,9999999,999,999,999,6,0,1,1,0,6,0,998,9.8,998,998,998,99.8,99.8,99.8,140.386198018832,12,4
13252,33,29,1-33-2019-029-06,6,1,WAUFGAFB7AN0,17,32,42,2010,4,1,4,0,1,F,3,1870,5,0,1,1,39,2,105,1,0,0,995,0,0,0,95953,1,2,2,1,4,3,2,1,1,1,3,1,0,1,1,1,1,2,3,0,1,3,50,1,1,1,2,D,20,0,0,0,0,0,0,0,0,0,0,165,165,0,0,0,1,1,40,-40,0,99004,998,0,36,0,4,0,0,0,0,0,995,9.8,998,998,998,99.8,99.8,99.8,62.596670422776,12,4
13252,33,29,1-33-2019-029-06,6,2,1GCHK23G07F1,17,20,481,2007,34,5,31,0,1,B,2,2668,5,54,1,1,18,2,105,1,0,1,0,2,0,1,95945,1,2,2,1,4,3,2,1,1,1,3,1,0,0,1,1,1,2,1,0,5,3,53,1,1,1,2,D,21,0,0,0,0,0,0,0,0,0,0,165,165,0,0,0,1,1,27,27,0,102199,998,-21,30,0,4,1,1,0,3,0,995,9.8,998,998,998,99.8,99.8,99.8,62.596670422776,12,4
13253,33,30,1-33-2019-030-08,8,1,3GCPKSE77DG1,17,20,481,2013,34,5,31,0,1,F,1,2397,5,0,1,2,20,5,72,1,9,0,995,0,9,0,95901,9,9,2,4,2,1,2,1,2,1,1,2,0,0,1,1,1,2,9,0,11,2,15,2,1,1,4,J,68,0,0,0,0,0,0,0,0,0,0,340,190,0,0,0,1,1,17,-17,-3,23488,998,-12,16,0,1,95,95,95,95,0,995,9.8,998,998,998,99.8,99.8,99.8,41.0533743278181,12,4
13253,33,30,1-33-2019-030-08,8,2,JA4LX31F84U0,17,52,47,2004,5,1,2,0,1,F,2,1470,5,0,1,1,20,2,72,1,0,0,995,0,0,0,95966,1,2,2,4,2,1,2,1,1,1,1,2,0,0,1,1,1,2,1,0,1,4,62,1,1,1,4,J,69,0,0,0,0,0,0,0,0,0,0,190,340,0,0,0,1,1,27,-25,9,51217,998,47,28,0,1,0,0,0,4,0,995,9.8,998,998,998,99.8,99.8,99.8,41.0533743278181,12,4
13254,26,31,1-26-2019-031-06,6,1,2FTHF25M7MCA,17,12,481,1991,34,5,30,0,1,F,9,1868,5,454,8,0,998,5,89,1,0,0,995,0,0,0,95665,9,9,2,4,5,2,2,1,1,1,1,1,0,0,1,1,1,2,1,0,1,3,52,4,1,1,2,D,28,0,0,0,0,0,0,0,0,0,0,90,85,1,0,0,1,0,999,999,999,9999999,999,999,999,9,0,95,95,95,95,0,995,9.8,998,998,998,99.8,99.8,99.8,1064.3954429779,10,4
13254,26,31,1-26-2019-031-06,6,2,KMHDH4AE8BU1,17,55,35,2011,4,1,3,0,1,B,2,1265,5,0,1,1,17,2,89,1,0,0,995,0,0,0,94002,4,2,2,4,5,2,2,1,1,1,1,1,0,0,1,1,1,2,1,0,2,3,53,1,1,1,2,D,29,0,0,0,0,0,0,0,0,0,0,85,90,0,0,0,1,5,999,999,999,9999999,999,999,26,3,0,1,1,0,4,0,995,9.8,998,998,998,99.8,99.8,99.8,1064.3954429779,10,4
13255,18,15,1-18-2019-015-06,6,1,KNALD1247550,17,63,35,2005,4,1,4,0,1,R,1,1855,5,9999,9,0,998,5,72,1,0,0,995,0,0,0,54722,9,9,2,1,5,5,1,1,1,1,1,2,0,0,3,1,1,2,1,0,11,2,15,99,1,1,4,J,68,0,0,0,0,0,0,0,0,0,0,160,40,0,0,0,1,3,15,-11,-10,34447,998,93,18,0,4,95,95,95,95,0,995,9.8,998,998,998,99.8,99.8,99.8,199.841637289809,6,4
13255,18,15,1-18-2019-015-06,6,2,5FNYF4H58DB0,17,37,421,2013,15,3,15,0,1,F,1,2058,5,0,1,1,4,2,72,1,0,0,995,0,0,0,54703,3,2,2,1,5,3,1,1,1,1,3,1,0,0,3,1,1,2,1,0,1,4,62,2,1,1,4,J,69,0,0,0,0,0,0,0,0,0,0,40,160,0,0,0,1,3,12,-12,4,13023,998,130,9,0,4,1,1,0,4,0,995,9.8,998,998,998,99.8,99.8,99.8,199.841637289809,6,4
13256,13,22,1-13-2019-022-03,3,1,1HGCS12808A0,17,37,32,2008,2,1,3,0,1,L,1,1491,5,0,1,2,32,5,80,1,0,0,995,0,0,0,75028,9,9,2,4,2,1,2,1,1,4,0,2,0,0,3,1,2,2,9,0,10,2,16,99,1,1,4,K,78,0,0,0,0,0,0,0,0,0,0,10,70,0,0,0,1,1,15,5,14,22537,998,158,13,0,4,95,95,95,95,0,995,9.8,998,998,998,99.8,99.8,99.8,600.242616445072,7,4
13256,13,22,1-13-2019-022-03,3,2,1C4RJEBGXHC6,17,2,422,2017,15,3,15,0,1,F,1,2125,8,0,1,1,11,2,80,1,0,0,995,0,0,0,76053,1,1,2,1,3,1,2,1,1,4,1,3,0,0,3,1,0,0,1,0,1,4,65,3,1,1,4,K,79,0,0,0,0,0,0,0,0,0,0,70,10,0,0,0,1,1,10,-10,-2,12257,998,22,12,0,4,0,0,0,0,0,995,9.8,998,998,998,99.8,99.8,99.8,600.242616445072,7,4