CASEID,PSU,CASENO,CASENUMBER,CATEGORY,VEHNO,VIN,VINLENGTH,MAKE,MODEL,MODELYR,BODYTYPE,BODYCAT,VEHCLASS,SPECUSE,TRANSTAT,DAMPLANE,DAMSEV,CURBWT,CURBSRC,CARGOWT,CARGOSRC,INSPTYPE,INSPLAG,TOWED,SPEEDLIMIT,DRPRESENT,PARALCOHOL,ALCTEST,ALCTESTRESULT,ALCTESTSRC,PARDRUG,DRUGTEST,ZIP,RACE,ETHNICITY,RELTOJUNCT,TRAFFLOW,RDLANES,INITLANE,SURFTYPE,SURFCOND,ALIGNMENT,PROFILE,LINERIGHT,LINELEFT,RUMBINIT,RUMBROAD,LIGHTCOND,WEATHER,TRAFDEV,TRAFFUNCT,DISTRACT,PREFHE,PREMOVE,CRITCAT,CRITEVENT,MANEUVER,PRESTAB,PRELOC,CRASHCAT,CRASHCONF,CRASHTYPE,ROLLTYPE,ROLLTURN,ROLLINTRPT,ROLLPREMAN,ROLLINITYP,ROLLINLOC,ROLLOBJ,ROLLTRIP,ROLLDIR,ROLLDIST,DVANGTHIS,DVANGOTH,TOWHITCH,TRAJDOC,TREEPOLE,DVEVENT,DVBASIS,DVTOTAL,DVLONG,DVLAT,DVENERGY,DVSPEED,DVMOMENT,DVBES,DVEST,DVCONF,VAIS,VISS,VINJURED,VTREAT,INITOBJCLASS,HEADANGLECAT,SHLDRWIDTH,STRKLENGTH,STRKWIDTH,STRKHEIGHT,EDGEDISTX,EDGEDISTY,EDGEDISTZ,CASEWGT,PSUSTRAT,VERSION
13327,13,24,1-13-2019-024-02,2,1,WD3PE7CC0FP1,17,42,461,2015,21,4,21,0,1,F,9,2324,5,9999,9,0,998,2,80,1,0,0,995,0,0,0,76040,1,9,2,3,5,3,2,1,1,4,3,1,0,0,1,8,1,2,9,0,1,3,50,7,1,1,2,D,20,0,0,0,0,0,0,0,0,0,0,230,230,0,0,0,1,0,999,999,999,9999999,999,999,999,9,0,9,97,0,8,0,995,9.8,998,998,998,99.8,99.8,99.8,59.6822551523754,7,4
13327,13,24,1-13-2019-024-02,2,2,1GB6G5CG4E11,17,20,870,2014,61,8,60,0,1,B,9,,,,,,,2,80,1,0,0,995,0,0,0,76137,9,9,2,3,5,3,2,1,1,4,3,1,0,0,1,8,1,2,9,0,5,3,53,99,1,1,2,D,21,,,,,,,,,,,,,,,,,,,,,,,,,,,95,95,95,95,,,9.8,998,998,998,99.8,99.8,99.8,59.6822551523754,7,4
13327,13,24,1-13-2019-024-02,2,3,JTJYWRBZ3G20,17,59,405,2016,14,3,14,0,1,B,9,1835,5,9999,9,0,998,5,80,1,0,0,995,0,0,0,76034,9,9,2,3,5,3,2,1,1,4,3,1,0,0,1,8,1,2,9,0,5,3,53,99,1,1,6,M,98,0,0,0,0,0,0,0,0,0,0,230,230,0,0,0,2,0,999,999,999,9999999,999,999,999,9,0,95,95,95,95,0,995,9.8,998,998,998,99.8,99.8,99.8,59.6822551523754,7,4
13328,13,25,1-13-2019-025-07,7,1,3N1CN7AP3EL8,17,35,50,2014,4,1,2,0,1,F,9,1132,5,9999,9,0,998,2,56,1,0,0,995,0,0,0,75052,1,9,0,3,2,1,2,1,1,1,0,3,0,0,1,1,8,2,9,0,1,3,50,99,1,1,2,D,20,0,0,0,0,0,0,0,0,0,0,180,180,0,0,0,1,0,999,999,999,9999999,999,999,999,9,0,0,0,0,0,0,995,9.8,998,998,998,99.8,99.8,99.8,6323.28872142048,7,4
13328,13,25,1-13-2019-025-07,7,2,2HNYD2H62BH5,17,54,421,2011,15,3,15,0,1,B,9,2064,5,9999,9,0,998,5,56,1,0,0,995,0,0,0,75052,9,9,0,3,2,1,2,1,1,1,0,3,0,0,1,1,8,2,9,0,5,3,53,99,1,1,2,D,21,0,0,0,0,0,0,0,0,0,0,180,180,0,0,0,1,0,999,999,999,9999999,999,999,999,9,0,95,95,95,95,0,995,9.8,998,998,998,99.8,99.8,99.8,6323.28872142048,7,4
13329,30,33,1-30-2019-033-04,4,1,WBA3C1C51FK1,17,34,34,2015,4,1,4,0,1,F,2,1524,5,0,1,1,35,2,105,1,0,0,995,0,0,0,85295,1,2,1,3,2,1,2,1,1,1,1,3,0,0,1,8,0,0,1,0,1,3,52,3,1,1,2,D,28,0,0,0,0,0,0,0,0,0,0,90,90,0,0,0,1,3,31,-31,-5,67019,998,-36,32,0,4,0,0,0,0,0,995,9.8,998,998,998,99.8,99.8,99.8,2354.69519837543,10,4
13329,30,33,1-30-2019-033-04,4,2,2C4RDGBG6DR7,17,7,442,2013,20,4,20,1,1,B,2,2050,5,9999,9,0,998,5,105,1,0,0,995,0,0,0,85208,9,9,1,3,2,1,2,1,1,1,1,3,0,0,1,8,0,0,9,0,2,3,53,1,1,1,2,D,29,0,0,0,0,0,0,0,0,0,0,90,90,0,0,0,1,3,25,24,4,50865,998,-49,24,0,4,95,95,95,95,0,995,9.8,998,998,998,99.8,99.8,99.8,2354.69519837543,10,4
13329,30,33,1-30-2019-033-04,4,3,1FTEX1EM1EKG,17,12,481,2014,34,5,31,0,1,B,9,9999,9,9999,9,0,998,5,105,1,0,0,995,0,0,0,85297,9,9,1,3,2,1,2,1,1,1,1,3,0,0,1,8,0,0,9,0,2,2,18,1,1,1,6,M,98,0,0,0,0,0,0,0,0,0,0,90,90,0,0,0,2,0,999,999,999,9999999,999,999,999,9,0,95,95,95,95,0,995,9.8,998,998,998,99.8,99.8,99.8,2354.69519837543,10,4
13330,30,34,1-30-2019-034-03,3,1,1D7HA18N18S6,17,7,482,2008,34,5,31,0,1,F,1,2208,5,0,1,3,29,5,64,1,0,0,995,0,0,0,85392,9,9,2,4,3,2,2,1,1,4,1,2,0,0,1,1,2,2,1,0,11,2,15,1,1,1,4,K,82,0,0,0,0,0,0,0,0,0,0,150,275,0,0,0,1,3,14,-12,7,17083,998,126,11,0,4,95,95,95,95,0,995,9.8,998,998,998,99.8,99.8,99.8,840.084135008245,10,4
13330,30,34,1-30-2019-034-03,3,2,1VWBS7A36GC0,17,30,46,2016,4,1,4,0,1,B,3,1439,5,0,1,1,31,2,64,1,0,1,0,2,0,2,85340,9,9,2,1,3,2,2,1,1,1,3,1,0,0,1,1,0,0,9,0,1,4,67,2,1,1,4,K,83,0,0,0,0,0,0,0,0,0,0,998,998,0,0,1,4,1,72,71,12,302059,998,-2,72,0,2,2,9,0,3,0,998,0.3,5,5,120,4.5,0.3,0.0,840.084135008245,10,4
13331,21,31,1-21-2019-031-03,3,1,1G1ZE5ST5HF2,17,20,37,2017,4,1,4,0,1,B,3,1400,5,0,2,1,67,2,113,1,0,0,995,0,0,0,92394,2,2,0,3,5,5,1,2,2,9,3,2,1,3,2,2,0,0,9,1,13,2,20,1,1,2,6,M,92,0,0,0,0,0,0,0,0,0,0,80,90,0,0,0,1,5,999,999,999,9999999,999,999,58,5,0,2,5,0,4,0,995,9.8,998,998,998,99.8,99.8,99.8,917.603016401786,11,4
13331,21,31,1-21-2019-031-03,3,2,999999999999,99,82,881,2018,66,8,68,0,1,L,9,,,,,,,2,89,1,0,0,995,0,0,0,83201,9,9,0,3,5,1,1,2,2,9,1,3,2,3,2,2,0,0,1,0,14,4,60,99,1,1,6,M,93,,,,,,,,,,,,,,,,,,,,,,,,,,,95,95,95,95,,,9.8,998,998,998,99.8,99.8,99.8,917.603016401786,11,4
13332,21,32,1-21-2019-032-02,2,1,1FMRU15L12LA,17,12,422,2002,15,3,15,0,1,F,1,2219,5,9999,9,4,22,2,89,1,0,0,995,0,0,0,91354,1,9,0,4,2,1,2,1,1,1,1,4,0,0,1,7,0,0,3,0,1,3,50,3,1,1,2,D,20,0,0,0,0,0,0,0,0,0,0,260,265,0,0,0,1,12,999,999,999,9999999,999,999,999,2,0,3,14,1,3,0,995,9.8,998,998,998,99.8,99.8,99.8,35.1295289192636,11,4
13332,21,32,1-21-2019-032-02,2,2,NM0LS7E76F12,17,12,444,2015,20,4,20,0,1,B,2,1624,5,9999,9,4,110,2,89,1,0,1,0,2,0,2,89031,9,1,0,4,2,1,2,1,1,1,1,3,0,0,1,7,0,0,1,0,5,3,53,1,1,1,2,D,21,0,0,0,0,0,0,0,0,0,0,265,260,0,0,0,1,11,999,999,999,9999999,999,999,999,7,0,3,11,1,3,0,995,9.8,998,998,998,99.8,99.8,99.8,35.1295289192636,11,4
13332,21,32,1-21-2019-032-02,2,3,3D3MU48C83G8,17,7,482,2003,34,5,31,0,1,B,1,3041,8,9999,9,4,21,5,89,1,0,0,995,0,0,0,89005,9,9,0,4,2,1,2,1,1,1,1,4,0,0,1,7,0,0,1,0,5,3,53,1,1,1,6,M,98,0,0,0,0,0,0,0,0,0,0,265,270,0,0,0,2,12,999,999,999,9999999,999,999,999,1,0,95,95,95,95,0,995,9.8,998,998,998,99.8,99.8,99.8,35.1295289192636,11,4
13333,21,33,1-21-2019-033-02,2,1,JTEBU5JRXG53,17,49,401,2016,14,3,14,0,1,F,1,2111,5,9999,9,4,37,2,113,1,0,0,995,0,0,0,89141,1,9,0,2,2,1,2,1,1,1,1,3,2,3,2,1,0,0,1,0,1,3,51,3,1,1,2,D,24,1,4,2,5,1,1,61,1,2,24,60,60,0,0,0,1,12,999,999,999,9999999,999,999,999,2,0,99,99,0,8,3,995,9.8,998,998,998,99.8,99.8,99.8,35.1295289192636,11,4
13333,21,33,1-21-2019-033-02,2,2,4S4BSBFCXG32,17,48,45,2016,6,1,3,0,1,B,2,1614,5,9999,9,5,25,2,113,1,0,1,0,2,0,1,97203,1,2,0,2,2,1,2,1,1,1,1,3,2,3,2,1,0,0,9,0,3,3,53,1,1,7,2,D,25,0,0,0,0,0,0,0,0,0,0,60,60,0,0,0,1,12,999,999,999,9999999,999,999,999,3,0,4,34,1,3,0,995,2.8,999,999,999,23.4,3.0,23.7,35.1295289192636,11,4
13333,21,33,1-21-2019-033-02,2,3,2B7HB11X61K5,17,7,461,2001,21,4,21,0,1,F,1,1898,5,46,2,1,32,2,113,1,0,0,995,0,0,0,91950,9,1,0,2,2,2,2,1,1,1,3,2,1,3,2,1,0,0,1,0,1,4,61,7,1,4,6,M,98,1,1,2,3,1,1,61,1,2,15,998,998,0,0,0,2,10,999,999,999,9999999,999,96,19,2,0,3,17,1,3,3,998,1.6,999,999,999,13.2,3.4,14.1,35.1295289192636,11,4
13337,26,35,1-26-2019-035-07,7,1,2G1WF5EK3B12,17,20,2,2011,4,1,4,0,1,F,1,1613,5,9999,9,4,29,2,48,1,1,9,998,8,9,9,95831,2,9,0,4,2,1,2,1,1,1,0,2,0,0,3,1,0,0,9,1,1,2,13,99,1,4,1,C,11,0,0,0,0,0,0,0,0,0,0,270,270,0,0,0,1,12,999,999,999,9999999,999,999,999,6,0,99,99,0,99,0,995,9.8,998,998,998,99.8,99.8,99.8,1883.1815792625,10,4
13337,26,35,1-26-2019-035-07,7,2,5TDZT34A23S1,17,49,422,2003,15,3,15,0,2,B,1,2390,5,9999,9,4,30,,,,,,,,,,,,,,,,,,,,,,,,,,,,,,,,,,,,,,,,,,,,,,,,,,,,,,,,,,,,,,,,,,95,95,95,95,,,,,,,,,,1883.1815792625,10,4
13339,14,18,1-14-2019-018-03,3,1,1FAHP3HN4BW1,17,12,37,2011,4,1,2,0,1,F,1,1225,5,0,1,1,34,2,48,1,0,0,995,0,0,0,78130,1,1,2,4,4,2,2,1,1,1,0,2,0,0,1,8,1,2,9,0,11,2,15,2,1,1,4,J,68,0,0,0,0,0,0,0,0,0,0,180,30,0,0,0,1,1,23,-23,4,36253,998,-17,27,0,4,0,0,0,0,0,995,9.8,998,998,998,99.8,99.8,99.8,839.933700654909,8,4
13339,14,18,1-14-2019-018-03,3,2,1FTEW1CPXFKD,17,12,481,2015,34,5,31,0,1,L,1,2028,5,0,1,1,34,2,48,1,0,0,995,0,0,0,78130,1,1,2,4,4,2,2,1,1,1,0,2,0,0,1,8,1,2,9,0,1,4,62,4,1,1,4,J,69,0,0,0,0,0,0,0,0,0,0,30,180,0,0,0,1,1,14,-11,9,9485,998,-74,10,0,4,0,0,0,4,0,995,9.8,998,998,998,99.8,99.8,99.8,839.933700654909,8,4
13340,32,35,1-32-2019-035-02,2,1,1N4AL3AP8FC4,17,35,47,2015,4,1,4,0,1,R,2,1416,5,0,1,1,20,2,72,1,0,1,0,2,0,3,75104,1,2,2,1,3,3,1,1,1,1,1,2,0,0,1,1,1,2,9,0,11,2,15,1,1,1,4,J,68,0,0,0,0,0,0,0,0,0,0,340,250,0,0,0,1,1,34,-17,-29,90399,998,111,32,0,4,3,10,1,3,0,995,9.8,998,998,998,99.8,99.8,99.8,88.1671690786721,7,4
13340,32,35,1-32-2019-035-02,2,2,JN8AZ1MU0CW1,17,35,49,2012,6,1,4,0,1,F,2,1891,5,0,1,1,15,2,72,1,0,0,995,0,0,0,75115,1,2,2,1,3,1,1,1,1,1,1,3,0,0,1,1,1,2,1,0,1,4,62,1,1,1,4,J,69,0,0,0,0,0,0,0,0,0,0,250,340,0,0,0,1,1,26,-22,13,85868,998,102,28,0,4,1,1,0,6,0,995,9.8,998,998,998,99.8,99.8,99.8,88.1671690786721,7,4
13340,32,35,1-32-2019-035-02,2,3,1NXBR32E77Z8,17,49,32,2007,4,1,2,0,1,F,1,1135,5,9999,9,0,998,5,72,1,0,0,995,0,0,0,75104,9,9,2,1,3,3,1,1,1,2,1,0,0,0,1,1,1,2,9,0,5,4,60,99,1,1,6,M,98,0,0,0,0,0,0,0,0,0,0,170,325,0,0,0,2,3,18,-18,0,13971,998,0,17,0,4,95,95,95,95,0,995,9.8,998,998,998,99.8,99.8,99.8,88.1671690786721,7,4
13343,11,31,1-11-2019-031-03,3,1,5Y2SL65808Z4,17,22,32,2008,6,1,2,0,1,F,1,1227,5,0,1,1,13,2,72,1,0,0,995,0,0,0,23838,9,9,0,4,2,1,2,1,1,2,1,2,0,0,1,1,0,0,3,0,1,3,52,3,1,1,2,D,28,0,0,0,0,0,0,0,0,0,0,260,265,0,0,0,1,1,14,-14,-3,8797,998,15,13,0,4,0,0,0,0,0,995,9.8,998,998,998,99.8,99.8,99.8,396.520356627838,8,4
13343,11,31,1-11-2019-031-03,3,2,1C3CCCAB4FN6,17,6,18,2015,4,1,3,0,1,B,1,1575,5,0,1,1,12,2,72,1,0,0,995,0,0,0,23831,2,2,0,4,2,1,2,1,1,2,1,2,0,0,1,1,0,0,1,0,2,3,53,1,1,1,2,D,29,0,0,0,0,0,0,0,0,0,0,265,260,0,0,0,1,1,11,11,2,10062,998,11,13,0,4,1,2,0,4,0,995,9.8,998,998,998,99.8,99.8,99.8,396.520356627838,8,4
13344,11,32,1-11-2019-032-06,6,1,KNDJT2A26A70,17,63,37,2010,6,1,2,0,1,F,1,1315,5,0,1,1,10,2,89,1,0,0,995,0,0,0,23860,1,9,2,1,3,1,2,1,1,1,1,3,0,0,1,1,1,2,1,0,1,3,51,1,1,1,2,D,24,0,0,0,0,0,0,0,0,0,0,300,305,0,0,0,1,1,15,-15,-3,11435,998,-8,15,0,1,2,5,0,3,0,995,9.8,998,998,998,99.8,99.8,99.8,489.836964317497,8,4
13344,11,32,1-11-2019-032-06,6,2,ML32A4HJ2EH0,17,52,48,2014,5,1,1,0,1,B,1,930,5,0,1,1,9,2,89,1,0,0,995,0,0,0,23860,1,2,2,1,3,1,2,1,1,1,1,3,0,0,1,1,1,2,1,0,4,3,53,1,1,4,2,D,27,0,0,0,0,0,0,0,0,0,0,305,300,0,0,0,1,1,20,20,0,18912,998,26,21,0,1,1,1,0,6,0,995,9.8,998,998,998,99.8,99.8,99.8,489.836964317497,8,4
13345,11,33,1-11-2019-033-06,6,1,KNDJX3A52E70,17,63,37,2014,6,1,2,0,1,L,1,1347,5,0,1,2,9,5,72,1,0,0,995,0,0,0,23930,9,9,2,4,2,1,2,1,1,2,0,2,0,0,1,1,2,2,1,0,10,2,16,99,1,1,4,K,78,0,0,0,0,0,0,0,0,0,0,160,210,0,0,0,1,1,12,8,9,4600,998,152,6,0,4,95,95,95,95,0,995,9.8,998,998,998,99.8,99.8,99.8,489.836964317497,8,4
13345,11,33,1-11-2019-033-06,6,2,1N6BD0CT2BC4,17,35,472,2011,34,5,30,0,1,F,1,1691,5,0,1,1,8,2,72,1,0,0,995,0,0,0,23930,9,9,2,1,3,2,2,1,1,1,0,2,0,0,1,1,0,0,1,0,1,4,65,1,1,1,4,K,79,0,0,0,0,0,0,0,0,0,0,210,160,0,0,0,1,1,9,-9,0,19792,998,43,16,0,4,9,97,0,99,0,995,9.8,998,998,998,99.8,99.8,99.8,489.836964317497,8,4
13346,77,31,1-77-2019-031-07,7,1,2T1BURHE3EC0,17,49,32,2014,4,1,3,0,1,F,2,1290,5,0,1,1,4,2,56,1,0,0,995,0,0,0,22947,1,2,0,4,2,1,2,1,1,1,1,2,0,0,1,1,0,0,3,0,1,3,50,2,1,1,2,D,20,0,0,0,0,0,0,0,0,0,0,75,75,0,0,0,1,3,30,-30,0,54092,998,-14,32,0,4,0,0,0,0,0,995,9.8,998,998,998,99.8,99.8,99.8,1248.27674408614,9,4
13346,77,31,1-77-2019-031-07,7,2,KNDPC3A21D73,17,63,401,2013,14,3,14,0,1,B,2,1432,5,9999,9,0,998,5,56,1,0,0,995,0,0,0,22911,9,9,0,4,2,1,2,1,1,1,1,2,0,0,1,1,0,0,1,0,5,3,53,2,1,1,2,D,21,0,0,0,0,0,0,0,0,0,0,75,75,0,0,0,1,3,29,29,0,40883,998,0,27,0,4,95,95,95,95,0,995,9.8,998,998,998,99.8,99.8,99.8,1248.27674408614,9,4
13347,77,32,1-77-2019-032-08,8,1,KNAGE1238852,17,63,34,2008,4,1,3,0,1,F,3,1425,5,0,1,1,4,2,72,1,0,0,995,0,0,0,22968,9,9,0,4,2,1,2,1,3,1,0,0,0,0,1,1,0,0,1,1,14,1,8,2,2,2,3,G,50,0,0,0,0,0,0,0,0,0,0,130,320,0,0,0,1,3,43,-43,0,102421,998,-43,40,0,1,1,2,0,4,0,995,9.8,998,998,998,99.8,99.8,99.8,268.462012277804,9,4
13347,77,32,1-77-2019-032-08,8,2,4JGDA5HB4EA3,17,42,401,2014,14,3,14,0,1,F,2,2130,5,0,1,1,3,2,72,1,0,0,995,0,0,0,23936,2,2,0,4,2,1,2,1,1,1,0,0,0,0,1,1,0,0,1,0,1,4,62,99,1,1,3,G,51,1,1,2,2,3,4,31,6,2,7,320,130,0,1,0,1,3,27,-27,5,89831,998,40,30,0,4,3,17,1,3,2,995,0.0,6,6,120,5.2,3.3,6.1,268.462012277804,9,4
13348,77,33,1-77-2019-033-08,8,1,1FTCR11A4STA,17,12,471,1995,34,5,30,0,1,F,1,1528,5,0,1,1,5,2,105,1,0,0,995,0,0,0,23936,2,2,1,3,1,1,2,2,2,1,1,2,0,0,1,2,6,2,1,1,14,1,6,3,4,4,1,A,2,0,0,0,0,0,0,0,0,0,0,998,998,0,1,0,2,1,13,-13,2,11101,998,38,13,0,4,3,10,1,3,0,998,2.0,999,999,999,99.9,99.9,99.9,268.462012277804,9,4
13349,24,36,1-24-2019-036-02,2,1,3N6CM0KN3HK7,17,35,446,2017,20,4,20,0,1,F,3,1479,5,0,1,1,21,2,80,1,0,1,0,2,0,2,08037,1,2,0,4,2,1,2,2,1,1,1,4,0,0,1,1,0,0,3,1,1,2,13,1,1,4,1,A,1,0,0,0,0,0,0,0,0,0,0,998,998,0,0,1,2,1,48,-47,8,151134,998,-30,48,0,4,3,19,1,3,0,998,0.0,22,22,119,4.9,1.4,4.9,57.6076865340657,1,4
13350,24,37,1-24-2019-037-04,4,1,1G11A5SL4FF1,17,20,37,2015,4,1,3,0,1,F,1,1625,5,0,1,5,88,2,64,1,0,0,995,0,0,0,08401,2,2,2,4,6,2,2,2,1,1,1,1,0,0,2,1,1,2,1,0,1,5,80,2,1,1,1,C,13,0,0,0,0,0,0,0,0,0,0,998,998,0,0,0,1,10,999,999,999,9999999,999,999,999,6,0,0,0,0,0,0,998,9.8,998,998,998,99.8,99.8,99.8,1428.79251063631,1,4
13351,24,38,1-24-2019-038-02,2,1,5N1AZ2MH2HN1,17,35,49,2017,6,1,4,0,1,R,1,1787,5,0,1,1,17,2,72,1,0,0,995,0,0,0,08221,1,2,2,4,5,3,2,1,1,1,1,2,0,0,1,1,1,2,1,0,11,2,15,3,1,1,4,J,68,1,2,2,5,7,1,2,2,2,15,340,200,0,0,0,1,1,14,-7,-12,14994,998,53,13,0,1,1,1,0,4,1,995,9.8,998,998,998,99.8,99.8,99.8,57.6076865340657,1,4
13351,24,38,1-24-2019-038-02,2,2,2HGFC2F74JH5,17,37,31,2018,4,1,3,0,1,F,1,1224,5,0,1,1,11,2,72,1,0,1,40,2,0,2,08205,1,2,2,4,4,2,2,1,1,1,1,1,0,0,1,1,1,2,1,0,1,4,62,3,1,1,4,J,69,0,0,0,0,0,0,0,0,0,0,200,340,0,0,0,1,1,20,-19,-7,23449,998,-48,20,0,1,3,10,1,3,0,995,9.8,998,998,998,99.8,99.8,99.8,57.6076865340657,1,4
13353,73,19,1-73-2019-019-04,4,1,1FMCU9GDXJUB,17,12,402,2018,14,3,14,0,1,F,1,1668,5,0,1,1,25,2,56,1,8,0,995,0,7,0,04930,9,9,0,4,2,1,2,1,3,4,0,0,0,0,1,8,6,2,9,1,14,2,10,99,1,2,3,G,50,0,0,0,0,0,0,0,0,0,0,180,355,0,0,0,1,12,999,999,999,9999999,999,999,999,6,0,0,0,0,0,0,995,9.8,998,998,998,99.8,99.8,99.8,52.0928521798202,3,4
13353,73,19,1-73-2019-019-04,4,2,WBAEV53455KM,17,34,34,2005,4,1,3,0,1,F,1,1490,5,0,1,1,25,2,56,1,8,0,995,0,7,0,04971,9,9,0,4,2,1,2,1,1,2,0,0,0,0,1,8,6,2,1,0,1,4,62,99,1,1,3,G,51,0,0,0,0,0,0,0,0,0,0,355,180,0,0,0,1,12,999,999,999,9999999,999,999,999,6,0,2,4,0,4,0,995,9.8,998,998,998,99.8,99.8,99.8,52.0928521798202,3,4
13354,54,18,1-54-2019-018-07,7,1,1N6AD0ER6DN7,17,35,472,2013,34,5,31,0,1,R,2,1970,5,0,1,5,53,2,56,1,0,0,995,0,0,0,35653,1,2,0,4,2,1,5,1,2,1,0,0,0,0,1,8,0,0,9,1,14,1,6,99,3,4,1,A,2,0,0,0,0,0,0,0,0,0,0,998,998,0,1,0,2,10,999,999,999,9999999,999,999,999,7,0,0,0,0,0,0,998,9.9,999,999,999,99.9,99.9,99.9,255.270902069083,9,4
13356,48,18,1-48-2019-018-03,3,1,3FA6P0H79GR2,17,12,23,2016,4,1,4,0,1,R,1,1558,5,0,2,1,6,2,40,1,0,0,995,0,0,0,84302,1,2,3,4,2,1,2,1,1,1,0,0,0,0,1,1,0,0,1,1,1,2,13,1,1,4,1,C,11,0,0,0,0,0,0,0,0,0,0,170,175,0,0,0,1,8,999,999,999,9999999,999,999,999,6,0,0,0,0,6,0,995,9.8,998,998,998,99.8,99.8,99.8,324.794084711342,12,4
13356,48,18,1-48-2019-018-03,3,2,2GCEK19K0R11,17,20,481,1994,34,5,31,0,2,B,9,9999,9,9999,9,0,998,,,,,,,,,,,,,,,,,,,,,,,,,,,,,,,,,,,,,,,,,,,,,,,,,,,,,,,,,,,,,,,,,,95,95,95,95,,,,,,,,,,324.794084711342,12,4
13357,48,19,1-48-2019-019-05,5,1,JF1GH6B60BH8,17,48,38,2011,5,1,2,0,1,R,3,1390,5,0,1,1,19,2,121,1,0,1,0,2,0,0,84317,1,9,0,5,6,2,2,2,2,3,3,2,0,3,1,2,0,0,9,1,14,1,6,99,4,2,3,I,64,0,0,0,0,0,0,0,0,0,0,40,355,0,0,0,1,3,116,75,-89,930018,998,-42,123,0,4,3,22,1,3,0,995,9.8,998,998,998,99.8,99.8,99.8,97.9450546464292,12,4
13357,48,19,1-48-2019-019-05,5,2,1GKEK13Z24J2,17,23,421,2004,15,3,15,0,1,F,3,2287,5,100,1,1,19,2,105,1,0,1,0,2,0,2,84401,9,1,0,5,6,2,2,2,3,1,1,3,2,3,1,2,0,0,1,0,14,4,62,1,1,1,3,I,65,0,0,0,0,0,0,0,0,0,0,355,40,0,0,0,1,3,68,-67,12,351601,998,-10,60,0,4,3,10,1,3,0,995,9.8,998,998,998,99.8,99.8,99.8,97.9450546464292,12,4
13358,59,30,1-59-2019-030-02,2,1,2GNAXJEV1J61,17,20,404,2018,14,3,14,0,1,F,1,1508,5,0,1,5,5,2,48,1,0,1,0,2,0,1,47885,9,9,2,4,2,1,2,1,1,1,0,2,0,0,2,1,2,2,9,0,1,2,17,99,1,1,5,L,86,0,0,0,0,0,0,0,0,0,0,90,180,0,0,0,1,12,999,999,999,9999999,999,999,999,1,0,0,0,0,4,0,995,9.8,998,998,998,99.8,99.8,99.8,73.6841192868472,6,4
13358,59,30,1-59-2019-030-02,2,2,19XFB2F85DE0,17,37,31,2013,4,1,3,0,1,R,9,1236,5,9999,9,0,998,2,48,1,0,0,995,0,0,0,47885,9,9,2,4,2,1,2,1,1,1,0,2,0,0,2,1,2,2,9,0,1,4,66,99,1,1,5,L,87,0,0,0,0,0,0,0,0,0,0,180,90,0,0,0,1,0,999,999,999,9999999,999,999,999,9,0,0,0,0,0,0,995,9.8,998,998,998,99.8,99.8,99.8,73.6841192868472,6,4
13359,59,31,1-59-2019-031-08,8,1,1FAFP34363W1,17,12,37,2003,4,1,2,0,1,T,2,1163,5,0,1,1,4,2,89,1,1,1,210,1,7,3,47882,1,9,0,4,2,1,2,1,3,1,1,2,0,0,2,1,0,0,9,1,14,1,6,99,4,4,1,A,2,1,4,2,2,1,4,61,1,1,8,997,997,0,0,0,1,6,999,999,999,9999999,999,999,999,7,0,1,1,0,6,3,997,9.8,998,998,998,99.8,99.8,99.8,412.383910394128,6,4
13360,54,19,1-54-2019-019-10,10,1,1GTHC23141F1,17,23,481,2001,34,5,31,0,1,F,9,2540,5,9999,9,0,998,3,64,1,1,1,240,1,0,0,35581,1,2,0,4,2,1,2,2,1,9,1,2,0,0,1,2,0,0,9,1,1,2,13,99,1,4,1,A,1,0,0,0,0,0,0,0,0,0,0,998,998,0,0,0,99,0,999,999,999,9999999,999,999,999,9,0,0,0,0,0,0,998,9.9,999,999,999,99.9,99.9,99.9,1226.36444529494,9,4
13361,66,22,1-66-2019-022-10,10,1,3FA6P0K99ER3,17,12,23,2014,4,1,4,0,1,R,1,1775,5,0,1,2,16,5,64,1,0,0,995,0,7,0,64862,9,9,3,4,2,1,2,1,1,1,0,0,0,0,1,1,0,0,1,0,6,4,61,1,1,1,4,J,74,0,0,0,0,0,0,0,0,0,0,0,335,0,0,0,1,1,8,-1,-8,9974,998,96,10,0,4,95,95,95,95,0,995,9.8,998,998,998,99.8,99.8,99.8,192.358934979935,6,4
13361,66,22,1-66-2019-022-10,10,2,5J6YH28796L0,17,37,403,2006,14,3,14,0,1,L,1,1627,5,0,1,1,8,2,64,1,0,0,995,0,7,0,65734,1,2,3,4,2,1,2,1,1,1,0,0,0,0,1,1,0,0,2,0,4,2,15,1,1,1,4,J,74,0,0,0,0,0,0,0,0,0,0,335,0,0,0,0,1,1,9,-2,9,7459,998,133,7,0,4,0,0,0,0,0,995,9.8,998,998,998,99.8,99.8,99.8,192.358934979935,6,4