CASEID,PSU,CASENO,CASENUMBER,CATEGORY,VEHNO,VIN,VINLENGTH,MAKE,MODEL,MODELYR,BODYTYPE,BODYCAT,VEHCLASS,SPECUSE,TRANSTAT,DAMPLANE,DAMSEV,CURBWT,CURBSRC,CARGOWT,CARGOSRC,INSPTYPE,INSPLAG,TOWED,SPEEDLIMIT,DRPRESENT,PARALCOHOL,ALCTEST,ALCTESTRESULT,ALCTESTSRC,PARDRUG,DRUGTEST,ZIP,RACE,ETHNICITY,RELTOJUNCT,TRAFFLOW,RDLANES,INITLANE,SURFTYPE,SURFCOND,ALIGNMENT,PROFILE,LINERIGHT,LINELEFT,RUMBINIT,RUMBROAD,LIGHTCOND,WEATHER,TRAFDEV,TRAFFUNCT,DISTRACT,PREFHE,PREMOVE,CRITCAT,CRITEVENT,MANEUVER,PRESTAB,PRELOC,CRASHCAT,CRASHCONF,CRASHTYPE,ROLLTYPE,ROLLTURN,ROLLINTRPT,ROLLPREMAN,ROLLINITYP,ROLLINLOC,ROLLOBJ,ROLLTRIP,ROLLDIR,ROLLDIST,DVANGTHIS,DVANGOTH,TOWHITCH,TRAJDOC,TREEPOLE,DVEVENT,DVBASIS,DVTOTAL,DVLONG,DVLAT,DVENERGY,DVSPEED,DVMOMENT,DVBES,DVEST,DVCONF,VAIS,VISS,VINJURED,VTREAT,INITOBJCLASS,HEADANGLECAT,SHLDRWIDTH,STRKLENGTH,STRKWIDTH,STRKHEIGHT,EDGEDISTX,EDGEDISTY,EDGEDISTZ,CASEWGT,PSUSTRAT,VERSION
13394,18,18,1-18-2019-018-03,3,1,1HGCR2F33FA2,17,37,32,2015,4,1,4,0,1,T,2,1496,5,0,1,1,17,2,72,1,0,0,995,0,0,0,54732,1,2,0,4,2,1,2,1,2,1,1,2,0,0,1,1,0,0,3,1,14,2,12,1,2,4,1,B,7,1,2,2,2,1,4,61,1,2,4,997,997,0,0,0,9,6,999,999,999,9999999,999,999,999,7,0,1,1,0,3,3,997,1.0,57,42,70,99.9,99.9,99.9,247.766001379686,6,4
13395,27,20,1-27-2019-020-06,6,1,1C3CDFBB7FD4,17,7,29,2015,4,1,3,0,2,L,1,1445,5,0,1,5,41,,,,,,,,,,,,,,,,,,,,,,,,,,,,,,,,,,,,,,,,,,,,,,,,,,,,,,,,,,,,,,,,,,95,95,95,95,,,,,,,,,,58.77625017857,3,4
13395,27,20,1-27-2019-020-06,6,2,JS2YB5A39A63,17,53,40,2010,5,1,1,0,1,R,1,1357,5,9999,9,4,34,2,40,1,8,9,998,8,7,9,01258,1,2,0,4,2,1,2,1,1,1,0,0,0,0,1,1,0,0,3,1,1,2,11,1,1,4,1,C,11,0,0,0,0,0,0,0,0,0,0,125,115,0,0,0,1,8,999,999,999,9999999,999,999,999,6,0,1,1,0,0,0,995,9.8,998,998,998,99.8,99.8,99.8,58.77625017857,3,4
13396,27,21,1-27-2019-021-06,6,1,1C4PJMAK2CW1,17,2,405,2012,14,3,14,0,1,F,2,1872,5,0,1,1,32,2,48,1,8,9,998,8,7,9,05261,1,2,0,4,2,1,2,1,3,1,0,2,0,0,1,1,0,0,1,1,14,2,12,3,2,4,1,B,7,0,0,0,0,0,0,0,0,0,0,998,998,0,0,0,1,11,999,999,999,9999999,999,999,999,7,0,1,1,0,0,0,998,0.0,999,1,120,11.3,1.5,11.3,58.7762501787772,3,4
13397,13,26,1-13-2019-026-08,8,1,1N4AL21E48N5,17,35,47,2008,4,1,4,0,1,T,2,1429,5,0,1,1,80,2,113,1,0,1,3,2,0,0,21244,2,9,0,2,5,2,1,1,1,1,3,3,0,0,1,1,0,0,1,1,15,2,13,99,1,4,1,A,1,1,4,2,2,1,4,61,1,1,999,997,997,0,0,0,1,6,999,999,999,9999999,999,999,999,7,0,1,2,0,4,3,997,9.8,998,998,998,99.8,99.8,99.8,1349.82277295787,7,4
13398,13,27,1-13-2019-027-03,3,1,3N1CB51D34L8,17,35,43,2004,4,1,1,0,1,F,9,1149,5,9999,9,0,998,5,48,1,0,0,995,0,0,0,76179,9,9,2,4,2,1,2,2,1,1,0,0,0,0,1,8,2,2,9,0,1,2,17,99,1,1,5,L,88,0,0,0,0,0,0,0,0,0,0,180,90,0,0,0,1,0,999,999,999,9999999,999,999,999,9,0,95,95,95,95,0,995,9.8,998,998,998,99.8,99.8,99.8,3683.27940586187,7,4
13398,13,27,1-13-2019-027-03,3,2,2T3ZFREV4GW2,17,49,402,2016,14,3,14,0,1,L,2,1555,5,0,1,4,38,2,48,1,0,0,995,0,0,0,76179,3,9,2,4,2,1,2,2,1,1,0,2,0,0,1,8,0,0,9,0,1,4,66,99,1,1,5,L,89,0,0,0,0,0,0,0,0,0,0,90,180,0,0,0,1,12,999,999,999,9999999,999,999,999,7,0,1,1,0,4,0,995,0.0,120,120,60,9.6,6.2,11.5,3683.27940586187,7,4
13399,15,27,1-15-2019-027-01,1,1,JN8AZ08W46W5,17,35,49,2006,6,1,4,0,1,F,9,1822,5,9999,9,0,998,2,48,1,8,9,998,8,7,9,12204,2,2,0,4,4,1,2,1,1,1,1,3,0,0,3,8,0,0,9,1,1,2,13,99,9,4,1,A,2,0,0,0,0,0,0,0,0,0,0,998,998,0,0,0,3,0,999,999,999,9999999,999,999,999,9,0,4,17,1,1,0,998,0.2,120,17,10,0.0,0.0,0.0,70.468737268142,1,4
13400,21,34,1-21-2019-034-02,2,1,3N1CN7AP3HL8,17,35,50,2017,4,1,2,0,1,T,2,1115,8,9999,9,1,18,2,113,1,1,1,35,2,0,0,92311,9,1,0,2,3,1,1,1,1,1,1,3,2,3,2,1,0,0,9,1,1,3,51,7,1,2,2,D,24,1,8,2,5,1,1,61,1,2,40,997,997,0,0,0,2,6,999,999,999,9999999,999,999,999,7,0,4,29,1,3,3,997,9.8,998,998,998,99.8,99.8,99.8,32.7360487870005,11,4
13400,21,34,1-21-2019-034-02,2,2,4V4NC9EHXHN9,17,51,881,2017,66,8,68,0,1,B,9,,,,,,,5,89,1,0,0,995,0,0,0,33309,9,9,0,2,3,1,1,1,1,1,1,3,2,3,2,1,0,0,1,0,1,3,53,1,1,1,2,D,25,,,,,,,,,,,,,,,,,,,,,,,,,,,95,95,95,95,,,9.8,998,998,998,99.8,99.8,99.8,32.7360487870005,11,4
13401,21,35,1-21-2019-035-05,5,1,3C4PDCAB7CT3,17,7,27,2012,6,1,4,0,1,T,1,1722,5,0,1,1,44,2,113,1,1,1,222,2,0,0,92504,9,1,0,1,2,2,2,1,1,9,3,2,1,3,2,1,0,0,9,1,1,2,12,4,1,4,1,B,6,1,7,2,2,1,4,61,1,2,55,997,997,0,0,0,1,6,999,999,999,9999999,999,999,999,6,0,2,5,0,3,3,997,9.8,998,998,998,99.8,99.8,99.8,56.4184959555751,11,4
13402,21,36,1-21-2019-036-08,8,1,2HGEJ6616YH6,17,37,31,2000,4,1,2,0,1,T,3,1067,5,0,1,1,21,2,89,1,0,1,0,2,0,3,92405,9,1,0,4,2,1,2,1,2,1,1,2,0,0,1,1,0,0,3,1,14,2,13,2,1,4,1,A,1,1,6,2,5,1,1,61,1,1,54,997,997,0,1,0,4,6,999,999,999,9999999,999,999,999,8,0,2,9,0,3,3,997,2.1,120,20,20,16.3,1.8,16.4,400.782409311838,11,4
13403,25,21,1-25-2019-021-07,7,1,1C6RR7FG3ES2,17,7,482,2014,34,5,31,0,1,R,1,2407,5,0,2,4,12,2,64,1,8,0,995,0,7,0,04103,7,2,0,4,2,1,2,1,1,1,1,2,0,0,3,1,0,0,1,0,1,6,87,2,1,1,1,C,13,0,0,0,0,0,0,0,0,0,0,998,998,0,0,0,1,10,999,999,999,9999999,999,999,999,6,0,0,0,0,0,0,998,9.8,998,998,998,99.8,99.8,99.8,2231.55642041256,2,4
13404,73,20,1-73-2019-020-07,7,1,1D7RV1GT2BS5,17,7,482,2011,34,5,31,0,1,F,9,2385,5,9999,9,0,998,2,89,1,8,0,995,0,7,0,04443,1,2,0,4,2,1,2,1,1,1,1,4,0,0,2,1,0,0,1,1,1,2,13,3,1,4,1,A,1,0,0,0,0,0,0,0,0,0,0,998,998,0,1,3,1,0,999,999,999,9999999,999,999,999,9,0,0,0,0,0,0,998,0.4,8,8,120,33.2,9.7,34.5,61.6082587779544,3,4
13409,11,34,1-11-2019-034-03,3,1,5FNRL5H43GB1,17,37,441,2016,20,4,20,0,1,L,1,1996,5,0,1,1,8,2,56,1,0,0,995,0,0,0,23237,1,2,2,4,2,1,2,1,1,1,1,2,0,0,1,1,2,2,1,0,1,2,17,2,1,1,5,L,89,0,0,0,0,0,0,0,0,0,0,285,15,0,0,0,1,1,13,-2,13,5576,998,20,8,0,1,1,1,0,4,0,995,9.8,998,998,998,99.8,99.8,99.8,485.991284092334,8,4
13409,11,34,1-11-2019-034-03,3,2,19XFA1F68BE0,17,37,31,2011,4,1,3,0,1,F,1,1199,5,0,1,1,13,2,56,1,0,0,995,0,0,0,23831,9,9,2,4,3,2,2,1,1,1,1,2,0,0,1,1,2,2,2,0,1,4,66,1,1,1,5,L,88,0,0,0,0,0,0,0,0,0,0,15,285,0,0,0,1,1,20,-20,-3,30127,998,-33,23,0,1,99,99,0,0,0,995,9.8,998,998,998,99.8,99.8,99.8,485.991284092334,8,4
13411,11,36,1-11-2019-036-03,3,1,1G1ZE5ST1GF1,17,20,37,2016,4,1,4,0,1,F,1,1400,5,0,1,1,9,2,72,1,0,0,995,0,0,0,23226,9,1,0,1,3,3,2,1,1,1,4,4,0,0,1,1,0,0,1,0,11,4,63,1,1,1,4,J,68,0,0,0,0,0,0,0,0,0,0,110,0,0,0,0,1,3,14,-9,-11,19818,998,-173,12,0,4,1,1,0,4,0,995,9.8,998,998,998,99.8,99.8,99.8,485.991284092334,8,4
13411,11,36,1-11-2019-036-03,3,2,WAUAUGFF2H10,17,32,48,2017,4,1,2,0,1,F,1,1525,5,0,1,1,8,2,72,1,0,0,995,0,0,0,23235,2,2,0,1,2,1,2,1,1,1,1,3,0,0,1,1,0,0,1,0,1,2,17,4,1,1,4,J,69,0,0,0,0,0,0,0,0,0,0,0,110,0,0,0,1,3,13,-12,5,19901,998,40,17,0,4,0,0,0,6,0,995,9.8,998,998,998,99.8,99.8,99.8,485.991284092334,8,4
13412,24,39,1-24-2019-039-07,7,1,3FA6P0HR3DR2,17,12,23,2013,4,1,4,0,1,F,2,1554,5,0,1,1,25,2,40,1,1,8,997,8,0,0,19148,1,1,0,4,2,1,2,1,1,1,0,2,0,0,3,99,0,0,3,1,1,2,13,3,9,4,1,C,11,0,0,0,0,0,0,0,0,0,0,200,200,0,0,0,1,11,999,999,999,9999999,999,999,999,7,0,0,0,0,0,0,995,9.8,998,998,998,99.8,99.8,99.8,2051.80387886028,1,4
13412,24,39,1-24-2019-039-07,7,2,2T3RFREV9FW2,17,49,402,2015,14,3,14,99,2,L,9,1560,5,9999,9,0,998,,,,,,,,,,,,,,,,,,,,,,,,,,,,,,,,,,,,,,,,,,,,,,,,,,,,,,,,,,,,,,,,,,95,95,95,95,,,,,,,,,,2051.80387886028,1,4
13412,24,39,1-24-2019-039-07,7,3,4N2ZN1113WD8,17,35,443,1998,20,4,20,99,2,L,9,1811,5,9999,9,0,998,,,,,,,,,,,,,,,,,,,,,,,,,,,,,,,,,,,,,,,,,,,,,,,,,,,,,,,,,,,,,,,,,,95,95,95,95,,,,,,,,,,2051.80387886028,1,4
13412,24,39,1-24-2019-039-07,7,4,2C3CDXBG1FH7,17,7,24,2015,4,1,5,99,2,L,9,1785,5,9999,9,0,998,,,,,,,,,,,,,,,,,,,,,,,,,,,,,,,,,,,,,,,,,,,,,,,,,,,,,,,,,,,,,,,,,,95,95,95,95,,,,,,,,,,2051.80387886028,1,4
13413,24,40,1-24-2019-040-06,6,1,4T1BF3EK3BU1,17,49,40,2011,4,1,4,0,1,L,1,1580,5,0,1,1,17,2,40,1,0,0,995,0,0,0,08401,1,1,2,4,4,1,2,1,1,1,0,1,0,0,2,1,1,2,1,1,15,2,10,1,1,2,2,F,47,0,0,0,0,0,0,0,0,0,0,30,80,0,0,0,1,1,20,10,17,7392,998,141,8,0,4,1,2,0,4,0,995,9.8,998,998,998,99.8,99.8,99.8,681.923479586081,1,4
13413,24,40,1-24-2019-040-06,6,2,JN1BY1AR0BM3,17,58,38,2011,4,1,4,0,1,F,1,1827,5,0,1,1,16,2,40,1,0,0,995,0,0,0,08232,2,2,2,4,4,2,2,1,1,1,1,2,0,0,2,1,1,2,1,0,1,4,61,99,1,1,2,F,45,0,0,0,0,0,0,0,0,0,0,80,30,0,0,0,1,1,17,-17,-3,63684,998,2,29,0,4,1,1,0,4,0,995,0.0,28,28,95,0.3,0.6,0.6,681.923479586081,1,4
13414,24,41,1-24-2019-041-03,3,1,3FAHP0KC1AR3,17,12,23,2010,4,1,3,0,1,F,1,1563,5,0,1,2,10,5,56,1,0,0,995,0,0,0,08406,9,9,2,4,2,1,2,1,1,1,1,2,0,0,1,1,1,2,9,0,1,2,17,3,1,1,5,L,88,0,0,0,0,0,0,0,0,0,0,50,320,0,0,0,1,3,13,-8,-10,8820,998,-159,8,0,4,95,95,95,95,0,995,9.8,998,998,998,99.8,99.8,99.8,511.940525259804,1,4
13414,24,41,1-24-2019-041-03,3,2,JN1EV7AR1KM5,17,58,41,2019,4,1,4,0,1,L,1,1762,5,0,1,3,8,2,80,1,0,0,995,0,0,0,08037,1,2,2,4,4,2,2,1,1,1,1,2,0,0,1,1,1,2,1,0,1,2,17,4,1,1,5,L,89,0,0,0,0,0,0,0,0,0,0,320,50,0,0,0,1,3,10,-8,7,21813,998,-78,15,0,4,1,1,0,5,0,995,9.8,998,998,998,99.8,99.8,99.8,511.940525259804,1,4
13415,77,34,1-77-2019-034-04,4,1,5FNYF6H89HB0,17,37,421,2017,15,3,15,0,1,F,1,1930,5,0,1,1,8,2,72,1,0,0,995,0,9,0,24401,1,2,2,4,3,2,2,1,1,4,1,1,0,0,1,1,1,2,3,0,1,3,50,4,9,1,2,D,20,0,0,0,0,0,0,0,0,0,0,305,310,0,0,0,1,1,17,-17,0,46452,998,10,24,0,1,0,0,0,0,0,995,9.8,998,998,998,99.8,99.8,99.8,7329.65149081085,9,4
13415,77,34,1-77-2019-034-04,4,2,5NPEB4AC4CH4,17,55,33,2012,4,1,4,0,1,B,1,1454,5,0,1,1,27,2,72,1,0,0,995,0,9,0,22903,1,2,2,4,3,2,2,1,1,4,1,1,0,0,1,1,1,2,1,0,5,3,53,8,1,1,2,D,21,0,0,0,0,0,0,0,0,0,0,310,305,0,0,0,1,1,23,23,0,7920,998,0,12,0,4,0,0,0,0,0,995,9.8,998,998,998,99.8,99.8,99.8,7329.65149081085,9,4
13415,77,34,1-77-2019-034-04,4,3,1N4AL21E47C1,17,35,39,2007,4,1,4,0,1,B,9,1453,5,9999,9,0,998,5,72,1,0,0,995,0,9,0,22980,9,9,2,4,3,2,2,1,1,4,1,1,0,0,1,1,1,2,1,0,5,3,53,99,1,1,6,M,98,0,0,0,0,0,0,0,0,0,0,305,310,0,0,0,2,0,999,999,999,9999999,999,999,999,9,0,95,95,95,95,0,995,9.8,998,998,998,99.8,99.8,99.8,7329.65149081085,9,4
13416,77,35,1-77-2019-035-02,2,1,1G6AR5SX5H01,17,19,18,2017,4,1,5,0,1,L,2,1642,5,0,1,1,5,2,105,1,0,0,995,0,0,0,24502,2,2,0,2,2,2,2,2,1,1,3,2,0,0,5,2,0,0,1,1,1,1,6,2,3,4,1,A,2,1,1,1,6,5,4,31,1,2,999,997,997,0,0,0,2,6,999,999,999,9999999,999,999,999,7,0,1,1,0,4,2,997,1.1,120,120,120,66.9,7.6,67.2,86.6448225664678,9,4
13417,77,36,1-77-2019-036-02,2,1,1N4AL3AP0JC1,17,35,47,2018,4,1,4,0,1,F,1,1453,5,0,1,1,59,2,40,1,0,1,0,2,0,0,22903,9,9,0,4,2,1,2,1,1,4,0,2,0,0,1,1,0,0,1,1,1,2,13,1,1,4,1,C,11,0,0,0,0,0,0,0,0,0,0,310,310,0,0,0,1,1,13,-12,-2,9326,998,6,13,0,4,1,1,0,3,0,995,9.8,998,998,998,99.8,99.8,99.8,86.6448225664678,9,4
13417,77,36,1-77-2019-036-02,2,2,999999999999,99,99,399,9999,9,1,9,99,2,B,9,9999,9,9999,9,0,998,,,,,,,,,,,,,,,,,,,,,,,,,,,,,,,,,,,,,,,,,,,,,,,,,,,,,,,,,,,,,,,,,,95,95,95,95,,,,,,,,,,86.6448225664678,9,4
13418,73,21,1-73-2019-021-07,7,1,1FTFW1EF3DFD,17,12,481,2013,34,5,31,0,1,R,1,2522,5,46,1,1,9,2,72,1,0,0,995,0,0,0,04971,1,2,0,4,2,1,2,3,1,1,1,4,0,0,1,4,0,0,1,1,1,1,6,3,2,4,1,A,2,0,0,0,0,0,0,0,0,0,0,998,998,0,1,1,1,1,4,-1,-4,4805,998,269,4,0,1,0,0,0,0,0,998,0.1,45,45,120,33.0,6.8,33.6,517.655646595532,3,4
13420,12,23,1-12-2019-023-03,3,1,JT6HF10U6X00,17,59,401,1999,14,3,14,0,1,F,1,1770,5,0,1,2,6,5,64,1,0,0,995,0,0,0,73401,9,9,2,1,3,1,1,1,1,1,1,3,0,0,1,8,1,2,1,0,1,3,50,99,1,1,2,D,20,0,0,0,0,0,0,0,0,0,0,255,265,0,0,0,1,1,16,-16,0,17825,998,32,16,0,4,95,95,95,95,0,995,9.8,998,998,998,99.8,99.8,99.8,275.6417920954,9,4
13420,12,23,1-12-2019-023-03,3,2,5NPE24AF5FH0,17,55,33,2015,4,1,4,0,1,B,1,1475,5,0,1,1,4,2,64,1,0,0,995,0,0,0,73401,1,2,2,1,3,1,1,1,1,1,1,3,0,0,1,8,1,2,1,0,5,3,53,8,1,1,2,D,21,0,0,0,0,0,0,0,0,0,0,265,255,0,0,0,1,1,18,18,-3,28084,998,81,19,0,4,0,0,0,0,0,995,9.8,998,998,998,99.8,99.8,99.8,275.6417920954,9,4
13420,12,23,1-12-2019-023-03,3,3,5FNYF18425B0,17,37,421,2005,15,3,15,0,1,B,1,2007,9,0,1,1,6,2,64,1,0,0,995,0,0,0,73401,1,2,2,1,3,1,1,1,1,1,1,3,0,0,1,8,1,2,1,0,5,3,53,1,1,1,6,M,98,0,0,0,0,0,0,0,0,0,0,255,265,0,0,0,2,12,999,999,999,9999999,999,999,999,6,0,1,1,0,6,0,995,9.8,998,998,998,99.8,99.8,99.8,275.6417920954,9,4
13421,59,32,1-59-2019-032-05,5,1,1G1155S35EU1,17,20,2,2014,4,1,4,0,1,B,9,1754,5,9999,9,0,998,5,48,1,0,0,995,0,0,0,47802,9,9,0,4,3,1,2,1,1,1,0,1,0,0,1,8,0,0,9,0,5,3,53,99,1,1,6,M,98,0,0,0,0,0,0,0,0,0,0,15,15,0,0,0,2,0,999,999,999,9999999,999,999,999,9,0,95,95,95,95,0,995,9.8,998,998,998,99.8,99.8,99.8,103.80052602726,6,4
13421,59,32,1-59-2019-032-05,5,2,1FMCU04118KC,17,12,402,2008,14,3,14,0,1,B,1,1484,5,9999,9,0,998,5,48,1,0,0,995,0,0,0,47803,9,9,0,4,3,1,2,1,1,1,0,1,0,0,1,8,0,0,9,0,5,3,52,99,1,1,2,D,21,0,0,0,0,0,0,0,0,0,0,15,25,0,0,0,1,3,16,15,3,11933,998,-41,14,0,4,95,95,95,95,0,995,9.8,998,998,998,99.8,99.8,99.8,103.80052602726,6,4
13421,59,32,1-59-2019-032-05,5,3,1FM5K7F88DGA,17,12,401,2013,14,3,14,0,1,F,1,2067,5,0,1,1,1,2,48,1,0,0,995,0,0,0,47804,1,2,0,4,3,1,2,1,1,1,0,1,0,0,1,8,0,0,3,0,1,3,50,4,1,1,2,D,20,0,0,0,0,0,0,0,0,0,0,25,15,0,0,0,1,3,11,-11,0,13847,998,-51,12,0,4,1,2,0,4,0,995,9.8,998,998,998,99.8,99.8,99.8,103.80052602726,6,4
13422,23,21,1-23-2019-021-02,2,1,1Y1SK5284XZ4,17,20,32,1999,4,1,1,0,1,F,3,1090,8,0,1,1,13,2,89,1,0,1,0,2,0,2,43314,9,9,2,4,2,1,2,1,1,1,0,2,0,0,1,1,2,2,1,0,1,2,17,1,1,1,5,L,88,0,0,0,0,0,0,0,0,0,0,105,10,0,0,0,1,3,41,-38,-14,72593,998,-66,36,0,1,2,5,0,3,0,995,1.0,120,120,120,0.0,5.1,0.0,71.569927526726,5,4
13422,23,21,1-23-2019-021-02,2,2,KM8J3CA41JU7,17,55,402,2018,14,3,14,0,1,F,2,1634,5,0,1,1,13,2,89,1,0,1,0,2,0,0,43334,1,2,2,4,2,1,2,1,1,1,1,2,0,0,1,1,0,0,3,0,1,4,66,1,1,1,5,L,89,0,0,0,0,0,0,0,0,0,0,998,998,0,0,1,5,1,32,-32,0,69804,998,4,32,0,1,3,22,1,3,0,998,1.0,20,20,120,0.0,11.9,0.0,71.569927526726,5,4
13423,10,16,1-10-2019-016-10,10,1,4S4BSACC9H32,17,48,45,2017,6,1,3,0,1,F,1,1614,5,9999,9,0,998,5,0,1,0,0,995,0,0,0,45459,9,9,2,4,3,2,2,1,1,2,1,2,0,0,1,8,2,2,1,0,11,2,15,1,1,1,4,K,82,0,0,0,0,0,0,0,0,0,0,310,60,0,0,0,1,3,19,-18,7,18944,998,75,15,0,4,95,95,95,95,0,995,9.8,998,998,998,99.8,99.8,99.8,2272.89860604013,4,4
13423,10,16,1-10-2019-016-10,10,2,1GNDT13S3223,17,20,401,2002,14,3,14,0,1,R,1,2099,5,0,1,1,7,2,56,1,0,0,995,0,0,0,45432,1,2,2,5,3,1,2,1,1,1,1,2,0,0,1,8,0,0,1,0,1,4,67,1,1,1,4,K,83,0,0,0,0,0,0,0,0,0,0,60,310,0,0,0,1,3,14,-9,-11,30626,998,-35,18,0,4,0,0,0,0,0,995,9.8,998,998,998,99.8,99.8,99.8,2272.89860604013,4,4
13424,10,17,1-10-2019-017-09,9,1,1G2ZG58N2741,17,22,22,2007,4,1,4,0,1,F,2,1507,5,0,1,1,7,2,56,1,1,8,997,8,1,3,45424,2,2,2,4,3,1,2,1,1,1,0,1,0,0,1,8,1,2,1,1,15,2,10,9,1,2,2,F,47,0,0,0,0,0,0,0,0,0,0,998,998,0,0,6,2,10,999,999,999,9999999,999,59,27,3,0,1,1,0,6,0,998,0.0,40,40,90,4.8,3.7,6.0,328.454294549133,4,4
13424,10,17,1-10-2019-017-09,9,2,1FTNF20L74EA,17,12,481,2004,34,5,30,0,1,R,9,2429,5,9999,9,0,998,5,56,1,0,0,995,0,0,0,45424,9,9,2,4,3,2,2,1,1,1,1,2,0,0,1,8,1,2,1,0,1,4,61,1,1,1,2,F,45,0,0,0,0,0,0,0,0,0,0,60,55,0,0,0,1,0,999,999,999,9999999,999,999,999,9,0,95,95,95,95,0,995,9.8,998,998,998,99.8,99.8,99.8,328.454294549133,4,4
13426,27,22,1-27-2019-022-03,3,1,5NPDH4AEXFH5,17,55,35,2015,4,1,3,0,1,F,1,1305,5,0,1,1,25,2,56,1,9,1,0,2,9,2,01247,1,2,0,4,2,1,2,1,1,4,1,2,0,0,1,1,0,0,3,1,1,2,13,1,1,4,1,C,11,0,0,0,0,0,0,0,0,0,0,285,280,0,0,0,1,12,999,999,999,9999999,999,999,999,6,0,1,1,0,4,0,995,9.8,998,998,998,99.8,99.8,99.8,95.3178813036127,3,4
13426,27,22,1-27-2019-022-03,3,2,4T1BF28B12U2,17,49,43,2002,4,1,3,0,2,B,1,1560,5,0,1,5,21,,,,,,,,,,,,,,,,,,,,,,,,,,,,,,,,,,,,,,,,,,,,,,,,,,,,,,,,,,,,,,,,,,95,95,95,95,,,,,,,,,,95.3178813036127,3,4
13427,54,20,1-54-2019-020-01,1,1,5TBBT4812YS0,17,49,482,2000,34,5,31,0,1,9,9,2060,5,9999,9,0,998,2,56,1,9,1,0,4,9,1,35654,1,2,0,4,2,1,2,1,2,9,0,2,0,0,2,1,0,0,9,1,14,1,6,99,3,4,1,B,7,1,99,9,2,1,4,61,1,2,999,997,997,0,0,0,2,0,999,999,999,9999999,999,999,999,9,0,1,1,0,1,3,997,9.9,999,999,999,99.9,99.9,99.9,212.66687050627,9,4
13429,32,40,1-32-2019-040-09,9,1,WBADT63403CK,17,34,35,2003,4,1,4,0,1,L,2,1585,5,0,1,1,10,2,105,1,9,0,995,0,9,0,75025,9,9,0,2,3,1,1,2,1,1,1,3,0,0,1,8,0,0,9,1,1,1,6,1,3,4,1,A,2,0,0,0,0,0,0,0,0,0,0,998,998,0,0,7,1,10,999,999,999,9999999,999,999,999,7,0,99,99,0,99,0,998,4.2,19,19,100,15.3,8.4,18.0,1834.34036527846,7,4
13431,76,16,1-76-2019-016-09,9,1,2HGES26752H5,17,37,31,2002,4,1,2,0,1,L,1,1186,8,0,1,1,25,2,89,1,8,0,995,0,7,0,12414,1,2,0,4,2,1,2,1,2,2,0,0,0,0,1,1,0,0,3,1,14,2,10,8,1,2,3,I,64,0,0,0,0,0,0,0,0,0,0,195,10,0,1,0,1,8,999,999,999,9999999,999,999,999,6,0,1,1,0,4,0,995,9.8,998,998,998,99.8,99.8,99.8,18.1260132962166,3,4
13431,76,16,1-76-2019-016-09,9,2,1GCHK23U34F1,17,20,481,2004,34,5,31,0,1,F,1,2668,5,0,1,1,21,2,89,1,8,0,995,0,7,0,12414,9,9,0,4,2,1,2,1,3,1,0,0,0,0,1,1,0,0,9,0,14,4,62,2,1,1,3,I,65,0,0,0,0,0,0,0,0,0,0,10,195,0,0,0,1,8,999,999,999,9999999,999,999,999,6,0,0,0,0,0,0,995,9.8,998,998,998,99.8,99.8,99.8,18.1260132962166,3,4
13432,48,20,1-48-2019-020-03,3,1,1C4PJMBB6FW6,17,2,404,2015,14,3,14,0,1,L,1,1862,5,0,1,1,5,2,129,1,0,1,0,2,0,1,84041,1,2,0,2,2,2,2,4,1,1,3,2,1,3,1,3,0,0,1,1,1,1,6,3,3,4,1,A,2,1,1,2,2,1,3,61,1,2,3,997,997,0,1,0,1,6,999,999,999,9999999,999,999,999,6,0,1,1,0,6,3,997,9.8,998,998,998,99.8,99.8,99.8,429.624003571099,12,4
13433,25,22,1-25-2019-022-05,5,1,1GKS2KE74ER1,17,23,422,2014,15,3,15,0,1,F,1,2675,5,0,1,3,6,5,56,1,8,0,995,0,7,0,04068,9,9,2,4,2,1,2,1,1,1,1,2,0,0,1,1,1,2,9,0,3,3,50,1,1,1,2,D,20,0,0,0,0,0,0,0,0,0,0,140,140,0,0,0,1,3,9,-9,0,9292,998,-11,9,0,4,95,95,95,95,0,995,9.8,998,998,998,99.8,99.8,99.8,83.7622537989636,2,4
13433,25,22,1-25-2019-022-05,5,2,3GNBABFW8BS5,17,20,23,2011,6,1,2,0,1,B,1,1431,5,0,1,1,6,2,56,1,8,0,995,0,7,0,04038,1,2,2,4,2,1,2,1,1,1,1,2,0,0,1,1,1,2,1,0,5,3,53,1,1,1,2,D,21,0,0,0,0,0,0,0,0,0,0,140,140,0,0,0,1,3,15,15,0,14748,998,-30,15,0,4,3,10,1,4,0,995,9.8,998,998,998,99.8,99.8,99.8,83.7622537989636,2,4
13433,25,22,1-25-2019-022-05,5,3,5TBDT48194S4,17,49,482,2004,34,5,30,0,1,B,1,2281,5,9999,9,0,998,5,56,1,8,0,995,0,7,0,04048,9,9,2,4,2,1,2,1,1,1,1,2,0,0,1,1,1,2,1,0,5,3,53,99,1,1,6,M,98,0,0,0,0,0,0,0,0,0,0,140,140,0,0,0,2,3,10,10,0,14570,998,0,13,0,4,95,95,95,95,0,995,9.8,998,998,998,99.8,99.8,99.8,83.7622537989636,2,4