CASEID,PSU,CASENO,CASENUMBER,CATEGORY,VEHNO,VIN,VINLENGTH,MAKE,MODEL,MODELYR,BODYTYPE,BODYCAT,VEHCLASS,SPECUSE,TRANSTAT,DAMPLANE,DAMSEV,CURBWT,CURBSRC,CARGOWT,CARGOSRC,INSPTYPE,INSPLAG,TOWED,SPEEDLIMIT,DRPRESENT,PARALCOHOL,ALCTEST,ALCTESTRESULT,ALCTESTSRC,PARDRUG,DRUGTEST,ZIP,RACE,ETHNICITY,RELTOJUNCT,TRAFFLOW,RDLANES,INITLANE,SURFTYPE,SURFCOND,ALIGNMENT,PROFILE,LINERIGHT,LINELEFT,RUMBINIT,RUMBROAD,LIGHTCOND,WEATHER,TRAFDEV,TRAFFUNCT,DISTRACT,PREFHE,PREMOVE,CRITCAT,CRITEVENT,MANEUVER,PRESTAB,PRELOC,CRASHCAT,CRASHCONF,CRASHTYPE,ROLLTYPE,ROLLTURN,ROLLINTRPT,ROLLPREMAN,ROLLINITYP,ROLLINLOC,ROLLOBJ,ROLLTRIP,ROLLDIR,ROLLDIST,DVANGTHIS,DVANGOTH,TOWHITCH,TRAJDOC,TREEPOLE,DVEVENT,DVBASIS,DVTOTAL,DVLONG,DVLAT,DVENERGY,DVSPEED,DVMOMENT,DVBES,DVEST,DVCONF,VAIS,VISS,VINJURED,VTREAT,INITOBJCLASS,HEADANGLECAT,SHLDRWIDTH,STRKLENGTH,STRKWIDTH,STRKHEIGHT,EDGEDISTX,EDGEDISTY,EDGEDISTZ,CASEWGT,PSUSTRAT,VERSION
13434,14,20,1-14-2019-020-03,3,1,1C4PJLAB3FW6,17,2,422,2015,15,3,15,0,1,L,1,1669,5,0,1,1,24,2,72,1,0,0,995,0,0,0,78154,1,2,2,4,2,1,2,1,1,1,1,2,0,0,1,1,2,2,9,0,11,2,15,4,1,1,4,K,82,0,0,0,0,0,0,0,0,0,0,115,235,0,0,0,1,3,14,-5,13,21295,998,129,13,0,4,0,0,0,6,0,995,9.8,998,998,998,99.8,99.8,99.8,3623.03677168247,8,4
13434,14,20,1-14-2019-020-03,3,2,1GCRCREH6FZ4,17,20,498,2015,34,5,31,0,1,F,1,2269,5,9999,9,0,998,2,72,1,0,0,995,0,0,0,78155,9,1,2,4,2,1,2,1,1,1,1,2,0,0,1,1,0,0,9,0,1,4,67,99,1,1,4,K,83,0,0,0,0,0,0,0,0,0,0,235,115,0,0,0,1,3,10,-10,2,12922,998,44,11,0,4,1,1,0,5,0,995,9.8,998,998,998,99.8,99.8,99.8,3623.03677168247,8,4
13435,14,21,1-14-2019-021-05,5,1,1FT7W2BT8BEB,17,12,481,2011,34,5,31,0,1,L,2,3099,5,91,2,1,23,2,97,1,0,1,124,2,0,1,78619,1,2,0,3,2,1,2,1,1,2,1,3,1,3,2,1,0,0,3,1,1,2,12,4,2,4,1,B,6,0,0,0,0,0,0,0,0,0,0,998,998,0,1,1,1,8,999,999,999,9999999,999,999,999,7,0,2,5,0,3,0,998,2.9,120,36,120,21.9,2.6,22.3,345.772290627062,8,4
13436,16,22,1-16-2019-022-02,2,1,KNAFK5A84H57,17,63,38,2017,5,1,3,0,1,F,2,1321,5,0,1,1,28,2,64,1,0,0,995,0,0,0,45204,9,9,2,4,5,3,2,1,1,1,2,1,0,0,1,1,1,2,1,0,11,2,15,99,1,1,4,J,68,0,0,0,0,0,0,0,0,0,0,110,350,0,1,0,1,1,37,-28,-24,51030,998,-85,26,0,4,3,22,1,1,0,995,9.8,998,998,998,99.8,99.8,99.8,29.8072761981203,5,4
13436,16,22,1-16-2019-022-02,2,2,JM1BL1U77D17,17,41,51,2013,4,1,2,0,1,F,2,1304,5,0,2,1,28,2,64,1,0,0,995,0,0,0,45238,1,2,2,4,5,2,2,1,1,1,3,1,0,0,1,1,1,2,1,0,1,4,62,2,1,1,4,J,69,0,0,0,0,0,0,0,0,0,0,350,110,0,0,0,1,1,37,-35,13,125726,998,18,48,0,4,1,1,0,4,0,995,0.0,75,75,10,5.3,4.9,7.0,29.8072761981203,5,4
13437,66,23,1-66-2019-023-08,8,1,1FTCR15X8RPA,17,12,471,1994,34,5,30,0,1,F,1,1335,8,68,1,1,21,3,97,1,0,8,997,8,7,3,65605,1,1,0,4,3,1,2,1,1,1,1,2,3,3,1,1,0,0,3,1,1,2,10,1,1,2,3,I,66,0,0,0,0,0,0,0,0,0,0,100,280,0,1,0,1,8,999,999,999,9999999,999,999,999,6,0,0,0,0,4,0,995,0.9,75,82,120,12.0,19.3,22.4,264.199118389005,6,4
13437,66,23,1-66-2019-023-08,8,2,1G2WR521X2F1,17,22,20,2002,4,1,4,0,1,F,1,1582,5,0,1,1,22,2,97,1,0,0,995,0,7,0,65775,1,2,0,4,3,1,2,1,1,1,1,2,3,3,1,1,0,0,1,0,1,4,62,2,1,1,3,I,66,0,0,0,0,0,0,0,0,0,0,280,100,0,1,0,1,8,999,999,999,9999999,999,999,999,6,0,0,0,0,0,0,995,9.8,998,998,998,99.8,99.8,99.8,264.199118389005,6,4
13438,52,13,1-52-2019-013-03,3,1,1FMCU9J97GUA,17,12,402,2016,14,3,14,0,1,F,1,1713,5,0,1,1,40,2,113,1,0,0,995,0,0,0,59041,1,2,2,4,2,1,2,1,1,1,1,0,2,3,1,8,0,0,3,0,1,3,51,2,1,1,2,D,24,0,0,0,0,0,0,0,0,0,0,230,230,0,0,0,1,5,999,999,999,9999999,999,999,19,2,0,1,1,0,4,0,995,9.8,998,998,998,99.8,99.8,99.8,138.90111847222,12,4
13438,52,13,1-52-2019-013-03,3,2,1GT121E89DF2,17,23,481,2013,34,5,31,0,1,B,9,2991,5,9999,9,0,998,5,113,1,0,0,995,0,0,0,82401,9,9,2,4,2,1,2,1,1,1,1,0,3,3,1,8,0,0,1,0,3,3,53,1,1,1,2,D,25,0,0,0,0,0,0,0,0,0,0,230,230,1,0,0,1,0,999,999,999,9999999,999,999,999,9,0,95,95,95,95,0,995,9.8,998,998,998,99.8,99.8,99.8,138.90111847222,12,4
13439,19,21,1-19-2019-021-08,8,1,1N4AL11D46N3,17,35,47,2006,4,1,4,0,1,T,2,1378,5,0,1,1,3,2,89,1,0,0,995,0,0,0,35954,1,1,0,4,3,2,2,1,1,1,1,2,0,0,1,1,0,0,1,1,1,1,8,1,1,4,1,A,2,1,4,2,2,2,4,31,4,2,47,997,997,0,1,0,3,6,999,999,999,9999999,999,999,999,7,0,1,2,0,4,2,997,0.6,999,999,999,14.0,1.2,14.0,281.560876854992,9,4
13440,19,22,1-19-2019-022-07,7,1,1HGCP3F81BA0,17,37,32,2011,4,1,4,0,1,F,1,1621,5,0,1,1,2,2,80,1,0,0,995,0,0,0,35953,1,2,2,4,2,1,2,1,1,1,1,2,0,0,1,1,0,0,1,0,1,3,50,2,1,1,2,D,20,0,0,0,0,0,0,0,0,0,0,140,140,0,0,0,1,9,999,999,999,9999999,999,999,999,6,0,1,1,0,0,0,995,9.8,998,998,998,99.8,99.8,99.8,1351.22061104819,9,4
13440,19,22,1-19-2019-022-07,7,2,4M2EU38848UJ,17,14,401,2008,14,3,14,0,1,B,1,2100,8,0,1,2,3,5,80,1,0,0,995,0,0,0,35954,9,9,2,4,2,1,2,1,1,1,1,2,0,0,1,1,0,0,9,0,5,3,52,1,1,1,2,D,21,0,0,0,0,0,0,0,0,0,0,140,140,0,0,0,1,9,999,999,999,9999999,999,999,999,6,0,95,95,95,95,0,995,9.8,998,998,998,99.8,99.8,99.8,1351.22061104819,9,4
13442,26,40,1-26-2019-040-07,7,1,1HGCR2F54DA0,17,37,32,2013,4,1,4,0,1,F,1,1521,5,9999,9,4,18,2,72,1,0,0,995,0,0,0,95842,1,1,2,1,3,3,2,1,1,1,3,0,0,0,1,1,0,0,1,0,1,3,52,2,1,1,2,D,28,0,0,0,0,0,0,0,0,0,0,350,350,0,0,0,1,12,999,999,999,9999999,999,999,999,6,0,0,0,0,0,0,995,9.8,998,998,998,99.8,99.8,99.8,1966.18026000264,10,4
13442,26,40,1-26-2019-040-07,7,2,1FTEW1CM7CFD,17,12,481,2012,34,5,30,0,1,B,9,2350,5,9999,9,0,998,5,72,1,0,0,995,0,0,0,95626,9,9,2,1,3,3,2,1,1,1,3,0,0,0,1,1,0,0,1,0,2,3,53,1,1,1,2,D,29,0,0,0,0,0,0,0,0,0,0,350,350,0,0,0,1,0,999,999,999,9999999,999,999,999,9,0,95,95,95,95,0,995,9.8,998,998,998,99.8,99.8,99.8,1966.18026000264,10,4
13442,26,40,1-26-2019-040-07,7,3,5J6YH28665L0,17,37,403,2005,14,3,14,0,1,B,9,1631,5,9999,9,0,998,5,72,1,0,0,995,0,0,0,95828,9,9,2,1,3,3,2,1,1,1,3,0,0,0,1,1,0,0,1,0,5,3,53,1,1,1,6,M,98,0,0,0,0,0,0,0,0,0,0,350,350,0,0,0,2,0,999,999,999,9999999,999,999,999,9,0,95,95,95,95,0,995,9.8,998,998,998,99.8,99.8,99.8,1966.18026000264,10,4
13443,26,41,1-26-2019-041-09,9,1,1FMZU24E8XUC,17,12,401,1999,14,3,14,0,1,F,1,1545,5,0,1,1,4,2,40,1,1,8,997,8,0,0,95621,1,2,2,4,2,1,2,1,3,1,0,4,0,0,3,1,0,0,9,1,14,2,11,2,2,4,1,C,11,0,0,0,0,0,0,0,0,0,0,10,5,0,1,0,1,5,999,999,999,9999999,999,999,23,2,0,1,2,0,4,0,995,9.8,998,998,998,99.8,99.8,99.8,1855.02444911394,10,4
13443,26,41,1-26-2019-041-09,9,2,1FDXE4FS8HDC,17,12,870,2017,64,8,60,99,2,D,9,,,,,,,,,,,,,,,,,,,,,,,,,,,,,,,,,,,,,,,,,,,,,,,,,,,,,,,,,,,,,,,,,,,,,,,,95,95,95,95,,,,,,,,,,1855.02444911394,10,4
13444,15,28,1-15-2019-028-06,6,1,2HGEH3389NH5,17,37,31,1992,4,1,2,0,1,L,9,1049,5,0,2,0,998,2,48,1,8,9,998,8,7,9,11368,1,1,2,4,2,1,2,1,1,1,0,0,0,0,1,1,2,2,1,0,10,2,16,1,1,1,4,K,78,0,0,0,0,0,0,0,0,0,0,245,290,0,0,0,1,0,999,999,999,9999999,999,999,999,9,0,1,1,0,0,0,995,9.8,998,998,998,99.8,99.8,99.8,461.873145562812,1,4
13444,15,28,1-15-2019-028-06,6,2,5N1AR2MM8EC6,17,35,401,2014,14,3,14,0,1,F,9,2044,5,9999,9,0,998,2,48,1,8,9,998,8,7,9,11550,9,9,2,4,4,1,2,1,1,1,1,3,0,0,1,1,0,0,9,0,1,4,65,99,1,1,4,K,79,0,0,0,0,0,0,0,0,0,0,290,245,0,0,0,1,0,999,999,999,9999999,999,999,999,9,0,1,2,0,4,0,995,9.8,998,998,998,99.8,99.8,99.8,461.873145562812,1,4
13445,15,29,1-15-2019-029-02,2,1,WBAEU33492PF,17,34,34,2002,4,1,3,0,1,R,1,1470,5,0,2,0,998,2,40,1,8,9,998,8,7,9,11575,2,2,2,4,2,1,2,1,1,1,0,0,0,0,3,1,2,2,1,0,1,2,17,2,1,1,5,L,87,0,0,0,0,0,0,0,0,0,0,270,180,0,0,0,1,3,14,-3,-14,22964,998,31,19,0,4,0,0,0,0,0,995,9.8,998,998,998,99.8,99.8,99.8,12.924630393862,1,4
13445,15,29,1-15-2019-029-02,2,2,3MYDLBZV8GY1,17,67,36,2016,4,1,2,0,1,F,1,1095,5,0,1,1,27,2,40,1,8,9,998,8,7,9,11550,1,1,2,4,2,1,2,1,1,1,0,0,0,0,3,1,0,0,1,0,1,4,66,2,1,1,5,L,86,0,0,0,0,0,0,0,0,0,0,180,270,0,0,0,1,3,20,-20,3,9666,998,34,14,0,4,0,0,0,0,0,995,9.8,998,998,998,99.8,99.8,99.8,12.924630393862,1,4
13445,15,29,1-15-2019-029-02,2,3,3N1AB7AP1HY3,17,35,43,2017,4,1,3,0,2,B,9,1300,5,9999,9,6,6,,,,,,,,,,,,,,,,,,,,,,,,,,,,,,,,,,,,,,,,,,,,,,,,,,,,,,,,,,,,,,,,,,95,95,95,95,,,,,,,,,,12.924630393862,1,4
13446,17,38,1-17-2019-038-06,6,1,3FADP4BJ8EM1,17,12,32,2014,4,1,1,0,1,F,1,1215,5,0,1,1,7,2,89,1,9,0,995,0,9,0,61265,2,9,0,4,2,1,2,2,1,1,1,4,0,0,2,2,0,0,9,0,1,3,50,2,1,1,2,D,20,0,0,0,0,0,0,0,0,0,0,80,80,0,0,0,1,1,22,-22,0,44691,998,11,29,0,1,1,3,0,4,0,995,9.8,998,998,998,99.8,99.8,99.8,93.0467501507111,4,4
13446,17,38,1-17-2019-038-06,6,2,2T1BU4EE3BC7,17,49,32,2011,4,1,2,0,1,B,1,1255,5,0,1,2,13,5,89,1,9,0,995,0,9,0,61244,9,9,0,4,2,1,2,2,1,1,1,4,0,0,2,2,0,0,9,0,5,3,52,99,1,1,2,D,21,0,0,0,0,0,0,0,0,0,0,80,80,0,0,0,1,1,24,24,0,8079,998,-16,13,0,1,95,95,95,95,0,995,9.8,998,998,998,99.8,99.8,99.8,93.0467501507111,4,4
13447,17,39,1-17-2019-039-07,7,1,1D7HG42N34S5,17,7,472,2004,34,5,31,0,1,R,1,2034,5,0,2,0,998,2,48,1,9,0,995,0,7,0,61201,1,1,2,4,2,1,2,2,1,1,0,2,0,0,1,2,2,2,2,0,1,2,17,1,1,1,5,L,87,0,0,0,0,0,0,0,0,0,0,0,270,0,0,0,1,3,11,-6,-10,29690,998,55,18,0,4,1,1,0,8,0,995,9.8,998,998,998,99.8,99.8,99.8,305.010083629079,4,4
13447,17,39,1-17-2019-039-07,7,2,19XFA1F52AE0,17,37,31,2010,4,1,3,0,1,F,1,1199,5,0,1,1,15,2,48,1,9,0,995,0,7,0,52804,9,9,2,3,3,2,2,2,1,1,3,3,0,0,1,2,0,0,9,0,1,4,66,99,1,1,5,L,86,0,0,0,0,0,0,0,0,0,0,270,0,0,0,0,1,3,19,-17,10,11329,998,101,12,0,4,0,0,0,0,0,995,9.8,998,998,998,99.8,99.8,99.8,305.010083629079,4,4
13448,17,40,1-17-2019-040-07,7,1,2FAFP71W64X1,17,12,16,2004,4,1,4,0,1,F,2,1900,5,0,1,1,10,2,89,1,9,0,995,0,9,0,61469,1,2,2,1,5,1,1,1,1,1,0,3,0,0,3,1,2,2,3,0,1,3,50,2,1,1,2,D,20,0,0,0,0,0,0,0,0,0,0,270,270,0,0,0,1,1,34,-34,0,14234,998,0,14,0,1,0,0,0,0,0,995,9.8,998,998,998,99.8,99.8,99.8,305.010083629079,4,4
13448,17,40,1-17-2019-040-07,7,2,2G1WG5EK2B12,17,20,2,2011,4,1,4,0,1,B,3,1613,5,0,1,1,9,2,89,1,9,0,995,0,9,0,52806,1,2,2,1,5,1,1,1,1,1,0,3,0,0,3,1,2,2,1,0,5,3,52,1,1,1,2,D,21,0,0,0,0,0,0,0,0,0,0,270,270,0,0,0,1,1,40,40,0,184674,998,-6,53,0,1,1,1,0,6,0,995,9.8,998,998,998,99.8,99.8,99.8,305.010083629079,4,4
13449,12,24,1-12-2019-024-03,3,1,1C3CCCAB7GN1,17,6,18,2016,4,1,3,0,1,F,1,1575,5,0,1,1,8,2,72,1,0,0,995,0,0,0,73401,1,2,0,4,2,1,2,1,2,4,1,2,0,0,1,1,5,2,1,1,14,2,12,7,1,4,1,B,8,0,0,0,0,0,0,0,0,0,0,998,998,0,1,0,1,1,17,-17,0,18279,998,0,17,0,4,2,5,0,6,0,998,0.2,120,120,120,36.2,7.4,38.1,275.6417920954,9,4
13450,11,37,1-11-2019-037-03,3,1,1N4AL2APXCC1,17,35,47,2012,4,1,4,0,1,F,1,1437,5,0,1,1,13,2,56,1,0,0,995,0,0,0,23838,1,2,0,4,2,1,2,2,1,1,0,0,0,0,1,2,0,0,1,0,1,2,17,1,1,1,5,L,88,0,0,0,0,0,0,0,0,0,0,280,200,0,0,0,1,1,23,-17,-14,61642,998,-104,27,0,4,0,0,0,0,0,995,9.8,998,998,998,99.8,99.8,99.8,485.991284092334,8,4
13450,11,37,1-11-2019-037-03,3,2,1C4PJMBS7GW3,17,2,404,2016,14,3,14,0,1,L,1,1788,5,0,1,1,12,2,56,1,0,0,995,0,0,0,23112,9,9,0,4,5,2,2,2,1,1,3,2,0,0,1,2,0,0,1,0,1,4,66,4,1,4,5,L,89,0,0,0,0,0,0,0,0,0,0,200,280,0,0,0,1,1,18,-9,16,6623,998,-23,9,0,4,9,97,0,99,0,995,9.9,999,999,999,99.9,99.9,99.9,485.991284092334,8,4
13451,29,38,1-29-2019-038-06,6,1,4T1BG12K4TU7,17,49,40,1996,4,1,2,0,1,L,1,1365,5,0,1,1,20,2,40,1,8,9,998,8,7,9,02744,1,2,2,4,2,1,2,1,1,1,0,0,0,0,1,1,0,0,9,0,10,2,16,99,1,1,4,K,78,0,0,0,0,0,0,0,0,0,0,210,260,0,0,0,1,1,11,-2,10,1574,998,-107,4,0,1,99,99,0,0,0,995,9.8,998,998,998,99.8,99.8,99.8,90.9780292607777,2,4
13451,29,38,1-29-2019-038-06,6,2,2T1BU4EE2CC8,17,49,32,2012,4,1,2,0,1,F,1,1255,5,0,1,1,7,2,40,1,8,9,998,8,7,9,02743,9,9,2,4,2,1,2,1,1,1,0,0,0,0,1,1,0,0,9,0,1,4,65,3,1,1,4,K,79,0,0,0,0,0,0,0,0,0,0,260,210,0,0,0,1,1,11,-7,-9,23614,998,-157,14,0,1,99,99,0,99,0,995,9.8,998,998,998,99.8,99.8,99.8,90.9780292607777,2,4
13452,29,39,1-29-2019-039-03,3,1,KM8SMDHF0HU2,17,55,401,2017,14,3,14,0,1,F,2,1968,5,0,1,1,9,2,48,1,8,0,995,0,7,0,99999,9,9,0,4,2,1,2,2,1,1,1,2,0,0,2,8,0,0,9,1,1,2,13,99,1,4,1,A,1,0,0,0,0,0,0,0,0,0,0,998,998,0,0,1,1,1,27,-27,0,54364,998,1,27,0,1,99,99,0,99,0,998,0.3,44,44,104,7.7,3.9,8.7,73.6462195627974,2,4
13453,29,40,1-29-2019-040-04,4,1,5FNYF4H27FB0,17,37,421,2015,15,3,15,0,1,R,1,2047,5,0,1,1,5,2,48,1,8,9,998,8,7,9,02746,7,1,2,4,2,1,2,1,1,1,0,2,0,0,1,8,1,2,3,1,10,2,13,2,1,4,1,C,11,0,0,0,0,0,0,0,0,0,0,205,220,0,0,0,1,8,999,999,999,9999999,999,999,999,6,0,0,0,0,0,0,995,9.8,998,998,998,99.8,99.8,99.8,194.615364697559,2,4
13453,29,40,1-29-2019-040-04,4,2,3N1BC1AP2BL3,17,35,50,2011,4,1,2,0,2,B,9,1235,5,9999,9,0,998,,,,,,,,,,,,,,,,,,,,,,,,,,,,,,,,,,,,,,,,,,,,,,,,,,,,,,,,,,,,,,,,,,95,95,95,95,,,,,,,,,,194.615364697559,2,4
13454,20,21,1-20-2019-021-04,4,1,1N4AL3APXFC2,17,35,47,2015,4,1,4,0,1,F,1,1416,5,0,1,1,18,2,64,1,0,0,995,0,0,0,93950,1,9,0,4,2,1,2,1,1,4,1,2,1,0,1,8,0,0,9,0,1,3,52,4,1,1,2,D,28,0,0,0,0,0,0,0,0,0,0,300,300,0,0,0,1,3,13,-13,0,9369,998,-29,13,0,4,99,99,0,99,0,995,9.8,998,998,998,99.8,99.8,99.8,3094.93603206769,11,4
13454,20,21,1-20-2019-021-04,4,2,2C4RC1BG3HR5,17,6,443,2017,20,4,20,0,1,B,1,1964,5,9999,9,0,998,2,64,1,0,0,995,0,0,0,93923,1,9,0,4,2,1,2,1,1,4,1,2,1,0,1,8,0,0,9,0,2,3,53,99,1,1,2,D,29,0,0,0,0,0,0,0,0,0,0,300,300,0,0,0,1,3,9,9,0,7081,998,0,9,0,4,99,99,0,99,0,995,9.8,998,998,998,99.8,99.8,99.8,3094.93603206769,11,4
13454,20,21,1-20-2019-021-04,4,3,JTDKN3DU0D56,17,49,46,2013,5,1,4,0,1,B,1,1485,5,0,1,2,22,5,64,1,0,0,995,0,0,0,93940,9,9,0,4,2,1,2,1,1,4,1,2,1,0,1,8,0,0,9,0,2,3,52,1,1,1,6,M,98,0,0,0,0,0,0,0,0,0,0,300,300,0,0,0,2,12,999,999,999,9999999,999,999,999,6,0,95,95,95,95,0,995,9.8,998,998,998,99.8,99.8,99.8,3094.93603206769,11,4
13456,33,37,1-33-2019-037-10,10,1,1G8AW12F45Z1,17,24,7,2005,4,1,2,0,1,F,1,1248,5,0,2,4,39,3,56,1,0,1,0,2,0,0,95926,1,2,0,1,4,1,2,1,2,1,1,2,0,0,3,1,0,0,1,0,14,5,81,1,1,1,1,C,13,0,0,0,0,0,0,0,0,0,0,998,998,0,0,0,1,10,999,999,999,9999999,999,999,999,6,0,0,0,0,0,0,998,9.8,998,998,998,99.8,99.8,99.8,1168.20302576002,12,4
13457,18,19,1-18-2019-019-03,3,1,3KPF34AD0KE0,17,63,38,2019,4,1,3,0,1,R,1,1253,5,0,1,1,13,2,80,1,0,0,995,0,0,0,54729,1,9,2,1,3,3,1,1,1,1,3,2,0,0,1,8,1,2,9,0,11,2,15,99,1,1,4,J,68,0,0,0,0,0,0,0,0,0,0,300,190,0,0,0,1,1,21,-16,-13,29011,998,139,17,0,4,9,97,0,99,0,995,9.8,998,998,998,99.8,99.8,99.8,93.2438271751823,6,4
13457,18,19,1-18-2019-019-03,3,2,4T4BF3EK9AR0,17,49,40,2010,4,1,4,0,1,F,1,1500,5,0,1,1,21,2,80,1,0,0,995,0,0,0,54703,3,9,2,1,3,2,1,1,1,1,1,3,0,0,1,8,1,2,9,0,1,4,62,2,1,1,4,J,69,0,0,0,0,0,0,0,0,0,0,190,300,0,0,0,1,1,17,-15,9,43498,998,100,22,0,4,1,1,0,4,0,995,9.8,998,998,998,99.8,99.8,99.8,93.2438271751823,6,4
13457,18,19,1-18-2019-019-03,3,3,KMHDU4AD2AU1,17,55,35,2010,4,1,3,0,1,F,1,1246,5,0,1,1,13,2,80,1,0,0,995,0,0,0,54703,1,9,2,4,4,2,1,1,1,1,1,1,0,0,1,8,1,2,9,0,5,4,60,1,1,1,6,M,98,0,0,0,0,0,0,0,0,0,0,110,270,0,0,0,2,1,14,-13,-5,9731,998,-108,11,0,1,0,0,0,0,0,995,9.8,998,998,998,99.8,99.8,99.8,93.2438271751823,6,4
13458,18,20,1-18-2019-020-06,6,1,2T3BF4DV4CW1,17,49,402,2012,14,3,14,0,1,T,2,1579,5,0,1,1,6,2,113,1,0,0,995,0,0,0,60616,3,2,0,1,2,2,2,3,3,1,4,2,1,3,1,4,0,0,1,1,14,1,5,1,3,4,1,B,7,1,8,2,2,1,4,61,1,2,34,997,997,0,0,0,2,6,999,999,999,9999999,999,999,999,7,0,1,1,0,0,3,997,1.2,12,15,999,25.2,4.6,25.6,133.944088200859,6,4
13459,13,28,1-13-2019-028-09,9,1,JN1BV7AP4EM6,17,58,41,2014,4,1,4,0,1,R,1,1667,5,9999,9,0,998,5,80,1,0,0,995,0,0,0,76140,9,9,1,3,2,2,2,2,3,9,3,2,0,0,3,2,0,0,9,1,14,2,11,99,1,2,2,F,44,0,0,0,0,0,0,0,0,0,0,210,200,0,0,0,1,3,5,-1,-4,1180,998,30,4,0,4,95,95,95,95,0,995,9.8,998,998,998,99.8,99.8,99.8,11190.942356507,7,4
13459,13,28,1-13-2019-028-09,9,2,1N4AL24E29C1,17,35,47,2009,2,1,3,0,1,L,1,1386,5,0,1,1,78,2,80,1,0,0,995,0,0,0,76119,9,1,1,3,2,1,2,2,3,9,1,3,0,0,3,2,0,0,9,0,14,4,60,99,1,1,2,F,45,0,0,0,0,0,0,0,0,0,0,200,210,0,0,0,1,3,5,0,5,2325,998,-61,6,0,4,99,99,0,4,0,995,9.8,998,998,998,99.8,99.8,99.8,11190.942356507,7,4
13460,13,29,1-13-2019-029-07,7,1,1J8GS48K79C5,17,2,404,2009,14,3,14,0,1,F,9,2014,5,9999,9,0,998,2,999,1,0,0,995,0,0,0,75050,2,2,2,1,6,6,1,1,2,1,5,0,0,0,1,1,1,2,2,0,11,2,15,1,1,1,4,J,68,0,0,0,0,0,0,0,0,0,0,110,20,0,0,0,1,0,999,999,999,9999999,999,999,999,9,0,0,0,0,0,0,995,9.8,998,998,998,99.8,99.8,99.8,14244.7314125009,7,4
13460,13,29,1-13-2019-029-07,7,2,1G1JC6SB0E41,17,20,28,2014,5,1,1,0,1,L,2,1259,5,0,1,4,52,2,999,1,0,0,995,0,0,0,75063,2,2,2,1,4,1,1,1,3,1,5,5,0,0,1,1,1,2,1,0,14,4,62,1,1,1,4,J,69,0,0,0,0,0,0,0,0,0,0,20,110,0,0,0,1,12,999,999,999,9999999,999,999,999,7,0,0,0,0,0,0,995,9.8,998,998,998,99.8,99.8,99.8,14244.7314125009,7,4
13461,22,34,1-22-2019-034-06,6,1,1J4GZ58S5TC1,17,2,404,1996,14,3,14,0,1,F,1,1788,5,0,1,2,16,5,97,1,0,0,995,0,0,0,83843,9,9,3,4,2,1,4,2,1,2,0,0,0,0,1,8,0,0,9,0,11,2,15,99,1,7,4,K,82,0,0,0,0,0,0,0,0,0,0,0,150,0,0,0,1,1,19,-17,10,27415,998,73,18,0,4,95,95,95,95,0,995,9.8,998,998,998,99.8,99.8,99.8,121.225297376505,12,4
13461,22,34,1-22-2019-034-06,6,2,4S4BRBGC0C32,17,48,45,2012,5,1,3,0,1,F,1,1542,5,0,1,1,14,2,97,1,0,1,0,2,0,1,99403,1,2,3,4,2,1,2,2,1,2,1,2,0,0,1,8,0,0,1,0,1,4,72,4,1,1,4,K,83,0,0,0,0,0,0,0,0,0,0,150,0,0,0,0,1,1,20,-20,0,31428,998,15,22,0,4,2,5,0,4,0,995,9.8,998,998,998,99.8,99.8,99.8,121.225297376505,12,4
13462,22,35,1-22-2019-035-05,5,1,1GNKVJED2BJ4,17,20,24,2011,6,1,5,0,1,F,2,2234,5,0,1,1,17,2,105,1,0,1,0,2,0,0,83855,1,2,0,2,2,1,2,1,1,2,1,3,2,3,1,1,0,0,3,0,1,3,51,2,1,1,2,D,24,0,0,0,0,0,0,0,0,0,0,260,260,0,0,0,1,5,999,999,999,9999999,999,999,25,3,0,2,4,0,3,0,995,9.8,998,998,998,99.8,99.8,99.8,39.2833665464723,12,4
13462,22,35,1-22-2019-035-05,5,2,1XP5DB9X66D8,17,87,881,2006,66,8,68,0,1,B,9,,,,,,,5,105,1,0,0,995,0,0,0,99328,9,9,0,2,2,1,2,1,1,2,1,3,2,3,1,1,0,0,1,0,1,3,53,1,1,1,2,D,25,,,,,,,,,,,,,,,,,,,,,,,,,,,95,95,95,95,,,9.8,998,998,998,99.8,99.8,99.8,39.2833665464723,12,4
13463,22,36,1-22-2019-036-03,3,1,2T3BFREV6GW4,17,49,402,2016,14,3,14,0,1,F,2,1610,5,100,2,1,9,2,97,1,0,1,0,2,0,1,99206,1,2,3,4,3,1,2,2,1,1,1,2,0,0,2,2,0,0,1,1,1,2,13,4,9,4,1,A,1,0,0,0,0,0,0,0,0,0,0,215,0,0,0,0,1,5,999,999,999,9999999,999,999,27,3,0,2,9,0,4,0,995,9.8,998,998,998,99.8,99.8,99.8,84.3897690153395,12,4
13463,22,36,1-22-2019-036-03,3,2,2NPYHM5X7CM1,17,87,881,2012,61,8,60,0,2,F,9,,,,,,,,,,,,,,,,,,,,,,,,,,,,,,,,,,,,,,,,,,,,,,,,,,,,,,,,,,,,,,,,,,,,,,,,95,95,95,95,,,,,,,,,,84.3897690153395,12,4