CASEID,PSU,CASENO,CASENUMBER,CATEGORY,VEHNO,VIN,VINLENGTH,MAKE,MODEL,MODELYR,BODYTYPE,BODYCAT,VEHCLASS,SPECUSE,TRANSTAT,DAMPLANE,DAMSEV,CURBWT,CURBSRC,CARGOWT,CARGOSRC,INSPTYPE,INSPLAG,TOWED,SPEEDLIMIT,DRPRESENT,PARALCOHOL,ALCTEST,ALCTESTRESULT,ALCTESTSRC,PARDRUG,DRUGTEST,ZIP,RACE,ETHNICITY,RELTOJUNCT,TRAFFLOW,RDLANES,INITLANE,SURFTYPE,SURFCOND,ALIGNMENT,PROFILE,LINERIGHT,LINELEFT,RUMBINIT,RUMBROAD,LIGHTCOND,WEATHER,TRAFDEV,TRAFFUNCT,DISTRACT,PREFHE,PREMOVE,CRITCAT,CRITEVENT,MANEUVER,PRESTAB,PRELOC,CRASHCAT,CRASHCONF,CRASHTYPE,ROLLTYPE,ROLLTURN,ROLLINTRPT,ROLLPREMAN,ROLLINITYP,ROLLINLOC,ROLLOBJ,ROLLTRIP,ROLLDIR,ROLLDIST,DVANGTHIS,DVANGOTH,TOWHITCH,TRAJDOC,TREEPOLE,DVEVENT,DVBASIS,DVTOTAL,DVLONG,DVLAT,DVENERGY,DVSPEED,DVMOMENT,DVBES,DVEST,DVCONF,VAIS,VISS,VINJURED,VTREAT,INITOBJCLASS,HEADANGLECAT,SHLDRWIDTH,STRKLENGTH,STRKWIDTH,STRKHEIGHT,EDGEDISTX,EDGEDISTY,EDGEDISTZ,CASEWGT,PSUSTRAT,VERSION
13584,32,50,1-32-2019-050-07,7,1,1G6AE5SXXD01,17,19,24,2013,4,1,4,0,1,L,2,1503,5,0,1,1,24,2,113,1,0,0,995,0,0,0,75241,1,1,0,2,4,4,2,2,1,9,3,2,1,3,1,8,0,0,1,1,1,1,5,4,4,4,1,B,7,0,0,0,0,0,0,0,0,0,0,998,998,0,0,0,1,10,999,999,999,9999999,999,999,999,7,0,0,0,0,0,0,998,2.8,999,999,999,15.6,10.0,18.7,4714.33710528873,7,4
13585,13,33,1-13-2019-033-09,9,1,WBAVB13536PT,17,34,34,2006,4,1,3,0,1,F,1,1490,5,9999,9,0,998,2,105,1,0,0,995,0,0,0,75251,2,9,0,2,4,3,1,1,1,9,3,3,0,0,3,1,0,0,9,0,1,3,51,99,1,1,2,D,24,0,0,0,0,0,0,0,0,0,0,90,90,0,0,0,1,3,23,-23,0,18889,998,0,18,0,4,1,2,0,4,0,995,9.8,998,998,998,99.8,99.8,99.8,4845.06568721863,7,4
13585,13,33,1-13-2019-033-09,9,2,2T1CG22P0YC3,17,49,44,2000,2,1,3,0,1,B,1,1440,5,0,1,1,22,2,105,1,1,1,253,2,0,0,75216,9,1,0,2,4,3,1,1,1,9,3,3,0,0,3,1,0,0,9,0,1,3,53,99,1,1,2,D,25,0,0,0,0,0,0,0,0,0,0,90,90,0,0,0,1,3,24,24,0,49792,998,31,28,0,1,1,2,0,4,0,995,9.8,998,998,998,99.8,99.8,99.8,4845.06568721863,7,4
13586,13,34,1-13-2019-034-09,9,1,JH4CL96884C0,17,54,39,2004,4,1,3,0,1,F,2,1465,5,0,1,1,19,2,48,1,0,0,995,0,0,0,76015,2,9,2,4,2,1,2,1,1,1,0,4,0,0,1,1,0,0,9,1,11,2,13,99,1,4,1,A,1,0,0,0,0,0,0,0,0,0,0,998,998,0,0,1,1,1,27,-27,0,50625,998,58,27,0,4,0,0,0,4,0,998,0.0,27,27,999,1.1,0.9,1.5,4845.06568721863,7,4
13587,13,35,1-13-2019-035-05,5,1,1XP4DP9X8CD1,17,87,884,2012,66,8,68,0,1,B,9,,,,,,,5,97,1,0,0,995,0,0,0,33176,9,9,0,2,4,1,1,1,1,3,3,3,0,0,1,1,0,0,9,0,2,3,53,99,1,1,2,D,29,,,,,,,,,,,,,,,,,,,,,,,,,,,95,95,95,95,,,9.8,998,998,998,99.8,99.8,99.8,121.707688284548,7,4
13587,13,35,1-13-2019-035-05,5,2,2C3CDXCT1CH1,17,7,24,2012,4,1,5,0,1,F,9,1929,5,9999,9,0,998,2,97,1,0,1,0,2,0,0,76066,9,1,0,2,4,2,1,1,1,3,1,3,0,0,1,1,0,0,9,0,1,3,52,8,1,2,2,D,28,0,0,0,0,0,0,0,0,0,0,100,100,0,0,0,1,0,999,999,999,9999999,999,999,999,9,0,2,5,0,4,0,995,9.8,998,998,998,99.8,99.8,99.8,121.707688284548,7,4
13588,19,24,1-19-2019-024-06,6,1,JN8AS5MV1AW6,17,35,51,2010,6,1,3,0,1,F,1,1564,5,0,2,0,998,2,40,1,0,0,995,0,0,0,35907,1,2,3,4,2,1,2,1,1,1,1,2,0,0,1,1,0,0,1,0,1,3,50,2,1,1,2,D,20,0,0,0,0,0,0,0,0,0,0,0,0,0,0,0,1,3,21,-21,0,23586,998,0,19,0,4,1,1,0,0,0,995,9.8,998,998,998,99.8,99.8,99.8,261.232189468952,9,4
13588,19,24,1-19-2019-024-06,6,2,2A4GP54L67R3,17,6,441,2007,20,4,20,0,1,B,1,1969,5,0,1,1,8,2,40,1,0,0,995,0,0,0,35901,1,2,3,4,2,1,2,1,1,1,1,2,0,0,1,1,0,0,1,0,5,3,52,1,1,1,2,D,21,0,0,0,0,0,0,0,0,0,0,0,0,0,0,0,1,3,17,17,0,24617,998,0,18,0,4,1,2,0,4,0,995,9.8,998,998,998,99.8,99.8,99.8,261.232189468952,9,4
13589,19,25,1-19-2019-025-07,7,1,1FMJU1K51CEF,17,12,422,2012,15,3,15,0,1,F,1,2633,5,0,1,2,6,5,56,1,0,0,995,0,0,0,35954,9,9,2,4,4,2,2,2,1,1,0,2,0,0,1,2,1,2,9,0,1,4,66,99,1,1,5,L,90,0,0,0,0,0,0,0,0,0,0,230,260,0,0,0,1,1,7,-2,6,22733,998,210,9,0,1,95,95,95,95,0,995,9.8,998,998,998,99.8,99.8,99.8,822.201506978278,9,4
13589,19,25,1-19-2019-025-07,7,2,1N4AL2AP5BN5,17,35,47,2011,4,1,4,0,1,R,1,1437,5,0,1,1,5,2,56,1,0,0,995,0,0,0,35954,1,2,2,4,5,1,2,2,1,1,1,3,0,0,1,2,1,2,1,0,1,4,66,7,1,1,5,L,90,0,0,0,0,0,0,0,0,0,0,260,230,0,0,0,1,1,12,-2,-12,4216,998,105,7,0,1,0,0,0,0,0,995,9.8,998,998,998,99.8,99.8,99.8,822.201506978278,9,4
13592,31,26,1-31-2019-026-01,1,1,1GKFC13J88R2,17,23,421,2008,15,3,15,0,1,F,3,2388,5,0,1,1,23,2,89,1,0,8,997,8,0,0,62934,9,9,0,4,2,1,2,1,1,1,1,4,0,0,2,1,0,0,9,1,1,2,10,1,1,2,3,G,50,1,4,2,2,1,4,61,1,2,18,40,230,0,0,0,1,1,63,-62,-11,664587,998,3,83,0,4,9,97,0,8,3,995,9.8,998,998,998,99.8,99.8,99.8,348.926925004764,6,4
13592,31,26,1-31-2019-026-01,1,2,1HGCP26478A0,17,37,32,2008,4,1,4,0,1,F,3,1468,5,9999,9,1,30,2,89,1,0,1,0,3,0,1,62869,1,2,0,4,2,1,2,1,1,1,1,4,0,0,2,1,0,0,9,0,1,4,62,99,1,1,3,G,51,0,0,0,0,0,0,0,0,0,0,230,40,0,1,0,1,1,95,-95,0,301036,998,29,68,0,4,4,34,2,1,0,995,9.8,998,998,998,99.8,99.8,99.8,348.926925004764,6,4
13593,66,26,1-66-2019-026-09,9,1,JTDBT9094913,17,49,51,2009,4,1,2,0,1,B,1,1050,5,9999,9,4,32,5,72,1,0,0,995,0,7,0,65705,9,9,2,5,3,1,2,1,1,1,1,2,0,0,1,1,1,2,1,0,5,3,53,1,1,1,6,M,98,0,0,0,0,0,0,0,0,0,0,0,0,0,1,0,2,12,999,999,999,9999999,999,999,999,6,0,95,95,95,95,0,995,9.8,998,998,998,99.8,99.8,99.8,131.308569897691,6,4
13593,66,26,1-66-2019-026-09,9,2,1FAHP3F22CL4,17,12,37,2012,4,1,3,0,1,B,1,1340,5,9999,9,2,32,5,72,1,8,0,995,0,7,0,65738,9,9,2,5,3,1,2,1,1,1,1,2,0,0,1,1,1,2,1,0,5,3,52,1,1,1,2,D,21,0,0,0,0,0,0,0,0,0,0,0,0,0,1,0,1,1,18,18,0,7801,998,0,12,0,1,95,95,95,95,0,995,9.8,998,998,998,99.8,99.8,99.8,131.308569897691,6,4
13593,66,26,1-66-2019-026-09,9,3,1GCCS19W9182,17,20,471,2001,34,5,30,0,1,B,2,1471,5,0,1,1,31,2,72,1,8,0,995,0,7,0,65714,1,2,2,5,3,1,2,1,1,1,1,2,0,0,1,1,1,2,1,0,1,3,50,2,1,1,2,D,20,0,0,0,0,0,0,0,0,0,0,0,0,0,1,0,3,1,25,25,0,42022,998,0,26,0,4,4,21,1,3,0,995,9.8,998,998,998,99.8,99.8,99.8,131.308569897691,6,4
13593,66,26,1-66-2019-026-09,9,4,2GTEC19T1213,17,23,481,2002,34,5,31,0,1,F,1,1787,5,0,1,1,30,2,72,1,8,0,995,0,7,0,65610,1,2,2,5,3,1,2,1,1,1,1,2,0,0,1,1,1,2,1,0,1,3,50,2,1,1,6,M,98,0,0,0,0,0,0,0,0,0,0,0,0,0,1,0,3,1,20,-20,0,24772,998,0,18,0,4,0,0,0,0,0,995,9.8,998,998,998,99.8,99.8,99.8,131.308569897691,6,4
13594,26,47,1-26-2019-047-09,9,1,1GNEK13TX2J1,17,20,421,2002,15,3,15,0,1,F,1,2290,8,0,1,1,17,2,56,1,1,8,997,8,0,9,95831,1,9,0,1,2,1,2,1,1,1,1,3,0,0,3,1,0,0,1,1,1,4,73,2,1,4,1,B,8,0,0,0,0,0,0,0,0,0,0,998,998,0,0,0,1,1,19,-19,0,31512,998,0,19,0,4,1,1,0,4,0,998,1.4,50,20,20,0.0,0.0,0.0,1924.62648216444,10,4
13595,26,48,1-26-2019-048-10,10,1,1FALP42X3VF1,17,12,3,1997,2,1,2,0,1,F,3,1562,5,0,1,1,16,2,56,1,0,0,995,0,0,0,95838,9,1,0,4,2,1,2,2,1,1,0,4,0,0,3,2,0,0,1,1,3,1,6,98,9,4,1,B,7,0,0,0,0,0,0,0,0,0,0,998,998,0,0,0,1,11,999,999,999,9999999,999,999,999,8,0,0,0,0,0,0,998,0.0,47,47,26,4.1,2.3,4.6,8823.45386184527,10,4
13596,26,49,1-26-2019-049-02,2,1,5TEKU72N77Z3,17,49,472,2007,34,5,30,0,1,F,3,1767,5,0,1,1,22,2,105,1,0,0,995,0,0,0,95843,9,1,1,2,5,4,2,1,1,1,3,3,0,0,1,1,0,0,1,0,1,3,50,2,1,1,2,D,20,0,0,0,0,0,0,0,0,0,0,55,55,0,0,0,1,1,42,-42,0,42395,998,0,24,0,4,0,0,0,0,0,995,9.8,998,998,998,99.8,99.8,99.8,20.8969386056482,10,4
13596,26,49,1-26-2019-049-02,2,2,WBSEK93527CS,17,34,36,2007,1,1,4,0,1,B,2,1995,5,0,1,1,23,2,105,1,0,1,0,2,0,1,95815,3,9,1,2,5,4,2,1,1,1,3,3,0,0,1,1,0,0,9,0,5,3,53,1,1,1,2,D,21,0,0,0,0,0,0,0,0,0,0,55,55,0,0,0,1,1,39,39,0,214259,998,0,52,0,4,3,14,1,3,0,995,9.8,998,998,998,99.8,99.8,99.8,20.8969386056482,10,4
13596,26,49,1-26-2019-049-02,2,3,1NXBU4EE4AZ2,17,49,32,2010,4,1,2,0,1,B,2,1279,5,9999,9,4,69,2,105,1,0,0,995,0,0,0,95821,3,9,1,2,5,4,2,1,1,1,3,3,0,0,1,1,0,0,1,0,5,3,53,1,1,1,6,M,98,0,0,0,0,0,0,0,0,0,0,55,55,0,0,0,2,3,29,29,0,41122,998,0,28,0,4,0,0,0,0,0,995,9.8,998,998,998,99.8,99.8,99.8,20.8969386056482,10,4
13596,26,49,1-26-2019-049-02,2,4,2G1115S32G91,17,20,2,2016,4,1,4,0,1,B,9,1717,5,9999,9,0,998,5,105,1,0,0,995,0,0,0,95648,9,9,1,2,5,4,2,1,1,1,3,3,0,0,1,1,0,0,1,0,5,3,53,9,1,1,6,M,98,0,0,0,0,0,0,0,0,0,0,55,55,0,0,0,3,0,999,999,999,9999999,999,999,999,9,0,95,95,95,95,0,995,9.8,998,998,998,99.8,99.8,99.8,20.8969386056482,10,4
13597,22,41,1-22-2019-041-10,10,1,1GKEK13T95J2,17,23,422,2005,15,3,15,0,1,F,2,2506,5,0,1,3,7,2,72,1,0,0,995,0,7,0,83501,1,2,0,1,3,1,2,1,1,1,1,3,0,0,2,1,0,0,1,0,1,6,87,2,1,1,1,C,13,0,0,0,0,0,0,0,0,0,0,998,998,0,0,0,1,12,999,999,999,9999999,999,999,999,7,0,0,0,0,0,0,998,9.8,998,998,998,99.8,99.8,99.8,764.699190793706,12,4
13599,22,43,1-22-2019-043-09,9,1,JA4LZ41GX3U0,17,52,47,2003,5,1,2,0,1,F,2,1570,5,0,1,1,12,2,40,1,0,0,995,0,0,0,99114,1,9,0,1,3,1,2,1,1,1,0,2,0,0,3,1,0,0,9,0,1,3,50,99,1,1,2,D,20,0,0,0,0,0,0,0,0,0,0,80,80,0,0,0,1,1,26,-26,0,48728,998,-13,28,0,4,0,0,0,5,0,995,9.8,998,998,998,99.8,99.8,99.8,134.157147381797,12,4
13599,22,43,1-22-2019-043-09,9,2,2GTEK19TX313,17,23,481,2003,34,5,31,0,1,B,1,2151,5,0,1,2,11,5,40,1,0,0,995,0,0,0,83843,9,9,0,4,3,1,2,1,1,1,0,2,0,0,3,1,0,0,1,0,5,3,53,1,1,1,2,D,21,0,0,0,0,0,0,0,0,0,0,80,80,0,0,0,1,1,19,19,0,25194,998,-32,17,0,4,95,95,95,95,0,995,9.8,998,998,998,99.8,99.8,99.8,134.157147381797,12,4
13600,17,44,1-17-2019-044-07,7,1,1G1PH5SB7D72,17,20,25,2013,4,1,3,0,1,F,1,1407,5,0,1,1,14,2,72,1,9,0,995,0,9,0,52804,9,9,1,3,2,1,1,1,1,1,2,1,0,0,1,1,1,2,9,1,10,2,12,2,1,4,1,B,6,0,0,0,0,0,0,0,0,0,0,998,998,0,0,0,1,12,999,999,999,9999999,999,999,19,2,0,99,99,0,99,0,998,0.6,999,999,11,0.0,0.0,0.0,1926.22020073379,4,4
13601,17,45,1-17-2019-045-01,1,1,1B3HB48C67D5,17,7,25,2007,5,1,2,0,1,T,1,1345,5,0,1,1,3,2,105,1,9,1,0,2,7,1,61265,1,1,0,2,2,1,2,2,2,9,1,3,2,3,1,2,0,0,9,1,14,1,6,99,3,4,1,A,2,1,2,2,2,1,4,61,1,2,10,997,997,0,0,0,1,6,999,999,999,9999999,999,999,999,6,0,5,26,1,1,3,997,9.8,998,998,998,99.8,99.8,99.8,67.1406956261704,4,4
13602,17,46,1-17-2019-046-02,2,1,1G1ZG57B58F2,17,20,37,2008,4,1,4,0,1,F,1,1569,5,0,1,1,6,2,72,1,9,0,995,0,9,0,61273,1,2,2,1,4,4,1,1,1,1,1,2,0,0,1,1,1,2,2,0,11,2,15,99,1,1,4,J,68,0,0,0,0,0,0,0,0,0,0,210,80,0,0,0,1,1,16,-16,0,39948,998,-15,25,0,1,0,0,0,0,0,995,9.8,998,998,998,99.8,99.8,99.8,57.5680443688784,4,4
13602,17,46,1-17-2019-046-02,2,2,MAJ6P1UL8JC2,17,12,403,2018,14,3,14,0,1,L,1,1370,5,0,1,1,6,2,72,1,9,0,995,0,9,0,61259,1,2,2,1,4,3,1,1,1,1,3,1,0,0,1,1,1,2,1,0,1,4,62,4,1,1,4,J,69,0,0,0,0,0,0,0,0,0,0,80,210,0,0,0,1,1,16,-10,12,4077,998,-98,6,0,1,3,10,1,4,0,995,9.8,998,998,998,99.8,99.8,99.8,57.5680443688784,4,4
13602,17,46,1-17-2019-046-02,2,3,1G8JU54F73Y5,17,24,5,2003,4,1,3,0,1,L,1,1336,5,0,1,2,8,5,72,1,9,0,995,0,9,0,61241,9,9,2,1,4,2,1,1,1,1,1,3,0,0,1,1,1,2,9,0,1,4,60,99,1,1,6,M,98,0,0,0,0,0,0,0,0,0,0,90,100,0,0,0,2,12,999,999,999,9999999,999,999,999,6,0,95,95,95,95,0,995,9.8,998,998,998,99.8,99.8,99.8,57.5680443688784,4,4
13604,15,32,1-15-2019-032-02,2,1,1N4AL3AP8FN3,17,35,47,2015,4,1,4,0,1,F,2,1416,5,0,1,1,5,2,48,1,8,1,330,2,7,1,30294,1,1,0,4,5,1,2,2,1,1,1,3,0,0,3,2,0,0,1,0,1,3,52,7,1,1,2,D,28,0,0,0,0,0,0,0,0,0,0,80,90,0,0,0,1,12,999,999,999,9999999,999,999,999,7,0,3,10,1,3,0,995,9.8,998,998,998,99.8,99.8,99.8,18.4918609892362,1,4
13604,15,32,1-15-2019-032-02,2,2,1GNSKKKC1FR2,17,20,422,2015,15,3,15,0,1,B,2,2511,5,0,1,1,12,2,48,1,8,9,998,8,7,9,11550,2,2,0,4,5,1,2,2,1,1,1,3,0,0,3,2,0,0,1,0,2,3,53,1,1,1,2,D,29,0,0,0,0,0,0,0,0,0,0,90,80,0,0,0,1,12,999,999,999,9999999,999,999,999,7,0,0,0,0,0,0,995,9.8,998,998,998,99.8,99.8,99.8,18.4918609892362,1,4
13605,29,44,1-29-2019-044-06,6,1,5TDDZRFH4JS4,17,49,403,2018,14,3,14,0,1,R,2,2030,5,0,1,2,12,5,56,1,8,9,998,8,7,9,02719,9,9,1,2,4,2,2,2,1,1,3,2,0,0,1,5,0,0,2,0,11,2,15,1,1,1,4,J,68,0,0,0,0,0,0,0,0,0,0,175,90,0,0,0,1,3,26,0,-26,101565,998,61,33,0,4,95,95,95,95,0,995,9.8,998,998,998,99.8,99.8,99.8,137.92510852474,2,4
13605,29,44,1-29-2019-044-06,6,2,JHMGE8H30DC0,17,37,39,2013,5,1,1,0,1,F,3,1163,5,0,1,1,11,2,56,1,8,9,998,8,7,9,02719,1,2,1,2,4,1,2,2,1,1,1,3,0,0,1,5,0,0,9,0,1,4,62,2,1,1,4,J,69,0,0,0,0,0,0,0,0,0,0,90,175,0,0,0,1,3,43,-43,8,61348,998,40,34,0,4,1,1,0,4,0,995,9.8,998,998,998,99.8,99.8,99.8,137.92510852474,2,4
13606,29,45,1-29-2019-045-10,10,1,1GCDT1969481,17,20,473,2004,34,5,30,0,1,F,1,1725,5,0,1,1,4,2,56,1,9,9,998,8,9,9,02739,9,9,2,2,2,1,2,2,1,1,1,3,0,0,3,2,1,2,9,1,11,2,13,1,1,4,1,A,1,0,0,0,0,0,0,0,0,0,0,998,998,0,0,1,2,1,14,-14,0,14633,998,-34,14,0,1,0,0,0,0,0,998,0.0,60,30,25,0.0,0.0,0.0,2416.93899484194,2,4
13607,29,46,1-29-2019-046-09,9,1,2FMZA51441BB,17,12,442,2001,20,4,20,0,1,R,1,1692,5,0,1,2,10,5,48,1,8,9,998,8,7,9,02740,9,9,2,3,1,1,2,1,1,1,0,0,0,0,2,1,2,2,1,0,1,2,17,1,1,1,5,L,87,0,0,0,0,0,0,0,0,0,0,270,180,0,0,0,1,1,11,-6,-10,3623,998,54,7,0,1,95,95,95,95,0,995,9.8,998,998,998,99.8,99.8,99.8,429.697042831363,2,4
13607,29,46,1-29-2019-046-09,9,2,3FAHP08167R2,17,12,23,2007,4,1,3,0,1,F,1,1490,5,0,1,1,5,2,48,1,8,9,998,8,7,9,02721,9,9,2,4,2,1,2,1,1,1,0,0,0,0,2,1,0,0,9,0,1,4,66,2,1,1,5,L,86,0,0,0,0,0,0,0,0,0,0,180,270,0,0,0,1,1,11,-10,6,16932,998,88,14,0,1,0,0,0,4,0,995,9.8,998,998,998,99.8,99.8,99.8,429.697042831363,2,4
13608,27,25,1-27-2019-025-07,7,1,1FBSS3BLXCDA,17,12,461,2012,21,4,21,2,1,L,1,2683,5,0,1,1,13,3,48,1,0,0,995,0,0,0,01201,1,2,2,4,2,1,2,1,1,2,0,0,0,0,1,1,1,2,1,0,1,2,17,1,1,1,5,L,89,0,0,0,0,0,0,0,0,0,0,20,110,0,0,0,1,8,999,999,999,9999999,999,999,999,6,0,0,0,0,0,0,995,9.8,998,998,998,99.8,99.8,99.8,656.782569310487,3,4
13608,27,25,1-27-2019-025-07,7,2,1HGCP2E76AA1,17,37,32,2010,4,1,4,0,1,F,9,1523,5,9999,9,0,998,5,48,1,0,0,995,0,0,0,01201,9,9,2,4,2,1,2,1,1,1,1,2,0,0,1,1,1,2,9,0,1,4,66,99,1,1,5,L,88,0,0,0,0,0,0,0,0,0,0,110,20,0,0,0,1,0,999,999,999,9999999,999,999,999,9,0,95,95,95,95,0,995,9.8,998,998,998,99.8,99.8,99.8,656.782569310487,3,4
13609,32,48,1-32-2019-048-06,6,1,2HGFA1F57AH3,17,37,31,2010,4,1,3,0,1,F,1,1199,5,0,1,1,50,2,113,1,0,1,0,3,0,1,75180,2,2,0,2,4,3,2,1,1,9,3,3,0,0,4,1,0,0,3,1,1,2,13,99,9,4,1,A,1,0,0,0,0,0,0,0,0,0,0,998,998,0,0,0,1,10,999,999,999,9999999,999,96,16,2,0,99,99,0,0,0,998,4.3,999,999,999,2.1,4.3,4.7,1360.07503420019,7,4
13610,15,33,1-15-2019-033-07,7,1,1N4AL2AP1CC1,17,35,47,2012,4,1,4,0,1,F,2,1437,5,0,1,1,7,2,48,1,8,9,998,8,7,9,99999,9,9,2,4,5,1,2,1,1,1,1,3,0,0,3,1,0,0,9,1,1,2,12,99,1,4,1,B,6,0,0,0,0,0,0,0,0,0,0,998,998,0,0,2,1,10,999,999,999,9999999,999,999,999,7,0,99,99,0,99,0,998,0.6,30,30,999,3.0,0.6,3.1,1959.19835370217,1,4
13611,33,42,1-33-2019-042-06,6,1,1J4PR5GK5AC1,17,2,404,2010,14,3,14,0,1,F,1,2174,5,9999,9,4,48,2,40,1,9,0,995,0,9,0,99999,9,9,2,4,2,1,2,1,1,1,0,0,0,0,3,1,0,0,9,1,11,2,13,99,1,4,1,A,1,0,0,0,0,0,0,0,0,0,0,998,998,0,1,1,1,12,999,999,999,9999999,999,999,999,6,0,9,97,0,99,0,998,0.0,20,19,110,1.7,1.1,2.0,156.219989119341,12,4
13612,33,43,1-33-2019-043-07,7,1,JN1CY0AP4AM9,17,58,38,2010,4,1,4,0,1,B,1,1820,5,0,1,1,13,2,89,1,0,0,995,0,0,0,95942,1,2,0,4,2,1,2,2,2,9,1,2,0,0,1,8,0,0,1,1,14,1,6,4,3,4,1,A,2,0,0,0,0,0,0,0,0,0,0,998,998,0,1,0,1,1,15,13,7,26640,998,-122,15,0,4,0,0,0,0,0,998,9.7,999,999,999,0.9,0.8,1.3,500.907688409028,12,4
13613,33,44,1-33-2019-044-08,8,1,1GKEC13T73R2,17,23,421,2003,15,3,15,0,1,T,1,2190,5,0,1,1,9,2,72,1,1,8,997,8,0,0,95965,1,2,0,4,2,1,2,1,1,1,1,4,0,0,1,1,0,0,3,1,1,2,13,3,9,6,6,M,98,1,4,2,5,3,1,31,1,2,13,997,997,0,0,0,1,6,999,999,999,9999999,999,999,999,6,0,1,1,0,4,2,997,9.8,998,998,998,99.8,99.8,99.8,102.455252771248,12,4
13614,20,23,1-20-2019-023-06,6,1,1N4AL3AP1DC1,17,35,47,2013,4,1,4,0,1,F,2,1420,5,0,1,1,12,2,89,1,1,8,997,8,0,9,93926,9,1,0,4,2,1,2,1,1,1,0,4,0,0,2,8,0,0,3,1,1,2,13,7,1,4,1,A,1,1,4,2,2,1,3,61,1,2,10,998,998,0,0,7,1,10,999,999,999,9999999,999,55,33,3,0,1,3,0,4,3,998,2.5,999,999,999,10.0,1.5,10.2,1277.36130333705,11,4
13615,18,22,1-18-2019-022-08,8,1,1FTHX26F7TEA,17,12,481,1996,34,5,31,0,1,T,3,2390,5,0,1,1,7,2,89,1,1,1,303,2,0,1,54745,1,9,0,4,2,1,2,1,2,4,0,0,0,0,1,1,0,0,9,1,14,1,6,99,2,4,1,B,7,1,2,1,2,1,4,68,1,1,9,996,996,0,0,1,4,7,999,999,999,9999999,999,999,999,8,0,1,3,0,3,3,996,0.0,22,22,119,27.5,5.7,28.1,137.974497350677,6,4
13616,18,23,1-18-2019-023-10,10,1,1FTRX18W4YNA,17,12,481,2000,34,5,31,0,1,T,2,2032,5,0,1,1,7,2,113,1,0,0,995,0,0,0,54727,1,2,1,2,2,2,1,1,2,1,3,2,1,3,1,8,0,0,1,1,14,1,6,2,3,4,1,B,7,1,4,2,2,1,4,61,1,2,10,997,997,0,0,0,1,6,999,999,999,9999999,999,999,999,7,0,1,1,0,0,3,997,9.8,998,998,998,99.8,99.8,99.8,3122.60564207585,6,4
13617,21,39,1-21-2019-039-02,2,1,4T1B11HK5JU5,17,49,40,2018,4,1,4,0,1,T,2,1470,5,0,2,1,46,2,113,1,0,1,0,2,0,2,89147,1,2,0,2,2,1,2,1,1,9,1,3,2,3,2,1,0,0,9,1,1,2,13,1,1,4,1,A,1,1,7,2,2,1,4,61,1,1,42,997,997,0,0,0,2,6,999,999,999,9999999,999,999,999,7,0,2,5,0,3,3,997,3.1,120,999,999,0.0,0.0,0.0,74.1088058919459,11,4
13618,30,42,1-30-2019-042-10,10,1,19XFB2F59FE0,17,37,31,2015,4,1,3,0,1,F,1,1258,5,9999,9,0,998,5,999,1,0,0,995,0,0,0,85326,9,9,3,4,2,1,2,1,1,1,0,0,0,0,1,1,2,2,9,0,11,2,15,99,1,1,4,K,84,0,0,0,0,0,0,0,0,0,0,140,240,0,0,0,1,3,15,-14,3,6257,998,34,11,0,4,95,95,95,95,0,995,9.8,998,998,998,99.8,99.8,99.8,10643.5117861065,10,4
13618,30,42,1-30-2019-042-10,10,2,WBAVB77548NH,17,34,34,2008,4,1,3,0,1,R,1,1630,5,0,1,1,38,2,72,1,0,0,995,0,0,0,85392,1,1,2,1,4,4,2,1,1,1,1,0,0,0,1,1,0,0,1,0,11,4,72,7,1,1,4,K,84,0,0,0,0,0,0,0,0,0,0,240,140,0,0,0,1,3,11,-4,-10,14516,998,45,14,0,4,0,0,0,0,0,995,9.8,998,998,998,99.8,99.8,99.8,10643.5117861065,10,4
13619,30,43,1-30-2019-043-03,3,1,ML32A3HJ9FH0,17,52,48,2015,5,1,1,0,1,F,2,895,5,0,1,1,34,2,105,1,0,0,995,0,0,0,85301,1,2,1,3,3,2,2,1,1,9,3,3,0,0,1,1,0,0,1,0,1,3,50,2,1,1,2,D,20,0,0,0,0,0,0,0,0,0,0,10,10,0,0,0,1,3,26,-26,0,18048,998,0,22,0,4,1,1,0,0,0,995,9.8,998,998,998,99.8,99.8,99.8,463.544332401253,10,4
13619,30,43,1-30-2019-043-03,3,2,1GCGTCE35F11,17,20,473,2015,34,5,30,0,1,B,1,2032,5,0,1,2,54,5,105,1,0,0,995,0,0,0,85373,9,9,0,3,3,2,2,1,1,9,3,3,0,0,1,1,0,0,1,0,5,3,53,1,1,1,2,D,21,0,0,0,0,0,0,0,0,0,0,10,10,0,0,0,1,3,13,13,0,20636,998,-2,16,0,4,95,95,95,95,0,995,9.8,998,998,998,99.8,99.8,99.8,463.544332401253,10,4
13620,30,44,1-30-2019-044-02,2,1,3GNCJKSB1GL1,17,20,406,2016,14,3,14,0,1,F,3,1382,5,0,1,1,51,2,89,1,0,0,995,0,0,0,85051,1,2,0,2,3,3,2,1,3,9,3,2,0,0,1,1,0,0,9,0,1,3,50,2,1,1,2,D,20,0,0,0,0,0,0,0,0,0,0,90,90,0,0,0,1,3,69,-69,0,181594,998,0,56,0,4,3,14,1,3,0,995,9.8,998,998,998,99.8,99.8,99.8,28.6013360902679,10,4