CASEID,PSU,CASENO,CASENUMBER,CATEGORY,VEHNO,VIN,VINLENGTH,MAKE,MODEL,MODELYR,BODYTYPE,BODYCAT,VEHCLASS,SPECUSE,TRANSTAT,DAMPLANE,DAMSEV,CURBWT,CURBSRC,CARGOWT,CARGOSRC,INSPTYPE,INSPLAG,TOWED,SPEEDLIMIT,DRPRESENT,PARALCOHOL,ALCTEST,ALCTESTRESULT,ALCTESTSRC,PARDRUG,DRUGTEST,ZIP,RACE,ETHNICITY,RELTOJUNCT,TRAFFLOW,RDLANES,INITLANE,SURFTYPE,SURFCOND,ALIGNMENT,PROFILE,LINERIGHT,LINELEFT,RUMBINIT,RUMBROAD,LIGHTCOND,WEATHER,TRAFDEV,TRAFFUNCT,DISTRACT,PREFHE,PREMOVE,CRITCAT,CRITEVENT,MANEUVER,PRESTAB,PRELOC,CRASHCAT,CRASHCONF,CRASHTYPE,ROLLTYPE,ROLLTURN,ROLLINTRPT,ROLLPREMAN,ROLLINITYP,ROLLINLOC,ROLLOBJ,ROLLTRIP,ROLLDIR,ROLLDIST,DVANGTHIS,DVANGOTH,TOWHITCH,TRAJDOC,TREEPOLE,DVEVENT,DVBASIS,DVTOTAL,DVLONG,DVLAT,DVENERGY,DVSPEED,DVMOMENT,DVBES,DVEST,DVCONF,VAIS,VISS,VINJURED,VTREAT,INITOBJCLASS,HEADANGLECAT,SHLDRWIDTH,STRKLENGTH,STRKWIDTH,STRKHEIGHT,EDGEDISTX,EDGEDISTY,EDGEDISTZ,CASEWGT,PSUSTRAT,VERSION
13620,30,44,1-30-2019-044-02,2,2,1FT7W2BT3HED,17,12,481,2017,34,5,31,0,1,B,2,2745,5,0,2,4,55,5,89,1,0,0,995,0,0,0,85210,9,9,0,2,3,3,2,1,3,9,3,2,0,0,1,1,0,0,1,0,5,3,52,1,1,1,2,D,21,0,0,0,0,0,0,0,0,0,0,90,90,0,0,0,1,3,36,36,0,230416,998,0,46,0,4,95,95,95,95,0,995,9.8,998,998,998,99.8,99.8,99.8,28.6013360902679,10,4
13622,25,27,1-25-2019-027-06,6,1,1FAFP56U16A1,17,12,17,2006,4,1,3,0,1,L,1,1513,5,0,1,1,23,2,48,1,8,0,995,0,7,0,04103,9,9,2,2,3,2,2,1,3,1,1,2,0,0,1,1,1,2,1,0,1,4,62,99,1,1,4,J,69,0,0,0,0,0,0,0,0,0,0,200,350,0,0,0,1,1,17,-16,3,22216,998,-68,17,0,1,99,99,0,99,0,995,9.8,998,998,998,99.8,99.8,99.8,395.905244650684,2,4
13622,25,27,1-25-2019-027-06,6,2,1C4NJRFB6CD5,17,2,407,2012,14,3,14,0,1,F,1,1474,5,0,1,1,13,2,48,1,8,0,995,0,7,0,04268,9,9,2,4,3,2,2,1,2,1,1,2,0,0,1,1,1,2,1,0,11,2,15,1,1,1,4,J,68,0,0,0,0,0,0,0,0,0,0,350,200,0,0,0,1,1,18,-16,-6,27022,998,-98,17,0,1,99,99,0,99,0,995,9.8,998,998,998,99.8,99.8,99.8,395.905244650684,2,4
13623,14,25,1-14-2019-025-09,9,1,1FTRX17W21NA,17,12,481,2001,34,5,31,0,1,F,1,1911,5,907,2,1,16,2,89,1,0,0,995,0,0,0,78130,1,2,2,4,2,1,2,1,1,2,1,2,0,0,1,1,3,2,2,0,1,3,50,1,1,1,2,D,20,0,0,0,0,0,0,0,0,0,0,25,20,0,0,0,1,5,999,999,999,9999999,999,999,16,2,0,1,1,0,6,0,995,9.8,998,998,998,99.8,99.8,99.8,1857.41383454955,8,4
13623,14,25,1-14-2019-025-09,9,2,3AKJGLBGXFSG,17,82,881,2015,66,8,68,0,1,B,9,,,,,,,5,89,1,0,0,995,0,0,0,72716,9,9,2,4,2,1,2,1,1,2,1,2,0,0,1,1,3,2,9,0,5,3,53,1,1,1,2,D,21,,,,,,,,,,,,,,,,,,,,,,,,,,,95,95,95,95,,,9.8,998,998,998,99.8,99.8,99.8,1857.41383454955,8,4
13624,22,44,1-22-2019-044-09,9,1,WBAVB73528KY,17,34,34,2008,4,1,3,0,1,F,1,1630,5,0,1,1,2,2,56,1,0,0,995,0,0,0,83501,1,2,0,5,3,1,2,1,1,1,0,2,0,0,1,8,0,0,1,0,1,3,50,1,1,1,2,D,20,0,0,0,0,0,0,0,0,0,0,90,90,0,0,0,1,1,21,-21,0,39433,998,-6,24,0,4,1,1,0,6,0,995,9.8,998,998,998,99.8,99.8,99.8,134.157147333812,12,4
13624,22,44,1-22-2019-044-09,9,2,1GKFK66887J2,17,23,421,2007,15,3,15,0,1,B,1,2556,5,0,1,2,10,5,56,1,0,0,995,0,0,0,83501,9,9,0,5,3,1,2,1,1,1,0,2,0,0,1,8,0,0,1,0,5,3,53,1,1,1,2,D,21,0,0,0,0,0,0,0,0,0,0,90,90,0,0,0,1,1,14,14,0,12389,998,29,11,0,4,95,95,95,95,0,995,9.8,998,998,998,99.8,99.8,99.8,134.157147333812,12,4
13624,22,44,1-22-2019-044-09,9,3,1NXBR30E35Z3,17,49,32,2005,4,1,2,0,1,B,1,1135,5,0,1,2,8,5,56,1,0,0,995,0,0,0,83501,9,9,0,5,3,1,2,1,1,1,0,2,0,0,1,8,0,0,1,0,5,3,53,1,1,1,6,M,98,0,0,0,0,0,0,0,0,0,0,90,90,0,0,0,2,1,18,18,0,7751,998,34,13,0,1,95,95,95,95,0,995,9.8,998,998,998,99.8,99.8,99.8,134.157147333812,12,4
13630,11,43,1-11-2019-043-05,5,1,JTKDE1775600,17,49,50,2006,3,1,3,0,1,R,3,1347,8,0,1,1,20,2,72,1,0,1,0,2,0,0,23236,7,9,0,1,2,1,2,1,3,1,1,3,0,0,1,1,0,0,1,1,14,1,6,99,4,2,3,I,64,0,0,0,0,0,0,0,0,0,0,150,120,0,0,0,1,1,51,39,-33,163344,998,24,54,0,4,2,6,0,3,0,995,9.8,998,998,998,99.8,99.8,99.8,85.3470688507436,8,4
13630,11,43,1-11-2019-043-05,5,2,1G1ZC5E05CF2,17,20,37,2012,4,1,4,0,1,F,3,1551,5,0,1,1,27,2,72,1,0,1,0,2,0,1,23236,2,2,0,1,2,2,2,1,1,1,3,2,0,0,1,1,0,0,1,0,1,4,62,4,1,1,3,I,65,0,0,0,0,0,0,0,0,0,0,120,150,0,0,0,1,1,45,-44,8,111284,998,26,42,0,4,2,9,0,3,0,995,9.8,998,998,998,99.8,99.8,99.8,85.3470688507436,8,4
13630,11,43,1-11-2019-043-05,5,3,3N1BC11E09L4,17,35,50,2009,4,1,2,0,1,F,2,1235,5,0,1,1,21,2,72,1,0,0,995,0,0,0,23831,9,9,0,1,2,2,2,1,1,1,3,2,0,0,1,1,0,0,1,0,1,3,51,2,2,1,6,M,98,0,0,0,0,0,0,0,0,0,0,105,120,0,0,0,2,8,999,999,999,9999999,999,999,999,7,0,9,97,0,0,0,995,9.8,998,998,998,99.8,99.8,99.8,85.3470688507436,8,4
13631,11,44,1-11-2019-044-03,3,1,2HNYD18605H5,17,54,421,2005,15,3,15,0,1,F,1,1992,5,0,1,1,23,2,56,1,0,0,995,0,0,0,23234,9,9,0,1,4,1,2,1,1,1,0,3,0,0,2,1,0,0,1,0,1,3,52,99,1,1,2,D,28,0,0,0,0,0,0,0,0,0,0,90,90,0,0,0,1,1,11,-11,0,16534,998,3,14,0,4,99,99,0,99,0,995,9.8,998,998,998,99.8,99.8,99.8,420.588625278138,8,4
13631,11,44,1-11-2019-044-03,3,2,4T1B11HK4KU7,17,49,40,2019,4,1,4,0,1,B,1,1520,5,0,1,1,31,2,56,1,0,0,995,0,0,0,23234,2,9,0,1,4,1,2,1,1,1,0,3,0,0,2,1,0,0,1,0,2,3,52,1,1,1,2,D,29,0,0,0,0,0,0,0,0,0,0,90,90,0,0,0,1,1,14,14,0,6277,998,2,10,0,4,1,1,0,4,0,995,9.8,998,998,998,99.8,99.8,99.8,420.588625278138,8,4
13631,11,44,1-11-2019-044-03,3,3,3FADP4FJ4CM1,17,12,32,2012,5,1,1,0,1,B,1,1170,5,0,1,2,29,5,56,1,0,0,995,0,0,0,23234,9,9,0,1,4,1,2,1,1,1,0,3,0,0,2,1,0,0,1,0,2,3,52,99,1,1,6,M,98,0,0,0,0,0,0,0,0,0,0,90,90,0,0,0,2,1,14,14,0,5388,998,31,11,0,1,95,95,95,95,0,995,9.8,998,998,998,99.8,99.8,99.8,420.588625278138,8,4
13633,24,48,1-24-2019-048-02,2,1,2C3CDZFJ4GH2,17,7,28,2016,2,1,5,0,1,F,3,1891,5,0,1,1,22,2,80,1,0,0,995,0,0,0,08037,1,2,0,4,2,1,2,1,1,1,1,4,0,0,1,1,0,0,3,1,1,2,12,1,1,4,1,B,6,0,0,0,0,0,0,0,0,0,0,998,998,0,0,1,1,1,61,-58,-21,298498,998,-21,61,0,4,3,22,1,3,0,998,0.7,33,35,107,12.0,4.1,12.7,57.6076865340657,1,4
13634,24,49,1-24-2019-049-03,3,1,JM3KFBCL0H01,17,41,403,2017,14,3,14,0,1,F,1,1659,5,0,1,1,21,2,40,1,0,0,995,0,0,0,07081,1,2,2,3,2,1,2,1,1,1,0,3,0,0,1,1,1,2,1,0,10,2,16,2,1,1,4,K,78,0,0,0,0,0,0,0,0,0,0,240,340,0,0,0,1,1,15,-14,5,23249,998,61,17,0,1,1,1,0,6,0,995,9.8,998,998,998,99.8,99.8,99.8,606.538053233196,1,4
13634,24,49,1-24-2019-049-03,3,2,1FMCU49349KB,17,12,402,2009,14,3,14,0,1,R,1,1650,5,0,1,1,20,2,40,1,0,0,995,0,0,0,08232,2,2,2,1,4,1,2,1,1,1,0,3,0,0,1,1,1,2,1,0,1,4,65,3,1,1,4,K,79,0,0,0,0,0,0,0,0,0,0,340,240,0,0,0,1,1,15,-8,-13,11270,998,-11,13,0,1,1,2,0,6,0,995,9.8,998,998,998,99.8,99.8,99.8,606.538053233196,1,4
13635,24,50,1-24-2019-050-06,6,1,1FAHP2EW3CG1,17,12,17,2012,4,1,4,0,1,F,1,1822,5,0,1,1,16,2,72,1,0,0,995,0,0,0,08205,9,9,2,4,4,2,2,2,1,1,1,1,0,0,1,2,1,2,9,0,1,2,17,5,1,1,4,K,83,0,0,0,0,0,0,0,0,0,0,100,340,0,0,0,1,1,11,-11,-2,10260,998,-41,11,0,1,0,0,0,0,0,995,9.8,998,998,998,99.8,99.8,99.8,807.930842243126,1,4
13635,24,50,1-24-2019-050-06,6,2,5NPEC4AB4CH4,17,55,33,2012,4,1,4,0,1,L,1,1517,5,0,1,1,24,2,72,1,0,0,995,0,0,0,08043,1,2,2,4,3,2,2,2,1,1,1,2,0,0,1,2,1,2,1,0,11,4,66,8,1,1,4,K,82,0,0,0,0,0,0,0,0,0,0,340,100,0,0,0,1,1,13,-8,10,20719,998,-146,13,0,1,1,2,0,6,0,995,9.8,998,998,998,99.8,99.8,99.8,807.930842243126,1,4
13636,77,43,1-77-2019-043-02,2,1,KNMAT2MV0HP5,17,35,51,2017,6,1,3,0,1,9,1,1610,5,0,1,3,17,2,105,1,0,1,0,2,0,0,22942,1,2,0,2,2,1,2,1,3,1,1,3,2,3,1,1,0,0,1,1,14,2,13,99,1,4,1,A,1,0,0,0,0,0,0,0,0,0,0,999,999,0,0,0,1,12,999,999,999,9999999,999,999,999,6,0,0,0,0,3,0,999,9.8,998,998,998,99.8,99.8,99.8,82.9547267506105,9,4
13638,77,45,1-77-2019-045-05,5,1,1J4GZ78S9RC1,17,2,404,1994,14,3,14,0,1,L,3,1612,5,9999,9,0,998,2,40,1,0,1,0,2,0,0,22901,9,1,2,4,5,2,2,2,1,2,1,1,0,0,2,2,1,2,1,0,11,2,15,1,1,1,4,K,84,0,0,0,0,0,0,0,0,0,0,40,145,0,0,0,1,3,50,-38,32,465427,998,-68,74,0,4,2,5,0,4,0,995,9.8,998,998,998,99.8,99.8,99.8,103.127269087679,9,4
13638,77,45,1-77-2019-045-05,5,2,KMHCN4AC4BU5,17,55,36,2011,4,1,1,0,1,F,3,1080,5,0,1,1,4,2,56,1,0,0,995,0,0,0,23093,1,2,2,1,4,2,2,2,1,1,1,1,0,0,2,2,1,2,1,0,1,2,17,1,1,1,4,K,84,0,0,0,0,0,0,0,0,0,0,145,40,0,0,0,1,3,75,-65,-38,99842,998,-82,40,0,1,3,14,1,3,0,995,9.8,998,998,998,99.8,99.8,99.8,103.127269087679,9,4
13639,73,25,1-73-2019-025-04,4,1,4T1BF1FK3HU6,17,49,40,2017,4,1,4,0,1,F,1,1467,5,0,1,3,3,2,56,1,8,0,995,0,7,0,04957,9,9,0,4,2,1,2,1,3,4,0,0,0,0,1,1,6,2,1,0,14,4,62,4,1,1,3,I,67,0,0,0,0,0,0,0,0,0,0,140,310,0,0,0,1,5,999,999,999,9999999,999,999,999,6,0,0,0,0,0,0,995,9.8,998,998,998,99.8,99.8,99.8,62.6071483144452,3,4
13639,73,25,1-73-2019-025-04,4,2,JYACJ10C66A0,17,76,705,2006,83,9,80,0,1,9,9,,,,,,,2,56,1,8,0,995,0,7,0,04955,9,9,0,4,2,1,2,1,2,2,0,0,0,0,1,1,6,2,1,1,14,1,6,99,9,2,3,I,67,,,,,,,,,,,,,,,,,,,,,,,,,,,95,95,95,95,,,9.8,998,998,998,99.8,99.8,99.8,62.6071483144452,3,4
13640,73,26,1-73-2019-026-09,9,1,1GCEK14C88Z1,17,20,481,2008,34,5,31,0,1,F,2,2122,5,0,1,1,5,2,72,1,8,0,995,0,7,0,04961,1,2,0,4,2,1,2,2,3,1,0,2,0,0,1,2,0,0,1,1,14,2,13,8,1,4,1,A,1,0,0,0,0,0,0,0,0,0,0,998,998,0,1,1,8,11,999,999,999,9999999,999,999,999,7,0,1,1,0,4,0,998,0.0,16,15,120,40.2,6.2,41.0,61.5107314529175,3,4
13642,28,22,1-28-2019-022-07,7,1,JTMRF4DV8A50,17,49,402,2010,14,3,14,0,1,F,1,1579,5,0,1,1,14,2,64,1,0,0,995,0,0,0,16901,1,2,0,4,2,1,5,1,2,4,0,0,0,0,2,1,0,0,1,1,14,1,6,2,2,4,1,B,7,1,1,1,2,5,4,31,1,2,2,998,998,0,0,1,1,1,17,-17,3,25035,998,80,17,0,1,1,1,0,0,2,998,0.0,55,55,70,29.2,2.3,29.3,59.873353386567,3,4
13643,12,28,1-12-2019-028-07,7,1,1GCRKSE79CZ2,17,20,481,2012,34,5,31,0,1,F,1,2408,5,0,1,1,6,2,105,1,0,0,995,0,0,2,73401,1,2,0,4,4,1,2,1,1,4,1,3,2,3,1,1,0,0,9,0,1,6,87,2,1,1,1,C,13,0,0,0,0,0,0,0,0,0,0,998,998,0,0,0,1,10,999,999,999,9999999,999,60,22,2,0,1,1,0,6,0,998,9.8,998,998,998,99.8,99.8,99.8,1110.59821661622,9,4
13644,48,24,1-48-2019-024-06,6,1,1C3CDZCB7CN2,17,7,26,2012,4,1,3,0,1,R,1,1539,5,0,2,1,15,2,40,1,0,1,0,2,0,0,83406,1,2,2,4,2,1,2,1,1,1,1,2,0,0,3,1,2,2,2,0,1,2,17,9,1,1,5,L,87,0,0,0,0,0,0,0,0,0,0,330,260,0,1,0,1,1,16,-3,-16,9504,998,158,8,0,4,2,5,0,4,0,995,9.7,2,2,10,5.7,8.2,9.9,257.641477184578,12,4
13644,48,24,1-48-2019-024-06,6,2,2G1WF52E0592,17,20,2,2005,4,1,4,0,1,F,1,1572,5,0,2,1,14,2,40,1,0,0,995,0,0,0,83420,1,2,2,4,4,2,2,1,1,1,3,3,0,0,3,1,0,0,1,0,1,4,66,2,1,1,5,L,86,0,0,0,0,0,0,0,0,0,0,260,330,0,1,0,1,1,15,-13,8,47653,998,114,22,0,4,1,1,0,0,0,995,9.8,998,998,998,99.8,99.8,99.8,257.641477184578,12,4
13645,48,25,1-48-2019-025-10,10,1,1GKEV23758J2,17,23,8,2008,6,1,5,0,1,F,1,2142,5,0,1,1,18,2,89,1,0,0,995,0,0,0,84337,1,1,0,4,2,1,2,1,1,1,1,2,0,0,1,1,0,0,1,0,1,3,50,8,1,2,2,D,20,0,0,0,0,0,0,0,0,0,0,180,170,0,1,0,1,1,8,-8,-1,18091,998,-103,12,0,4,0,0,0,0,0,995,9.8,998,998,998,99.8,99.8,99.8,3833.56428067814,12,4
13645,48,25,1-48-2019-025-10,10,2,1C3CDFEB2ED6,17,7,29,2014,4,1,3,0,1,B,1,1471,5,0,1,2,18,5,89,1,0,0,995,0,0,0,84337,9,9,0,4,2,1,2,1,1,1,1,2,0,0,1,1,0,0,1,0,5,3,52,1,1,1,2,D,22,0,0,0,0,0,0,0,0,0,0,170,180,0,1,0,1,1,12,11,4,6145,998,-141,7,0,4,95,95,95,95,0,995,9.8,998,998,998,99.8,99.8,99.8,3833.56428067814,12,4
13646,54,24,1-54-2019-024-07,7,1,1G1JC5SB3C41,17,20,28,2012,4,1,1,0,1,B,3,1220,5,9999,9,4,49,2,105,1,0,0,995,0,0,0,35653,2,9,2,1,2,2,2,1,1,1,1,3,2,3,1,1,0,0,9,1,15,2,11,99,1,2,2,D,25,0,0,0,0,0,0,0,0,0,0,275,270,0,1,0,1,5,999,999,999,9999999,999,999,999,8,0,0,0,0,0,0,995,9.8,998,998,998,99.8,99.8,99.8,228.813082231525,9,4
13646,54,24,1-54-2019-024-07,7,2,1M2AX09C8EM0,17,86,898,2014,78,8,78,99,1,F,9,,,,,,,2,105,1,0,0,995,0,0,0,35654,9,9,2,1,2,1,2,1,1,1,1,3,2,3,1,1,0,0,9,1,1,3,51,3,2,2,2,D,24,,,,,,,,,,,,,,,,,,,,,,,,,,,95,95,95,95,,,9.8,998,998,998,99.8,99.8,99.8,228.813082231525,9,4
13647,54,25,1-54-2019-025-07,7,1,1FMCU0E75CKB,17,12,402,2012,14,3,14,0,1,F,9,1495,5,0,2,0,998,2,89,1,0,0,995,0,0,0,35581,1,2,0,4,2,1,2,1,1,1,1,2,2,3,1,8,0,0,3,0,1,3,50,4,9,1,2,D,20,0,0,0,0,0,0,0,0,0,0,340,330,0,0,0,1,0,999,999,999,9999999,999,999,999,9,0,0,0,0,0,0,995,9.8,998,998,998,99.8,99.8,99.8,228.813082231525,9,4
13647,54,25,1-54-2019-025-07,7,2,2C3CDYAG1CH2,17,7,28,2012,2,1,5,0,1,B,2,1739,5,0,2,4,25,2,89,1,0,0,995,0,0,0,35581,9,1,0,4,2,1,2,1,1,1,1,2,2,3,1,8,0,0,1,0,5,3,53,1,1,1,2,D,21,0,0,0,0,0,0,0,0,0,0,330,340,0,0,0,1,12,999,999,999,9999999,999,999,999,7,0,1,2,0,4,0,995,9.8,998,998,998,99.8,99.8,99.8,228.813082231525,9,4
13652,59,36,1-59-2019-036-10,10,1,1FTRW14597FA,17,12,481,2007,34,5,31,0,1,B,1,2543,5,9999,9,4,60,5,48,1,0,0,995,0,0,0,46970,9,9,0,2,3,1,2,1,1,2,0,3,0,0,1,1,0,0,9,0,5,3,53,99,1,1,2,D,21,0,0,0,0,0,0,0,0,0,0,0,0,0,0,0,1,3,14,14,0,26016,998,0,16,0,4,95,95,95,95,0,995,9.8,998,998,998,99.8,99.8,99.8,3878.65728899413,6,4
13652,59,36,1-59-2019-036-10,10,2,JT3HT05JXY01,17,49,421,2000,15,3,15,0,1,F,1,2320,8,0,1,1,2,2,48,1,0,0,995,0,0,0,60056,2,2,0,2,3,1,2,1,1,2,0,3,0,0,1,1,0,0,1,0,1,3,50,2,1,1,2,D,20,0,0,0,0,0,0,0,0,0,0,0,0,0,0,0,1,3,14,-14,0,13545,998,56,11,0,4,0,0,0,0,0,995,9.8,998,998,998,99.8,99.8,99.8,3878.65728899413,6,4
13654,32,52,1-32-2019-052-05,5,1,5YFBU4EE7DP2,17,49,32,2013,4,1,2,0,1,L,1,1260,5,0,1,1,11,2,64,1,0,0,995,0,0,0,75040,2,2,2,1,3,3,1,1,1,4,1,0,0,0,1,1,2,2,9,0,11,2,15,99,1,1,4,K,82,0,0,0,0,0,0,0,0,0,0,110,210,0,0,0,1,3,19,-10,16,28260,998,-36,23,0,4,9,97,0,3,0,995,9.8,998,998,998,99.8,99.8,99.8,108.407049481531,7,4
13654,32,52,1-32-2019-052-05,5,2,JHMCM563X3C0,17,37,32,2003,4,1,3,0,1,F,1,1389,5,0,1,5,11,2,64,1,0,0,995,0,0,0,75048,3,2,2,1,4,2,1,1,3,1,1,3,0,0,1,1,0,0,1,0,1,4,67,7,1,2,4,K,83,0,0,0,0,0,0,0,0,0,0,210,110,0,0,0,1,3,17,-16,-6,12181,998,-70,13,0,4,1,1,0,6,0,995,9.8,998,998,998,99.8,99.8,99.8,108.407049481531,7,4
13655,32,53,1-32-2019-053-03,3,1,1GYEC63T03R1,17,19,421,2003,15,3,15,0,1,R,9,2635,5,9999,9,0,998,2,56,1,0,0,995,0,0,0,75016,2,2,2,1,3,2,2,1,1,2,3,1,0,0,1,1,1,2,9,0,1,2,17,99,1,1,5,L,87,0,0,0,0,0,0,0,0,0,0,10,280,0,0,0,1,0,999,999,999,9999999,999,999,999,9,0,2,5,0,4,0,995,0.0,120,25,88,3.4,2.9,2.9,1135.89994695327,7,4
13655,32,53,1-32-2019-053-03,3,2,JTKDE1670902,17,49,50,2009,3,1,3,0,1,F,9,1347,8,9999,9,0,998,2,56,1,0,0,995,0,0,0,75038,1,1,2,1,3,2,2,1,1,1,3,1,0,0,1,1,1,2,9,0,1,4,66,99,1,1,5,L,86,0,0,0,0,0,0,0,0,0,0,280,10,0,0,0,1,0,999,999,999,9999999,999,999,999,9,0,99,99,0,8,0,995,9.8,998,998,998,99.8,99.8,99.8,1135.89994695327,7,4
13655,32,53,1-32-2019-053-03,3,3,1FA6P0HD2G51,17,12,23,2016,4,1,4,0,1,F,1,1558,5,0,1,1,10,2,56,1,0,0,995,0,0,0,75062,1,2,2,1,4,2,1,1,1,2,0,3,0,0,1,1,1,2,1,0,5,4,62,1,1,1,6,M,98,0,0,0,0,0,0,0,0,0,0,190,270,0,0,0,2,3,18,-16,9,14702,998,69,14,0,4,1,1,0,6,0,995,9.8,998,998,998,99.8,99.8,99.8,1135.89994695327,7,4
13656,52,17,1-52-2019-017-06,6,1,1G1PE5SB2E71,17,20,25,2014,4,1,3,0,1,F,3,1407,5,0,2,1,4,2,40,1,9,0,995,0,9,0,99999,5,2,0,4,2,1,2,1,1,4,0,0,0,0,3,1,0,0,9,1,1,2,12,99,1,4,1,B,6,0,0,0,0,0,0,0,0,0,0,998,998,0,0,0,6,11,999,999,999,9999999,999,999,999,8,0,2,5,0,6,0,998,0.0,70,70,120,7.9,4.2,8.9,210.885025365676,12,4
13657,16,26,1-16-2019-026-06,6,1,4T1BK1EB1EU0,17,49,43,2014,4,1,4,0,1,F,2,1620,5,0,1,1,3,2,40,1,0,0,995,0,0,0,45231,1,2,2,4,5,3,2,1,1,4,3,2,0,0,1,1,0,0,1,1,1,4,70,4,1,4,1,A,3,0,0,0,0,0,0,0,0,0,0,998,998,0,0,6,1,10,999,999,999,9999999,999,0,34,3,0,1,1,0,4,0,998,0.6,21,23,999,3.8,0.6,4.0,462.992441302293,5,4
13658,16,27,1-16-2019-027-06,6,1,5TFCZ5AN9GX0,17,49,472,2016,34,5,30,0,1,F,9,1927,5,9999,9,0,998,5,40,1,0,0,995,0,0,0,41042,9,9,0,3,5,1,2,1,1,1,0,3,0,0,1,1,0,0,1,1,1,3,50,99,1,2,2,D,20,0,0,0,0,0,0,0,0,0,0,255,255,0,0,0,1,0,999,999,999,9999999,999,999,999,9,0,95,95,95,95,0,995,9.8,998,998,998,99.8,99.8,99.8,462.992441246732,5,4
13658,16,27,1-16-2019-027-06,6,2,2HKRM4H38EH6,17,37,402,2014,14,3,14,0,1,F,1,1526,5,0,1,1,7,2,40,1,0,0,995,0,0,0,45208,1,2,0,4,5,2,2,1,1,1,0,3,0,0,1,1,0,0,1,0,5,3,53,1,1,1,2,D,21,0,0,0,0,0,0,0,0,0,0,255,260,0,0,0,2,3,23,-23,0,33142,998,24,23,0,4,0,0,0,0,0,995,9.8,998,998,998,99.8,99.8,99.8,462.992441246732,5,4
13658,16,27,1-16-2019-027-06,6,3,5NMSH73E79H2,17,55,401,2009,14,3,14,0,1,B,1,1871,5,9999,9,0,998,5,40,1,0,0,995,0,0,0,43023,9,9,0,3,5,2,2,1,1,1,3,3,0,0,1,1,0,0,1,0,1,3,51,99,1,1,6,M,98,0,0,0,0,0,0,0,0,0,0,260,255,0,0,0,2,3,20,20,0,28466,998,0,20,0,4,95,95,95,95,0,995,9.8,998,998,998,99.8,99.8,99.8,462.992441246732,5,4
13660,31,27,1-31-2019-027-01,1,1,4F2CU08141KM,17,41,402,2001,14,3,14,0,1,T,2,1567,5,9999,9,1,15,2,89,1,0,0,995,0,0,0,62917,1,2,0,4,2,1,2,1,1,1,1,2,0,0,1,1,0,0,9,1,1,1,1,2,4,4,1,B,7,1,4,2,2,1,4,61,1,1,20,997,997,0,0,0,1,6,999,999,999,9999999,999,999,999,7,0,2,4,0,1,3,997,9.8,998,998,998,99.8,99.8,99.8,297.974535814078,6,4
13661,19,26,1-19-2019-026-08,8,1,1N6DD21S11C3,17,35,472,2001,34,5,30,0,1,B,3,1423,8,0,1,1,9,2,113,1,0,0,995,0,0,0,35961,1,1,0,1,2,1,2,1,1,1,1,3,2,3,1,1,0,0,1,0,1,3,53,1,1,1,2,D,25,0,0,0,0,0,0,0,0,0,0,60,60,0,1,0,1,5,999,999,999,9999999,999,999,74,5,0,1,1,0,4,0,995,9.8,998,998,998,99.8,99.8,99.8,648.687388042216,9,4
13661,19,26,1-19-2019-026-08,8,2,1XKWD49X3HJ1,17,85,883,2017,66,8,68,0,1,F,9,,,,,,,5,113,1,0,0,995,0,0,0,78537,9,9,0,1,2,1,2,1,1,1,1,3,2,3,1,1,0,0,9,0,1,3,51,1,1,1,2,D,24,,,,,,,,,,,,,,,,,,,,,,,,,,,95,95,95,95,,,9.8,998,998,998,99.8,99.8,99.8,648.687388042216,9,4
13662,27,26,1-27-2019-026-09,9,1,YV1AH9926810,17,51,45,2008,4,1,4,0,1,F,1,1822,8,0,1,1,5,2,64,1,9,9,998,8,9,9,10021,1,2,3,4,2,1,2,1,1,1,1,2,0,0,1,8,0,0,1,0,1,4,62,2,1,1,4,J,69,0,0,0,0,0,0,0,0,0,0,115,230,0,0,0,1,1,19,-18,-6,62464,998,-44,28,0,4,1,1,0,0,0,995,0.2,999,10,115,5.0,2.0,5.5,306.398017851727,3,4
13662,27,26,1-27-2019-026-09,9,2,5NMZUDLB9JH0,17,55,401,2018,14,3,14,0,1,R,1,1640,5,0,1,2,24,5,64,1,9,9,998,8,9,9,01085,9,9,3,4,2,1,2,1,1,1,1,2,0,0,1,8,0,0,9,0,11,2,15,99,1,1,4,J,68,0,0,0,0,0,0,0,0,0,0,230,115,0,0,0,1,1,22,-4,-21,12857,998,110,11,0,4,95,95,95,95,0,995,9.8,998,998,998,99.8,99.8,99.8,306.398017851727,3,4
13663,27,27,1-27-2019-027-03,3,1,5NPE24AF9GH3,17,55,33,2016,4,1,4,0,1,F,2,1475,5,0,1,1,5,2,48,1,0,0,995,0,0,0,01201,2,2,0,4,2,1,2,2,1,1,1,2,0,0,3,1,0,0,9,1,1,2,13,99,1,4,1,C,11,0,0,0,0,0,0,0,0,0,0,998,998,0,0,1,2,1,33,-33,0,66233,998,0,33,0,4,1,1,0,4,0,998,2.8,24,24,120,2.4,0.6,2.5,70.3875331126176,3,4
13663,27,27,1-27-2019-027-03,3,2,3TMLU4ENXDM1,17,49,472,2013,34,5,30,0,2,B,2,1887,5,9999,9,4,12,,,,,,,,,,,,,,,,,,,,,,,,,,,,,,,,,,,,,,,,,,,,,,,,,,,,,,,,,,,,,,,,,,95,95,95,95,,,,,,,,,,70.3875331126176,3,4