CASEID,PSU,CASENO,CASENUMBER,CATEGORY,VEHNO,VIN,VINLENGTH,MAKE,MODEL,MODELYR,BODYTYPE,BODYCAT,VEHCLASS,SPECUSE,TRANSTAT,DAMPLANE,DAMSEV,CURBWT,CURBSRC,CARGOWT,CARGOSRC,INSPTYPE,INSPLAG,TOWED,SPEEDLIMIT,DRPRESENT,PARALCOHOL,ALCTEST,ALCTESTRESULT,ALCTESTSRC,PARDRUG,DRUGTEST,ZIP,RACE,ETHNICITY,RELTOJUNCT,TRAFFLOW,RDLANES,INITLANE,SURFTYPE,SURFCOND,ALIGNMENT,PROFILE,LINERIGHT,LINELEFT,RUMBINIT,RUMBROAD,LIGHTCOND,WEATHER,TRAFDEV,TRAFFUNCT,DISTRACT,PREFHE,PREMOVE,CRITCAT,CRITEVENT,MANEUVER,PRESTAB,PRELOC,CRASHCAT,CRASHCONF,CRASHTYPE,ROLLTYPE,ROLLTURN,ROLLINTRPT,ROLLPREMAN,ROLLINITYP,ROLLINLOC,ROLLOBJ,ROLLTRIP,ROLLDIR,ROLLDIST,DVANGTHIS,DVANGOTH,TOWHITCH,TRAJDOC,TREEPOLE,DVEVENT,DVBASIS,DVTOTAL,DVLONG,DVLAT,DVENERGY,DVSPEED,DVMOMENT,DVBES,DVEST,DVCONF,VAIS,VISS,VINJURED,VTREAT,INITOBJCLASS,HEADANGLECAT,SHLDRWIDTH,STRKLENGTH,STRKWIDTH,STRKHEIGHT,EDGEDISTX,EDGEDISTY,EDGEDISTZ,CASEWGT,PSUSTRAT,VERSION
13694,21,42,1-21-2019-042-03,3,2,5YFBURHE3GP4,17,49,32,2016,4,1,3,0,1,L,1,1265,5,0,1,1,19,2,56,1,0,0,995,0,0,0,92553,9,1,3,4,2,1,2,1,1,1,0,0,0,0,1,1,0,0,2,0,11,2,15,4,1,1,4,K,82,0,0,0,0,0,0,0,0,0,0,180,260,0,1,0,1,1,13,-2,13,3972,998,70,8,0,4,1,1,0,6,0,995,9.8,998,998,998,99.8,99.8,99.8,362.640639578271,11,4
13695,25,30,1-25-2019-030-04,4,1,5TDDZRFH1JS8,17,49,403,2018,14,3,14,0,1,F,1,2030,5,0,1,3,10,2,56,1,8,0,995,0,7,0,04038,3,2,2,4,2,1,2,1,1,1,1,2,0,0,1,8,2,2,2,0,1,2,17,1,1,1,5,L,86,0,0,0,0,0,0,0,0,0,0,225,315,0,0,0,1,3,11,-10,6,9319,998,113,9,0,4,0,0,0,0,0,995,9.8,998,998,998,99.8,99.8,99.8,284.985333667092,2,4
13695,25,30,1-25-2019-030-04,4,2,1HGFA16867L0,17,37,31,2007,4,1,3,0,1,R,1,1224,5,0,1,1,11,2,56,1,8,0,995,0,7,0,04102,1,2,2,4,2,1,2,1,2,1,1,2,0,0,1,8,2,2,1,0,14,4,66,99,1,1,5,L,87,0,0,0,0,0,0,0,0,0,0,315,225,0,0,0,1,3,18,-9,-16,24650,998,49,21,0,4,0,0,0,0,0,995,9.8,998,998,998,99.8,99.8,99.8,284.985333667092,2,4
13696,11,46,1-11-2019-046-09,9,1,5NPDH4AE6DH3,17,55,35,2013,4,1,3,0,1,F,1,1265,5,9999,9,0,998,5,64,1,0,0,995,0,0,0,23222,9,9,2,1,5,2,2,1,1,1,1,1,0,0,1,1,1,2,3,0,1,2,17,99,1,1,4,J,69,0,0,0,0,0,0,0,0,0,0,60,170,0,0,0,1,3,11,-10,-2,5963,998,-36,11,0,4,95,95,95,95,0,995,9.8,998,998,998,99.8,99.8,99.8,1574.26426432195,8,4
13696,11,46,1-11-2019-046-09,9,2,4T1BG22K4WU3,17,49,40,1998,4,1,3,0,1,R,1,1360,5,0,1,1,8,3,64,1,0,0,995,0,0,0,23805,1,2,2,1,5,5,2,1,1,1,1,1,0,0,1,1,1,2,1,0,11,4,63,9,1,1,4,J,68,0,0,0,0,0,0,0,0,0,0,170,60,0,0,0,1,3,9,-2,-9,13834,998,206,9,0,4,0,0,0,0,0,995,9.8,998,998,998,99.8,99.8,99.8,1574.26426432195,8,4
13697,28,23,1-28-2019-023-07,7,1,2HGFB2F68EH5,17,37,31,2014,4,1,3,0,1,F,1,1230,5,0,1,1,18,2,89,1,0,0,995,0,0,0,17920,1,2,3,4,2,1,2,1,1,2,1,2,3,3,1,1,0,0,3,0,1,3,50,4,1,1,2,D,20,0,0,0,0,0,0,0,0,0,0,255,245,0,0,0,1,5,999,999,999,9999999,999,999,18,2,0,1,1,0,4,0,995,2.3,110,120,78,9.1,1.3,9.1,59.873353386567,3,4
13697,28,23,1-28-2019-023-07,7,2,1FT8W3BT4GEA,17,12,481,2016,34,5,31,0,1,B,9,3166,5,0,1,5,23,5,89,1,0,0,995,0,0,0,16901,9,9,3,4,2,1,2,1,1,2,1,2,3,3,1,1,0,0,9,0,5,3,53,99,1,1,2,D,22,0,0,0,0,0,0,0,0,0,0,245,255,1,0,0,1,5,999,999,999,9999999,999,999,999,9,0,95,95,95,95,0,995,9.8,998,998,998,99.8,99.8,99.8,59.873353386567,3,4
13698,32,54,1-32-2019-054-02,2,1,3N1CN7AP0FL9,17,35,50,2015,4,1,2,0,1,R,2,1119,8,0,1,1,12,2,56,1,0,1,0,2,0,2,75043,1,2,2,1,4,4,1,1,1,1,1,0,0,0,3,1,1,2,9,0,11,2,15,99,1,1,4,J,68,0,0,0,0,0,0,0,0,0,0,320,200,0,0,0,1,3,31,-24,-20,56881,998,-4,35,0,4,1,1,0,3,0,995,9.8,998,998,998,99.8,99.8,99.8,54.5754191551761,7,4
13698,32,54,1-32-2019-054-02,2,2,1G1ZK57799F1,17,20,37,2009,4,1,4,0,1,F,1,1569,5,0,2,0,998,2,56,1,0,0,995,0,0,0,75104,2,2,2,1,4,2,1,1,1,1,1,1,0,0,3,1,1,2,1,0,1,4,62,2,1,1,4,J,69,0,0,0,0,0,0,0,0,0,0,200,320,0,0,0,1,3,20,-19,7,24416,998,74,17,0,4,1,2,0,0,0,995,9.8,998,998,998,99.8,99.8,99.8,54.5754191551761,7,4
13701,10,22,1-10-2019-022-08,8,1,1GCGK29U3YE2,17,20,481,2000,34,5,31,0,1,F,3,2483,5,0,1,5,3,2,64,1,1,1,273,2,1,2,45504,1,2,0,1,2,1,2,1,3,1,0,3,0,0,3,1,0,0,1,1,14,2,13,1,1,4,1,A,1,0,0,0,0,0,0,0,0,0,0,998,998,0,1,0,7,11,999,999,999,9999999,999,999,999,8,0,1,1,0,3,0,998,0.0,999,7,999,34.7,1.1,34.8,141.384354071654,4,4
13704,29,50,1-29-2019-050-09,9,1,1C4BJWDG0GL1,17,2,403,2016,14,3,14,0,1,B,1,1860,5,9999,9,0,998,5,40,1,0,0,995,0,0,0,07716,9,9,0,4,2,1,2,1,1,1,0,2,0,0,1,8,0,0,3,0,13,2,20,99,1,1,6,M,92,0,0,0,0,0,0,0,0,0,0,315,315,0,0,0,1,3,13,13,0,11222,998,0,12,0,4,95,95,95,95,0,995,9.8,998,998,998,99.8,99.8,99.8,176.534178788014,2,4
13704,29,50,1-29-2019-050-09,9,2,YV1CM91H8411,17,51,401,2004,14,3,14,0,1,F,1,2046,5,0,2,1,5,2,40,1,0,0,995,0,0,0,02840,1,2,0,4,2,1,2,1,1,1,0,2,0,0,1,8,0,0,1,0,5,3,56,1,1,1,6,M,93,0,0,0,0,0,0,0,0,0,0,315,315,0,0,0,1,3,12,-12,0,13023,998,-11,12,0,4,1,1,0,4,0,995,9.8,998,998,998,99.8,99.8,99.8,176.534178788014,2,4
13705,25,31,1-25-2019-031-09,9,1,1LNHM81W4YY7,17,13,1,2000,4,1,5,0,1,F,9,1821,5,0,2,0,998,2,48,1,8,0,995,0,7,0,04106,1,2,3,2,2,1,2,1,1,1,0,0,0,0,1,1,0,0,1,1,11,2,12,1,1,4,1,B,6,0,0,0,0,0,0,0,0,0,0,998,998,0,1,6,1,0,999,999,999,9999999,999,999,999,9,0,1,1,0,5,0,998,0.0,40,40,999,6.8,0.8,6.8,401.228405291668,2,4
13707,59,37,1-59-2019-037-10,10,1,1FTPW14V29KB,17,12,481,2009,34,5,31,0,1,B,9,2408,5,9999,9,0,998,5,48,1,0,0,995,0,0,0,47805,9,9,0,2,3,1,2,1,1,2,0,3,0,0,1,1,0,0,9,0,5,3,53,99,1,1,2,D,21,0,0,0,0,0,0,0,0,0,0,0,0,0,0,0,1,0,999,999,999,9999999,999,999,999,9,0,95,95,95,95,0,995,9.8,998,998,998,99.8,99.8,99.8,3878.65728899413,6,4
13707,59,37,1-59-2019-037-10,10,2,1G1JC5240Y72,17,20,16,2000,4,1,2,0,1,F,9,1214,5,9999,9,0,998,2,48,1,0,0,995,0,0,0,47807,9,9,0,2,3,1,2,1,1,2,0,3,0,0,1,1,0,0,9,0,1,3,50,99,1,1,2,D,20,0,0,0,0,0,0,0,0,0,0,0,0,0,0,0,1,0,999,999,999,9999999,999,999,999,9,0,0,0,0,0,0,995,9.8,998,998,998,99.8,99.8,99.8,3878.65728899413,6,4
13708,77,46,1-77-2019-046-07,7,1,5NPEC4ACXBH0,17,55,33,2011,4,1,4,0,1,B,1,1454,5,0,1,1,11,3,113,1,0,0,995,0,0,0,85050,1,2,0,1,2,2,2,2,1,4,3,2,1,3,1,2,0,0,1,1,1,2,12,98,4,4,1,B,7,0,0,0,0,0,0,0,0,0,0,998,998,0,0,0,1,1,10,10,0,5772,998,0,10,0,1,0,0,0,0,0,998,0.9,120,120,-40,6.7,10.0,12.2,2243.76720668598,9,4
13709,26,53,1-26-2019-053-02,2,1,JTHCE1KS3B00,17,59,34,2011,4,1,4,99,1,F,9,1755,5,9999,9,0,998,2,64,1,0,0,995,0,0,0,95683,1,2,2,1,4,4,2,1,1,1,1,0,0,0,3,1,1,2,1,0,11,2,15,8,1,1,4,J,68,0,0,0,0,0,0,0,0,0,0,20,220,0,0,0,1,0,999,999,999,9999999,999,999,999,9,0,1,1,0,6,0,995,9.8,998,998,998,99.8,99.8,99.8,22.8448461877106,10,4
13709,26,53,1-26-2019-053-02,2,2,WBA3B5C52FF9,17,34,34,2015,4,1,4,99,1,F,9,1630,5,9999,9,0,998,2,64,1,0,0,995,0,0,0,95841,1,9,2,1,4,2,2,1,1,1,1,3,0,0,3,1,1,2,1,0,1,4,62,99,1,1,4,J,69,0,0,0,0,0,0,0,0,0,0,220,20,0,0,0,1,0,999,999,999,9999999,999,999,999,9,0,2,5,0,3,0,995,9.8,998,998,998,99.8,99.8,99.8,22.8448461877106,10,4
13712,11,47,1-11-2019-047-05,5,1,2HGFB2F59DH5,17,37,31,2013,4,1,3,0,1,L,3,1236,5,0,1,1,15,2,72,1,0,0,995,0,0,0,23832,1,9,2,4,3,2,2,1,1,1,1,2,0,0,1,1,2,2,1,0,11,2,15,1,1,1,4,K,82,0,0,0,0,0,0,0,0,0,0,355,130,0,0,0,1,1,46,-30,35,36019,998,-36,26,0,4,4,17,1,3,0,995,9.8,998,998,998,99.8,99.8,99.8,216.695256151345,8,4
13712,11,47,1-11-2019-047-05,5,2,1FTRF17212NB,17,12,481,2002,34,5,31,0,1,F,2,1843,5,136,1,1,19,2,72,1,0,0,995,0,0,0,23111,9,9,2,1,2,2,2,1,1,1,1,2,0,0,1,1,0,0,1,0,1,4,67,99,1,1,4,K,83,0,0,0,0,0,0,0,0,0,0,130,355,0,0,0,1,1,28,-27,5,139270,998,10,41,0,4,99,99,0,99,0,995,9.8,998,998,998,99.8,99.8,99.8,216.695256151345,8,4
13713,11,48,1-11-2019-048-02,2,1,1N4AA6AP4HC3,17,35,39,2017,4,1,4,0,1,L,1,1627,5,0,1,1,10,2,97,1,0,1,0,2,0,1,22714,1,2,0,2,3,2,2,1,3,1,3,3,0,0,1,1,0,0,1,1,14,1,9,3,9,4,1,A,2,0,0,0,0,0,0,0,0,0,0,310,10,0,0,0,3,1,14,-2,13,21813,998,-103,15,0,4,2,12,0,3,0,995,3.1,120,28,70,0.0,0.0,0.0,88.5271865390147,8,4
13713,11,48,1-11-2019-048-02,2,2,2HKRM3H33GH5,17,37,402,2016,14,3,14,0,1,F,1,1531,5,0,1,1,10,2,97,1,0,0,995,0,0,0,23970,9,9,0,2,3,3,2,1,3,1,3,1,0,0,1,1,0,0,1,0,14,4,64,3,1,1,6,M,98,0,0,0,0,0,0,0,0,0,0,10,310,0,0,0,3,1,14,-11,-9,14643,998,-92,13,0,4,9,97,0,8,0,995,3.9,120,22,81,0.0,0.0,0.0,88.5271865390147,8,4
13713,11,48,1-11-2019-048-02,2,3,KNDPNCAC4K75,17,63,401,2019,14,3,14,0,1,L,1,1696,5,0,1,1,16,2,97,1,0,0,995,0,0,0,23805,1,2,0,2,3,1,2,1,3,1,1,3,0,0,1,1,0,0,1,0,14,4,60,1,1,1,6,M,98,0,0,0,0,0,0,0,0,0,0,0,190,0,0,0,4,1,10,-10,2,12428,998,-87,11,0,4,0,0,0,4,0,995,3.1,120,28,70,0.0,0.0,0.0,88.5271865390147,8,4
13714,11,49,1-11-2019-049-04,4,1,1HGCM56663A0,17,37,32,2003,4,1,3,0,1,F,2,1389,5,0,1,1,5,2,56,1,0,0,995,0,0,0,23234,9,9,2,1,2,1,2,1,1,1,0,0,0,0,1,1,0,0,3,0,11,2,15,1,1,1,4,K,82,0,0,0,0,0,0,0,0,0,0,15,165,0,0,0,1,3,27,-24,14,57910,998,93,27,0,4,0,0,0,0,0,995,9.8,998,998,998,99.8,99.8,99.8,6027.4856501629,8,4
13714,11,49,1-11-2019-049-04,4,2,3N1AB7AP3FY2,17,35,43,2015,4,1,3,0,1,F,2,1293,5,0,1,1,13,2,56,1,0,0,995,0,0,0,23224,9,9,2,1,4,2,2,1,1,1,3,2,0,0,1,1,0,0,3,0,1,4,72,3,1,1,4,K,83,0,0,0,0,0,0,0,0,0,0,165,15,0,0,0,1,3,29,-29,0,57910,998,67,30,0,4,0,0,0,0,0,995,9.8,998,998,998,99.8,99.8,99.8,6027.4856501629,8,4
13715,24,51,1-24-2019-051-03,3,1,2T1BURHE2FC4,17,49,32,2015,4,1,3,0,1,F,3,1265,5,0,1,1,8,2,999,1,0,0,995,0,0,0,08205,3,2,1,3,2,1,2,1,3,1,1,2,0,0,1,1,2,2,1,0,11,2,15,3,1,1,4,K,82,0,0,0,0,0,0,0,0,0,0,70,200,0,0,0,1,3,51,-44,25,82014,998,102,32,0,4,0,0,0,0,0,995,9.8,998,998,998,99.8,99.8,99.8,384.689682673492,1,4
13715,24,51,1-24-2019-051-03,3,2,1FTFW1EF6EFC,17,12,481,2014,34,5,31,0,1,R,2,2574,5,0,1,2,8,5,80,1,0,0,995,0,0,0,08330,9,9,2,4,3,1,2,1,1,1,0,2,0,0,1,1,1,2,9,0,1,4,67,99,1,1,4,K,83,0,0,0,0,0,0,0,0,0,0,200,70,0,0,0,1,3,26,-25,-9,214938,998,98,40,0,4,95,95,95,95,0,995,9.8,998,998,998,99.8,99.8,99.8,384.689682673492,1,4
13716,24,52,1-24-2019-052-04,4,1,1GCGTDEN8H12,17,20,473,2017,34,5,31,0,1,R,2,2032,5,0,1,1,15,2,80,1,0,0,995,0,0,0,08037,1,2,2,4,2,1,2,2,1,1,1,2,0,0,4,2,0,0,1,0,11,2,15,10,1,1,4,J,68,0,0,0,0,0,0,0,0,0,0,105,350,0,0,0,1,1,31,-16,-27,129167,998,112,33,0,1,0,0,0,0,0,995,0.6,6,1,58,5.9,1.8,6.2,1080.03880858825,1,4
13716,24,52,1-24-2019-052-04,4,2,4T1B11HK0JU5,17,49,40,2018,4,1,4,0,1,F,3,1520,5,0,1,1,11,2,80,1,0,0,995,0,0,0,08205,1,2,2,4,2,1,2,2,1,1,1,2,0,0,4,2,0,0,1,0,1,4,62,3,1,1,4,J,69,0,0,0,0,0,0,0,0,0,0,350,105,0,0,0,1,1,42,-41,7,96905,998,34,39,0,1,0,0,0,0,0,995,9.8,998,998,998,99.8,99.8,99.8,1080.03880858825,1,4
13717,24,53,1-24-2019-053-03,3,1,2GTEC19W5T15,17,23,481,1996,34,5,30,0,1,L,9,1950,5,9999,9,6,28,2,56,1,0,0,995,0,0,0,08087,1,2,2,4,2,1,2,1,1,4,0,0,0,0,1,1,2,2,1,0,1,2,17,1,1,1,5,L,89,0,0,0,0,0,0,0,0,0,0,220,325,0,0,0,1,12,999,999,999,9999999,999,999,999,9,0,0,0,0,0,0,995,9.8,998,998,998,99.8,99.8,99.8,384.689682639297,1,4
13717,24,53,1-24-2019-053-03,3,2,3N1AB7AP6HY2,17,35,43,2017,4,1,3,0,1,F,1,1300,5,0,1,1,13,3,80,1,0,0,995,0,0,0,19090,1,2,2,4,4,2,2,1,1,1,3,2,0,0,1,1,1,2,1,0,1,4,66,3,1,1,5,L,88,0,0,0,0,0,0,0,0,0,0,325,220,0,0,0,1,12,999,999,999,9999999,999,999,15,2,0,1,1,0,4,0,995,9.8,998,998,998,99.8,99.8,99.8,384.689682639297,1,4
13718,77,47,1-77-2019-047-05,5,1,1N4AL21E78C1,17,35,47,2008,4,1,4,0,1,F,1,1429,5,0,1,1,10,2,0,1,0,0,995,0,0,0,23093,9,9,1,4,2,1,2,1,1,1,0,2,0,0,2,1,3,2,1,0,1,3,52,99,1,1,2,D,28,0,0,0,0,0,0,0,0,0,0,110,105,0,0,0,1,12,999,999,999,9999999,999,999,999,2,0,0,0,0,0,0,995,9.8,998,998,998,99.8,99.8,99.8,158.141309115438,9,4
13718,77,47,1-77-2019-047-05,5,2,1C3CDZCG8DN5,17,7,26,2013,4,1,3,0,1,B,1,1539,5,0,1,1,9,2,0,1,0,0,995,0,0,0,24590,1,2,1,1,2,1,2,1,1,1,0,2,0,0,2,1,3,2,1,0,2,3,53,1,1,1,2,D,29,0,0,0,0,0,0,0,0,0,0,105,110,0,0,0,1,12,999,999,999,9999999,999,999,999,2,0,1,1,0,4,0,995,9.8,998,998,998,99.8,99.8,99.8,158.141309115438,9,4
13719,77,48,1-77-2019-048-02,2,1,1FUJAPCG43DL,17,82,881,2003,66,8,68,0,1,F,9,,,,,,,5,113,1,0,0,995,0,0,0,28379,9,9,0,2,2,2,2,1,1,9,3,2,1,3,1,1,0,0,1,1,1,3,52,4,9,2,2,D,28,,,,,,,,,,,,,,,,,,,,,,,,,,,95,95,95,95,,,9.8,998,998,998,99.8,99.8,99.8,82.9547267506105,9,4
13719,77,48,1-77-2019-048-02,2,2,1FMCU0G79FUC,17,12,402,2015,14,3,14,0,1,B,1,1635,5,0,1,1,15,2,113,1,0,1,0,2,0,0,23084,9,9,0,2,2,2,1,1,1,9,3,2,1,3,1,1,0,0,1,0,2,3,53,2,1,1,2,D,29,0,0,0,0,0,0,0,0,0,0,265,275,0,0,0,1,5,999,999,999,9999999,999,999,24,2,0,0,0,0,3,0,995,2.0,999,999,999,2.4,2.0,3.2,82.9547267506105,9,4
13720,77,49,1-77-2019-049-07,7,1,1FDXF46P55EB,17,12,880,2005,67,8,60,0,1,F,9,,,,,,,5,105,1,0,0,995,0,0,0,22844,9,9,0,2,2,2,2,1,1,9,3,2,1,3,1,1,0,0,1,0,1,3,50,2,9,1,2,D,20,,,,,,,,,,,,,,,,,,,,,,,,,,,95,95,95,95,,,9.8,998,998,998,99.8,99.8,99.8,5826.69683876196,9,4
13720,77,49,1-77-2019-049-07,7,2,2T1BURHE1EC0,17,49,32,2014,4,1,3,0,1,B,1,1290,5,0,1,1,21,2,105,1,0,0,995,0,0,0,22980,1,2,0,2,2,2,2,1,1,9,3,2,1,3,1,1,0,0,1,0,5,3,53,1,1,1,2,D,21,0,0,0,0,0,0,0,0,0,0,260,265,0,0,0,1,5,999,999,999,9999999,999,999,11,2,0,0,0,0,6,0,995,9.8,998,998,998,99.8,99.8,99.8,5826.69683876196,9,4
13720,77,49,1-77-2019-049-07,7,3,4S4BP61C6773,17,48,34,2007,6,1,3,0,1,B,9,1520,5,9999,9,0,998,5,105,1,0,0,995,0,0,0,22407,9,9,0,2,2,2,2,1,1,9,3,2,1,3,1,1,0,0,1,0,5,3,53,1,1,1,6,M,98,0,0,0,0,0,0,0,0,0,0,260,275,0,0,0,2,0,999,999,999,9999999,999,999,999,9,0,95,95,95,95,0,995,9.8,998,998,998,99.8,99.8,99.8,5826.69683876196,9,4
13721,73,27,1-73-2019-027-06,6,1,2GCEK13V7613,17,20,481,2006,34,5,31,0,1,F,1,2397,5,0,1,1,15,2,80,1,8,0,995,0,7,0,04976,9,9,0,4,2,1,2,1,1,1,2,4,0,0,1,1,0,0,1,0,1,4,62,99,1,1,3,G,51,0,0,0,0,0,0,0,0,0,0,300,120,0,0,0,1,12,999,999,999,9999999,999,999,999,6,0,1,1,0,4,0,995,9.8,998,998,998,99.8,99.8,99.8,95.2357477437285,3,4
13721,73,27,1-73-2019-027-06,6,2,2HGFA1F30AH5,17,37,31,2010,4,1,3,0,1,F,1,1345,5,0,2,1,15,2,80,1,8,1,0,2,7,2,04976,1,2,0,4,2,1,2,1,1,1,1,2,0,0,1,1,0,0,3,1,1,2,10,1,1,2,3,G,50,0,0,0,0,0,0,0,0,0,0,120,300,0,0,0,1,98,999,999,999,9999999,999,999,999,6,0,2,5,0,3,0,995,9.8,998,998,998,99.8,99.8,99.8,95.2357477437285,3,4
13723,28,24,1-28-2019-024-01,1,1,1XKDDB9X51R8,17,85,881,2001,66,8,68,0,1,L,9,,,,,,,5,89,1,0,0,995,0,0,0,16950,9,9,2,4,2,1,2,1,1,2,0,0,0,0,1,1,2,2,2,0,11,2,15,99,1,1,4,K,82,,,,,,,,,,,,,,,,,,,,,,,,,,,95,95,95,95,,,9.8,998,998,998,99.8,99.8,99.8,57.6169797762384,3,4
13723,28,24,1-28-2019-024-01,1,2,1G4HP54K24U2,17,18,2,2004,4,1,4,0,1,F,2,1618,5,0,1,1,33,2,89,1,0,1,0,2,0,1,16950,1,2,2,4,2,1,2,1,1,1,1,2,0,0,1,1,0,0,9,0,1,4,67,1,1,1,4,K,83,0,0,0,0,0,0,0,0,0,0,120,340,0,0,0,1,5,999,999,999,9999999,999,999,999,7,0,5,26,1,1,0,995,9.8,998,998,998,99.8,99.8,99.8,57.6169797762384,3,4
13724,12,29,1-12-2019-029-09,9,1,1FMJK2A52EEF,17,12,422,2014,15,3,15,0,1,F,1,2633,5,0,1,6,25,5,64,1,0,0,995,0,0,0,73443,9,9,2,1,3,3,1,1,1,1,1,1,0,0,1,8,0,0,9,0,11,2,15,1,1,1,4,K,82,0,0,0,0,0,0,0,0,0,0,205,0,0,0,0,1,3,10,-10,-2,8714,998,-44,9,0,4,95,95,95,95,0,995,9.8,998,998,998,99.8,99.8,99.8,798.220154578598,9,4
13724,12,29,1-12-2019-029-09,9,2,4T1BE32K35U0,17,49,40,2005,4,1,3,0,1,R,1,1435,5,0,1,1,11,2,56,1,0,0,995,0,0,0,73401,1,2,2,4,2,1,1,1,1,1,1,2,0,0,1,8,0,0,1,0,1,4,67,7,1,1,4,K,83,0,0,0,0,0,0,0,0,0,0,0,205,0,0,0,1,3,18,-16,-9,23050,998,53,19,0,4,1,1,0,4,0,995,9.8,998,998,998,99.8,99.8,99.8,798.220154578598,9,4
13725,12,30,1-12-2019-030-09,9,1,1G8ZH54861Z3,17,24,1,2001,4,1,2,0,1,F,1,1067,5,0,1,1,5,2,72,1,0,0,995,0,0,0,73401,1,2,0,4,2,1,2,1,1,1,0,0,0,0,2,8,0,0,9,1,1,2,13,1,1,4,1,A,1,0,0,0,0,0,0,0,0,0,0,998,998,0,0,0,1,10,999,999,999,9999999,999,7,13,2,0,0,0,0,4,0,998,0.0,999,999,999,99.9,99.9,99.9,798.220154578598,9,4
13726,10,23,1-10-2019-023-07,7,1,3D4PG5FV6AT2,17,7,27,2010,6,1,4,0,1,F,2,1923,5,0,1,4,7,2,56,1,8,0,995,0,7,0,99999,9,9,0,4,4,1,2,99,1,1,0,3,0,0,3,1,0,0,9,1,1,2,10,1,1,2,2,F,45,0,0,0,0,0,0,0,0,0,0,175,180,0,0,0,1,11,999,999,999,9999999,999,999,999,7,0,99,99,0,99,0,995,0.0,999,999,999,4.0,1.0,4.0,323.086776366835,4,4
13726,10,23,1-10-2019-023-07,7,2,2G1WH52K4492,17,20,2,2004,4,1,4,0,1,R,9,1572,5,9999,9,0,998,5,56,1,8,0,995,0,0,0,99999,9,9,0,4,4,2,2,99,1,1,3,2,0,0,3,1,0,0,9,0,1,4,61,1,1,1,2,F,44,0,0,0,0,0,0,0,0,0,0,180,175,0,0,0,1,0,999,999,999,9999999,999,999,999,9,0,95,95,95,95,0,995,9.8,998,998,998,99.8,99.8,99.8,323.086776366835,4,4
13727,10,24,1-10-2019-024-06,6,1,1J4RR6GG3BC5,17,2,404,2011,14,3,14,0,1,F,1,2200,5,0,1,4,40,5,56,1,0,0,995,0,0,0,60093,9,9,2,4,3,1,2,1,2,1,1,1,0,0,3,1,1,2,9,0,14,2,17,1,1,1,4,K,83,0,0,0,0,0,0,0,0,0,0,0,240,0,0,0,1,3,12,-11,-2,8329,998,-39,10,0,4,95,95,95,95,0,995,9.8,998,998,998,99.8,99.8,99.8,103.404420112814,4,4
13727,10,24,1-10-2019-024-06,6,2,1N4AL3AP7DN5,17,35,47,2013,4,1,4,0,1,L,1,1420,5,0,1,1,14,2,40,1,0,0,995,0,0,0,44410,1,2,2,4,3,2,2,1,1,1,1,2,0,0,3,1,1,2,1,0,11,4,66,4,1,1,4,K,82,0,0,0,0,0,0,0,0,0,0,240,0,0,0,0,1,3,17,-11,13,22032,998,-34,19,0,4,1,2,0,4,0,995,9.8,998,998,998,99.8,99.8,99.8,103.404420112814,4,4
13728,48,26,1-48-2019-026-06,6,1,5NPDH4AE7CH0,17,55,35,2012,4,1,3,0,1,F,1,1207,5,0,2,1,7,2,121,1,0,0,995,0,0,0,84302,1,2,0,2,3,2,1,2,2,1,3,3,0,3,1,2,0,0,1,1,14,1,6,2,3,4,1,A,2,0,0,0,0,0,0,0,0,0,0,998,998,0,0,0,1,10,999,999,999,9999999,999,9,13,2,0,0,0,0,0,0,998,2.9,5,10,38,6.0,2.6,6.5,488.439238650565,12,4
13729,25,32,1-25-2019-032-10,10,1,1G8AJ52F54Z1,17,24,7,2004,4,1,2,0,1,F,1,1221,5,0,1,1,10,2,72,1,8,0,995,0,7,0,04087,1,2,0,4,2,1,2,1,1,1,2,1,0,0,3,1,0,0,9,1,1,2,12,2,1,4,1,B,6,0,0,0,0,0,0,0,0,0,0,998,998,0,1,0,1,1,21,-21,0,22254,998,-20,21,0,4,1,1,0,6,0,998,1.2,10,10,60,27.3,4.9,27.9,5061.06161757561,2,4
13731,52,18,1-52-2019-018-09,9,1,JTKDE1779500,17,49,50,2005,3,1,3,0,1,F,2,1347,8,0,1,1,7,2,56,1,1,8,997,8,0,0,59102,1,1,2,5,5,2,2,1,1,1,3,2,0,0,1,1,1,2,9,0,1,3,50,2,1,1,2,D,20,0,0,0,0,0,0,0,0,0,0,350,0,0,0,0,1,3,29,-29,0,36080,998,0,26,0,4,9,0,0,4,0,995,9.8,998,998,998,99.8,99.8,99.8,234.52871660607,12,4
13731,52,18,1-52-2019-018-09,9,2,1GNFK16Z03J1,17,20,431,2003,16,3,16,0,1,B,1,2424,5,9999,9,0,998,5,56,1,0,0,995,0,0,0,59105,9,9,2,5,5,2,2,1,1,1,3,2,0,0,1,1,1,2,9,0,5,3,53,1,1,1,2,D,21,0,0,0,0,0,0,0,0,0,0,0,350,0,0,0,1,3,17,17,-3,37971,998,53,19,0,4,95,95,95,95,0,995,9.8,998,998,998,99.8,99.8,99.8,234.52871660607,12,4