CASEID,PSU,CASENO,CASENUMBER,CATEGORY,VEHNO,VIN,VINLENGTH,MAKE,MODEL,MODELYR,BODYTYPE,BODYCAT,VEHCLASS,SPECUSE,TRANSTAT,DAMPLANE,DAMSEV,CURBWT,CURBSRC,CARGOWT,CARGOSRC,INSPTYPE,INSPLAG,TOWED,SPEEDLIMIT,DRPRESENT,PARALCOHOL,ALCTEST,ALCTESTRESULT,ALCTESTSRC,PARDRUG,DRUGTEST,ZIP,RACE,ETHNICITY,RELTOJUNCT,TRAFFLOW,RDLANES,INITLANE,SURFTYPE,SURFCOND,ALIGNMENT,PROFILE,LINERIGHT,LINELEFT,RUMBINIT,RUMBROAD,LIGHTCOND,WEATHER,TRAFDEV,TRAFFUNCT,DISTRACT,PREFHE,PREMOVE,CRITCAT,CRITEVENT,MANEUVER,PRESTAB,PRELOC,CRASHCAT,CRASHCONF,CRASHTYPE,ROLLTYPE,ROLLTURN,ROLLINTRPT,ROLLPREMAN,ROLLINITYP,ROLLINLOC,ROLLOBJ,ROLLTRIP,ROLLDIR,ROLLDIST,DVANGTHIS,DVANGOTH,TOWHITCH,TRAJDOC,TREEPOLE,DVEVENT,DVBASIS,DVTOTAL,DVLONG,DVLAT,DVENERGY,DVSPEED,DVMOMENT,DVBES,DVEST,DVCONF,VAIS,VISS,VINJURED,VTREAT,INITOBJCLASS,HEADANGLECAT,SHLDRWIDTH,STRKLENGTH,STRKWIDTH,STRKHEIGHT,EDGEDISTX,EDGEDISTY,EDGEDISTZ,CASEWGT,PSUSTRAT,VERSION
13763,18,26,1-18-2019-026-04,4,1,2FMZA51402BB,17,12,442,2002,20,4,20,0,1,F,1,1765,5,0,1,1,20,2,56,1,0,0,995,0,1,0,54701,1,2,2,1,4,2,1,2,3,1,1,3,0,0,1,8,1,2,1,0,14,4,62,2,1,1,4,J,69,0,0,0,0,0,0,0,0,0,0,140,250,0,0,0,1,1,15,-14,5,20964,998,96,15,0,1,0,0,0,0,0,995,9.8,998,998,998,99.8,99.8,99.8,674.138614589052,6,4
13763,18,26,1-18-2019-026-04,4,2,JTJBARBZXK21,17,59,405,2019,14,3,14,0,1,R,1,1755,5,0,1,1,7,2,56,1,0,0,995,0,0,0,54729,1,2,2,1,5,4,1,2,2,1,1,1,0,0,1,8,1,2,1,0,11,2,15,3,1,1,4,J,68,0,0,0,0,0,0,0,0,0,0,250,140,0,0,0,1,1,14,-9,-11,16580,998,56,14,0,1,0,0,0,0,0,995,9.8,998,998,998,99.8,99.8,99.8,674.138614589052,6,4
13764,21,43,1-21-2019-043-07,7,1,4S4BRBCC5D32,17,48,45,2013,6,1,3,0,1,F,9,1619,9,0,2,0,998,2,113,1,0,0,995,0,0,0,92562,1,2,0,1,2,2,2,1,1,9,3,2,1,3,1,1,0,0,9,0,1,3,51,4,1,1,2,D,24,0,0,0,0,0,0,0,0,0,0,260,230,0,0,0,1,0,999,999,999,9999999,999,999,999,9,0,0,0,0,0,0,995,9.8,998,998,998,99.8,99.8,99.8,853.63532906063,11,4
13764,21,43,1-21-2019-043-07,7,2,1FMCU0GD7HUE,17,12,402,2017,14,3,14,0,1,B,9,1611,5,9999,9,0,998,5,113,1,0,0,995,0,0,0,89104,9,9,0,1,2,2,2,1,1,9,3,2,1,3,1,1,0,0,1,1,4,3,52,10,1,4,2,D,26,0,0,0,0,0,0,0,0,0,0,230,260,0,0,0,1,0,999,999,999,9999999,999,999,999,9,0,95,95,95,95,0,995,9.8,998,998,998,99.8,99.8,99.8,853.63532906063,11,4
13765,21,44,1-21-2019-044-03,3,1,KNAE25LA4J60,17,63,41,2018,5,1,5,0,1,F,1,1638,8,0,1,1,31,2,105,1,0,0,995,0,0,0,92410,1,2,1,2,5,1,1,1,3,1,1,3,0,0,5,8,0,0,1,0,14,3,50,2,1,1,2,D,20,0,0,0,0,0,0,0,0,0,0,90,90,0,0,0,1,3,22,-22,0,31549,998,25,22,0,4,1,1,0,0,0,995,9.8,998,998,998,99.8,99.8,99.8,228.411203997309,11,4
13765,21,44,1-21-2019-044-03,3,2,1GNSKBKC3KR1,17,20,421,2019,15,3,15,0,1,B,1,2515,5,9999,9,0,998,5,105,1,0,0,995,0,0,0,92505,9,9,1,2,5,1,1,1,3,1,1,3,0,0,5,8,0,0,9,0,5,3,53,1,1,1,2,D,21,0,0,0,0,0,0,0,0,0,0,90,90,0,0,0,1,3,15,15,0,23945,998,0,16,0,4,95,95,95,95,0,995,9.8,998,998,998,99.8,99.8,99.8,228.411203997309,11,4
13766,21,45,1-21-2019-045-09,9,1,3GCCA85B99S5,17,20,23,2009,6,1,2,0,1,F,9,1431,5,9999,9,0,998,2,56,1,0,0,995,0,0,0,92501,9,9,0,1,2,2,2,1,1,1,3,0,0,0,3,8,0,0,3,1,1,2,12,1,1,4,1,B,6,0,0,0,0,0,0,0,0,0,0,998,998,0,0,0,1,0,999,999,999,9999999,999,999,999,9,0,0,0,0,3,0,998,0.0,45,50,999,10.2,1.5,10.3,805.376006485672,11,4
13771,20,25,1-20-2019-025-05,5,1,WDDGF8BBXBR1,17,42,42,2011,4,1,3,0,1,F,3,1695,5,0,1,5,36,2,89,1,1,8,997,8,0,3,93906,9,1,0,4,2,1,2,1,2,4,0,2,0,0,1,1,0,0,9,1,14,2,10,99,1,2,3,G,50,0,0,0,0,0,0,0,0,0,0,270,110,0,0,0,1,1,43,-43,8,141262,998,33,44,0,1,9,97,0,8,0,995,0.0,120,85,85,0.0,0.0,0.0,385.54695167395,11,4
13771,20,25,1-20-2019-025-05,5,2,KMHTC6AD1CU0,17,55,42,2012,9,1,3,0,1,F,3,1236,5,0,1,1,29,2,89,1,0,0,995,0,0,0,95020,9,1,0,4,2,1,2,1,3,2,0,2,0,0,1,1,0,0,9,0,14,4,62,99,1,1,3,G,51,0,0,0,0,0,0,0,0,0,0,110,270,0,0,0,1,1,59,-51,29,234753,998,82,58,0,1,1,1,0,8,0,995,9.8,998,998,998,99.8,99.8,99.8,385.54695167395,11,4
13772,52,20,1-52-2019-020-09,9,1,2FMZA57472BB,17,12,442,2002,20,4,20,0,1,T,2,1765,5,0,1,1,13,2,56,1,0,0,995,0,0,0,59101,1,2,2,1,4,2,2,1,1,1,1,1,0,0,1,1,1,2,9,0,1,2,17,99,1,1,5,L,89,1,2,2,5,1,1,61,1,1,17,997,997,0,0,0,2,6,999,999,999,9999999,999,999,999,7,0,2,5,0,3,3,997,9.8,998,998,998,99.8,99.8,99.8,234.52871660607,12,4
13772,52,20,1-52-2019-020-09,9,2,1D4GP25B65B4,17,7,442,2005,20,4,20,0,1,F,1,1752,5,0,1,1,12,2,56,1,0,9,998,8,0,9,59101,1,2,2,1,5,3,2,1,1,1,1,1,0,0,1,1,1,2,1,0,1,4,66,2,1,1,5,L,88,0,0,0,0,0,0,0,0,0,0,270,180,0,0,0,1,1,14,-13,-5,15010,998,-75,12,0,1,1,2,0,4,0,995,9.8,998,998,998,99.8,99.8,99.8,234.52871660607,12,4
13773,30,51,1-30-2019-051-09,9,1,JHLRD18791S0,17,37,402,2001,14,3,14,0,1,F,9,1452,5,9999,9,0,998,2,80,1,0,1,0,2,0,0,85268,9,9,2,4,7,3,2,1,1,1,3,3,0,0,1,1,1,2,9,1,1,2,13,99,9,4,1,A,3,0,0,0,0,0,0,0,0,0,0,998,998,0,0,1,1,0,999,999,999,9999999,999,999,999,9,0,2,5,0,3,0,998,0.0,37,37,120,4.4,3.1,5.2,680.5200481412,10,4
13774,30,52,1-30-2019-052-07,7,1,WBAFR9C51BC7,17,34,35,2011,4,1,5,0,1,F,1,1980,5,9999,9,4,105,2,80,1,1,9,998,8,0,0,85255,9,9,0,1,6,2,2,1,3,1,1,3,0,0,3,1,0,0,9,1,14,2,13,99,1,4,1,A,1,0,0,0,0,0,0,0,0,0,0,998,998,0,1,1,1,12,999,999,999,9999999,999,999,999,6,0,99,99,0,99,0,998,9.9,30,16,110,10.1,5.8,11.8,751.040402557419,10,4
13775,13,39,1-13-2019-039-01,1,1,1FMZU67KX5UB,17,12,473,2005,34,5,30,0,1,F,2,1876,5,0,1,1,39,2,80,1,0,1,0,2,0,0,74801,1,1,1,2,6,2,2,2,1,9,1,3,0,0,3,8,0,0,9,0,1,3,52,99,1,1,2,D,28,0,0,0,0,0,0,0,0,0,0,10,10,0,0,0,1,1,29,-29,0,78254,998,0,30,0,4,3,10,1,1,0,995,9.8,998,998,998,99.8,99.8,99.8,167.499935464011,7,4
13775,13,39,1-13-2019-039-01,1,2,1GNSCBKC2FR1,17,20,421,2015,15,3,15,0,1,B,1,2408,5,0,1,1,40,2,80,1,0,0,995,0,0,0,76022,1,2,1,2,6,2,2,2,1,9,1,3,0,0,3,8,0,0,1,0,2,3,53,1,1,1,2,D,29,0,0,0,0,0,0,0,0,0,0,10,10,0,0,0,1,1,24,24,0,50735,998,-17,22,0,4,0,0,0,0,0,995,9.8,998,998,998,99.8,99.8,99.8,167.499935464011,7,4
13776,30,53,1-30-2019-053-04,4,1,2C3CCAEG0GH1,17,6,51,2016,4,1,5,0,1,F,1,1797,5,0,1,1,54,2,105,1,0,0,995,0,0,0,85345,4,2,1,3,2,1,2,1,1,9,1,1,0,0,1,1,0,0,3,0,1,3,50,4,1,1,2,D,20,0,0,0,0,0,0,0,0,0,0,90,90,0,0,0,1,1,18,-18,0,43522,998,17,24,0,4,0,0,0,0,0,995,9.8,998,998,998,99.8,99.8,99.8,501.244378125827,10,4
13776,30,53,1-30-2019-053-04,4,2,JA4AT5AA9JZ0,17,52,403,2018,14,3,14,0,1,B,1,1565,5,0,1,1,31,2,105,1,0,0,995,0,0,0,78245,1,1,1,3,2,1,2,1,1,9,1,1,0,0,1,1,0,0,1,0,5,3,53,2,1,1,2,D,21,0,0,0,0,0,0,0,0,0,0,90,90,0,0,0,1,1,22,22,0,10560,998,0,13,0,4,1,1,0,0,0,995,9.8,998,998,998,99.8,99.8,99.8,501.244378125827,10,4
13776,30,53,1-30-2019-053-04,4,3,1C4BJWEG7DL5,17,2,403,2013,14,3,14,0,1,B,1,1994,5,9999,9,0,998,5,105,1,0,0,995,0,0,0,85326,9,9,1,3,2,1,2,1,1,9,1,1,0,0,1,1,0,0,1,0,5,3,53,1,1,1,6,M,98,0,0,0,0,0,0,0,0,0,0,90,90,0,0,0,2,3,14,14,0,16772,998,0,14,0,4,95,95,95,95,0,995,9.8,998,998,998,99.8,99.8,99.8,501.244378125827,10,4
13780,11,50,1-11-2019-050-04,4,1,JTDBT9237710,17,49,51,2007,4,1,2,0,1,B,1,1050,5,9999,9,0,998,5,72,1,0,0,995,0,0,0,23236,9,9,0,1,3,3,2,1,1,1,3,2,0,0,1,1,0,0,1,0,2,3,53,1,1,1,6,M,98,0,0,0,0,0,0,0,0,0,0,295,295,0,0,0,3,3,22,22,0,22680,998,0,24,0,4,95,95,95,95,0,995,9.8,998,998,998,99.8,99.8,99.8,851.658955651445,8,4
13780,11,50,1-11-2019-050-04,4,2,JM1CR2937701,17,41,52,2007,6,1,3,0,1,B,1,1512,5,0,1,2,54,5,72,1,0,0,995,0,0,0,23225,9,9,0,1,3,3,2,1,1,1,3,2,0,0,1,1,0,0,1,0,2,3,53,1,1,1,6,M,98,0,0,0,0,0,0,0,0,0,0,295,295,0,0,0,2,1,14,14,0,11187,998,0,14,0,4,95,95,95,95,0,995,9.8,998,998,998,99.8,99.8,99.8,851.658955651445,8,4
13780,11,50,1-11-2019-050-04,4,3,5NPE34AF2JH6,17,55,33,2018,4,1,4,0,1,B,1,1572,5,0,1,1,20,2,72,1,0,0,995,0,0,0,23225,2,2,0,1,3,3,2,1,1,1,3,2,0,0,1,1,0,0,1,0,2,3,53,1,1,1,2,D,29,0,0,0,0,0,0,0,0,0,0,295,295,0,0,0,1,1,15,15,0,14214,998,-7,15,0,1,1,1,0,6,0,995,9.8,998,998,998,99.8,99.8,99.8,851.658955651445,8,4
13780,11,50,1-11-2019-050-04,4,4,KNADM4A37D61,17,63,32,2013,4,1,2,0,1,F,1,1126,5,0,1,1,19,2,72,1,0,0,995,0,0,0,23188,9,9,0,1,3,3,2,1,1,1,3,2,0,0,1,1,0,0,3,0,1,3,52,99,1,1,2,D,28,0,0,0,0,0,0,0,0,0,0,295,295,0,0,0,1,1,21,-21,0,19272,998,-1,20,0,1,0,0,0,0,0,995,9.8,998,998,998,99.8,99.8,99.8,851.658955651445,8,4
13781,11,51,1-11-2019-051-04,4,1,1HGCM56887A1,17,37,32,2007,4,1,3,0,1,F,1,1440,5,0,1,1,12,2,89,1,0,0,995,0,0,0,23832,9,9,2,1,5,5,2,1,1,1,1,2,0,0,5,1,1,2,1,0,11,2,15,1,1,1,4,J,68,0,0,0,0,0,0,0,0,0,0,20,260,0,0,0,1,1,18,-16,-9,34299,998,-65,22,0,1,0,0,0,0,0,995,9.8,998,998,998,99.8,99.8,99.8,851.658955651445,8,4
13781,11,51,1-11-2019-051-04,4,2,1G11C5SL0FF2,17,20,37,2015,4,1,3,0,1,F,1,1625,5,0,1,1,19,2,89,1,0,0,995,0,0,0,23824,9,9,2,1,5,3,2,1,1,1,1,1,0,0,5,1,1,2,1,0,1,4,62,1,1,1,4,J,69,0,0,0,0,0,0,0,0,0,0,260,20,0,0,0,1,1,16,-14,8,9069,998,62,11,0,1,99,99,0,0,0,995,9.8,998,998,998,99.8,99.8,99.8,851.658955651445,8,4
13782,11,52,1-11-2019-052-06,6,1,JN8AZ08W94W3,17,35,49,2004,6,1,4,0,1,F,1,1744,5,0,1,1,15,3,72,1,0,0,995,0,0,0,23225,9,9,2,2,4,4,2,2,1,1,1,2,0,0,1,2,1,2,1,0,11,2,15,1,1,1,4,J,68,0,0,0,0,0,0,0,0,0,0,205,65,0,0,0,1,1,11,-11,-2,12052,998,8,13,0,4,99,99,0,99,0,995,9.8,998,998,998,99.8,99.8,99.8,396.321431765834,8,4
13782,11,52,1-11-2019-052-06,6,2,JN8AF5MV4DT2,17,35,403,2013,14,3,14,0,1,F,1,1430,5,0,1,1,14,3,72,1,0,0,995,0,0,0,23235,9,9,2,2,4,2,2,2,1,1,1,1,0,0,1,2,1,2,1,0,1,4,62,98,1,1,4,J,69,0,0,0,0,0,0,0,0,0,0,65,205,0,0,0,1,1,14,-12,7,10074,998,62,12,0,4,99,99,0,99,0,995,9.8,998,998,998,99.8,99.8,99.8,396.321431765834,8,4
13783,24,54,1-24-2019-054-03,3,1,5N1AR2MM0GC6,17,35,401,2016,14,3,14,0,1,F,2,2119,5,0,1,1,14,2,72,1,0,0,995,0,0,0,08232,1,1,2,4,3,1,2,1,1,1,1,2,0,0,1,1,1,2,1,1,1,2,13,1,1,4,1,A,1,0,0,0,0,0,0,0,0,0,0,998,998,0,0,1,1,12,999,999,999,9999999,999,999,999,7,0,0,0,0,5,0,998,1.7,25,25,110,4.9,1.2,5.1,315.363390897762,1,4
13784,24,55,1-24-2019-055-08,8,1,1GKDT13S8621,17,23,401,2006,14,3,14,0,1,L,1,2060,5,0,1,1,11,2,72,1,0,1,270,2,0,0,08037,1,1,0,4,2,1,2,2,1,1,1,4,0,0,3,2,0,0,1,1,1,1,6,1,4,4,1,A,2,1,4,2,2,1,3,61,1,1,19,997,997,0,0,0,2,6,999,999,999,9999999,999,999,999,6,0,3,11,1,3,3,997,1.0,30,25,69,9.1,0.8,9.1,208.635327771414,1,4
13785,24,56,1-24-2019-056-06,6,1,2T1BR32E97C7,17,49,32,2007,4,1,2,0,1,F,1,1135,5,0,1,1,13,2,80,1,0,0,995,0,0,0,08004,2,2,2,4,2,1,2,1,1,1,1,4,0,0,1,1,0,0,3,0,1,3,50,2,1,1,2,D,20,0,0,0,0,0,0,0,0,0,0,230,230,0,0,0,1,3,17,-17,0,11149,998,-7,15,0,4,0,0,0,0,0,995,9.8,998,998,998,99.8,99.8,99.8,420.075556141935,1,4
13785,24,56,1-24-2019-056-06,6,2,5XXGN4A7XCG0,17,63,34,2012,4,1,4,0,1,B,1,1454,5,0,1,6,12,2,80,1,0,0,995,0,0,0,08330,1,2,2,4,2,1,2,1,1,1,1,4,0,0,1,1,0,0,1,0,5,3,52,9,1,1,2,D,21,0,0,0,0,0,0,0,0,0,0,230,230,0,0,0,1,3,14,14,0,15520,998,0,16,0,4,0,0,0,0,0,995,9.8,998,998,998,99.8,99.8,99.8,420.075556141935,1,4
13786,23,22,1-23-2019-022-05,5,1,2T1BU4EE7AC3,17,49,32,2010,4,1,2,0,1,L,3,1279,5,0,1,1,15,2,89,1,0,0,995,0,0,0,43315,9,9,0,4,2,1,2,1,1,1,1,2,0,0,1,1,6,2,9,1,1,2,12,2,4,4,1,B,7,1,2,1,2,1,4,68,1,1,7,998,998,0,0,1,3,7,999,999,999,9999999,999,999,999,8,0,9,97,0,8,3,998,0.0,10,10,70,15.1,5.3,16.0,214.845171772477,5,4
13787,77,50,1-77-2019-050-01,1,1,3N1CP5CU1JL5,17,35,56,2018,5,1,2,0,1,F,1,1200,8,0,1,1,10,2,113,1,0,0,995,0,0,0,22901,9,9,0,2,2,2,2,1,1,4,3,2,1,3,2,1,0,0,9,1,1,2,12,1,1,4,1,B,6,0,0,0,0,0,0,0,0,0,0,998,998,0,0,0,2,10,999,999,999,9999999,999,-9,14,2,0,0,0,0,2,0,998,1.1,999,25,77,27.1,1.2,27.3,105.374114839707,9,4
13788,77,51,1-77-2019-051-06,6,1,4T1BF1FK0EU7,17,49,40,2014,4,1,3,0,1,F,1,1441,5,0,1,1,23,2,72,1,0,0,995,0,0,0,22932,1,2,2,4,4,3,2,2,1,1,1,2,0,0,1,2,0,0,1,0,11,2,15,4,1,1,4,J,68,0,0,0,0,0,0,0,0,0,0,85,295,0,0,0,1,1,14,-14,0,11776,998,-51,13,0,4,0,0,0,4,0,995,9.8,998,998,998,99.8,99.8,99.8,785.779282707319,9,4
13788,77,51,1-77-2019-051-06,6,2,5J8TB4H54DL0,17,54,402,2013,14,3,14,0,1,L,1,1756,5,0,1,1,12,2,72,1,0,0,995,0,0,0,22945,9,1,2,4,5,2,2,2,1,1,1,1,0,0,1,2,0,0,1,0,1,4,62,4,1,1,4,J,69,1,2,2,2,1,4,61,1,1,13,295,85,0,0,0,1,1,11,-9,5,16757,998,-113,11,0,4,0,0,0,0,3,995,0.0,105,12,15,0.0,0.0,0.0,785.779282707319,9,4
13789,77,52,1-77-2019-052-09,9,1,1J4GR48KX5C5,17,2,404,2005,14,3,14,0,1,F,3,2014,5,0,1,1,7,2,89,1,0,0,995,0,0,0,23462,1,1,0,4,2,1,2,1,3,1,1,2,1,0,1,1,0,0,1,1,14,2,13,98,2,4,1,A,1,1,4,1,6,2,4,60,4,1,16,998,998,0,1,0,2,11,999,999,999,9999999,999,999,999,8,0,3,11,1,3,3,998,0.2,6,6,85,28.1,1.5,28.1,1990.63854605265,9,4
13790,73,28,1-73-2019-028-09,9,1,2GCEK19T6311,17,20,481,2003,34,5,31,0,1,F,1,2241,5,68,1,1,12,2,56,1,8,0,995,0,7,0,04976,9,9,0,4,2,1,2,1,3,1,0,0,0,0,1,1,0,0,1,1,14,2,10,1,1,2,3,G,50,0,0,0,0,0,0,0,0,0,0,170,350,0,0,0,1,3,23,-23,0,63406,998,0,25,0,4,1,2,0,4,0,995,9.8,998,998,998,99.8,99.8,99.8,159.908759002084,3,4
13790,73,28,1-73-2019-028-09,9,2,1GCDT14W1YK2,17,20,471,2000,34,5,31,0,1,F,2,1637,5,0,1,1,19,2,56,1,8,0,995,0,7,0,04976,9,9,0,4,2,1,2,1,2,1,0,0,0,0,1,1,0,0,1,0,14,4,62,1,1,1,3,G,51,0,0,0,0,0,0,0,0,0,0,350,170,0,0,0,1,3,31,-31,0,63406,998,-51,28,0,4,1,2,0,4,0,995,9.8,998,998,998,99.8,99.8,99.8,159.908759002084,3,4
13791,73,29,1-73-2019-029-04,4,1,3C6UR5NJ2JG3,17,7,482,2018,34,5,31,0,1,F,1,3200,5,181,2,5,3,2,72,1,8,0,995,0,7,0,08867,1,2,2,4,2,1,2,1,1,4,1,2,0,0,1,1,1,2,1,0,1,4,66,2,1,1,5,L,86,0,0,0,0,0,0,0,0,0,0,90,180,1,0,0,1,5,999,999,999,9999999,999,999,999,6,0,0,0,0,0,0,995,9.8,998,998,998,99.8,99.8,99.8,162.759101625795,3,4
13791,73,29,1-73-2019-029-04,4,2,1FTPX145X4NB,17,12,481,2004,34,5,31,0,1,R,9,9999,9,9999,9,0,998,5,72,1,8,0,995,0,7,0,04481,9,9,2,4,2,1,2,1,1,4,1,2,0,0,1,1,2,2,2,0,1,2,17,99,1,1,5,L,87,0,0,0,0,0,0,0,0,0,0,180,90,0,0,0,1,0,999,999,999,9999999,999,999,999,9,0,95,95,95,95,0,995,9.8,998,998,998,99.8,99.8,99.8,162.759101625795,3,4
13792,28,25,1-28-2019-025-09,9,1,1D7HU18D14S5,17,7,482,2004,34,5,31,0,1,R,1,2333,5,91,1,1,5,2,89,1,0,0,995,0,0,0,16901,1,2,2,4,2,1,2,1,1,2,0,2,0,0,1,1,2,2,2,0,11,2,15,1,1,1,4,K,76,0,0,0,0,0,0,0,0,0,0,195,110,0,0,0,2,5,999,999,999,9999999,999,999,10,2,0,0,0,0,4,0,995,0.7,120,43,73,0.3,2.3,2.3,44.5811590517073,3,4
13792,28,25,1-28-2019-025-09,9,2,1NPALU0X04D8,17,87,881,2004,64,8,60,0,1,F,9,,,,,,,5,89,1,0,0,995,0,0,0,16935,9,9,2,4,2,1,2,1,1,1,1,2,1,0,1,1,2,1,9,0,1,4,65,2,1,1,4,K,77,,,,,,,,,,,,,,,,,,,,,,,,,,,95,95,95,95,,,9.8,998,998,998,99.8,99.8,99.8,44.5811590517073,3,4
13793,48,27,1-48-2019-027-10,10,1,2GCFK13Y6811,17,20,481,2008,34,5,31,0,1,F,1,2440,5,0,2,4,15,5,56,1,0,0,995,0,0,0,84321,9,9,0,4,5,1,2,1,1,1,1,3,0,0,1,8,0,0,2,0,12,2,21,99,1,2,6,M,98,0,0,0,0,0,0,0,0,0,0,325,345,0,1,0,1,12,999,999,999,9999999,999,999,999,6,0,95,95,95,95,0,995,9.8,998,998,998,99.8,99.8,99.8,2748.81423380569,12,4
13793,48,27,1-48-2019-027-10,10,2,2GCEC19C6811,17,20,481,2008,34,5,31,0,1,R,1,2370,5,0,2,1,8,2,56,1,0,0,995,0,0,0,84302,1,2,0,4,5,1,2,1,1,1,1,3,0,0,1,8,0,0,1,0,1,4,61,1,1,1,6,M,98,0,0,0,0,0,0,0,0,0,0,345,325,0,0,0,1,12,999,999,999,9999999,999,999,999,2,0,0,0,0,0,0,995,9.8,998,998,998,99.8,99.8,99.8,2748.81423380569,12,4
13794,48,28,1-48-2019-028-09,9,1,2G2WP552X611,17,22,20,2006,4,1,4,0,1,L,1,1577,5,0,1,2,14,5,56,1,0,0,995,0,0,0,84302,9,9,2,4,2,1,2,1,1,1,0,2,0,0,1,1,4,2,1,0,11,2,17,9,1,1,4,K,82,0,0,0,0,0,0,0,0,0,0,250,340,0,1,0,1,1,18,-6,17,13630,998,-91,13,0,4,95,95,95,95,0,995,9.8,998,998,998,99.8,99.8,99.8,489.478557412006,12,4
13794,48,28,1-48-2019-028-09,9,2,1B3ES46C2YD7,17,7,20,2000,4,1,3,0,1,F,1,1163,5,0,2,1,14,2,56,1,0,0,995,0,0,0,84301,1,2,2,4,2,1,2,1,1,1,0,2,0,0,1,1,8,2,1,0,1,4,67,2,1,1,4,K,83,0,0,0,0,0,0,0,0,0,0,340,250,0,1,0,1,1,21,-20,-7,41227,998,-67,26,0,4,1,1,0,0,0,995,9.8,998,998,998,99.8,99.8,99.8,489.478557412006,12,4
13795,66,30,1-66-2019-030-06,6,1,1C6RR7FG6ES1,17,7,482,2014,34,5,31,0,1,F,1,2407,5,0,1,1,14,3,64,1,0,0,995,0,7,0,65605,1,2,0,4,2,1,2,1,1,1,0,0,0,0,2,8,0,0,1,1,1,2,12,99,1,4,1,B,8,0,0,0,0,0,0,0,0,0,0,998,998,0,1,1,2,8,999,999,999,9999999,999,999,999,6,0,2,5,0,6,0,998,0.0,8,8,90,10.6,0.7,10.8,289.302175667463,6,4
13796,66,31,1-66-2019-031-09,9,1,1FMZU73E65UC,17,12,401,2005,14,3,14,0,1,F,1,1984,5,0,1,1,14,2,89,1,0,0,995,0,7,0,65625,1,2,2,4,2,1,2,2,1,1,1,2,0,0,1,8,0,0,1,0,1,4,65,1,1,1,4,K,77,0,0,0,0,0,0,0,0,0,0,998,998,0,1,0,2,1,10,-7,-6,15392,998,-141,10,0,1,2,4,0,4,0,998,0.3,120,120,-40,3.4,3.1,4.2,721.20572263851,6,4
13796,66,31,1-66-2019-031-09,9,2,1GCEC14V71E2,17,20,481,2001,34,5,31,0,1,F,1,1876,5,0,1,2,28,5,64,1,0,0,995,0,7,0,65708,9,9,2,4,2,1,2,2,1,1,0,0,0,0,1,8,2,2,2,0,11,2,15,2,1,1,4,K,76,0,0,0,0,0,0,0,0,0,0,350,270,0,0,0,1,1,11,-8,-7,17758,998,-146,12,0,4,95,95,95,95,0,995,9.8,998,998,998,99.8,99.8,99.8,721.20572263851,6,4
13797,59,39,1-59-2019-039-10,10,1,1G6DM56T6502,17,19,18,2005,4,1,4,0,1,F,1,1620,5,0,1,4,10,2,64,1,0,0,995,0,0,0,47885,9,9,0,4,3,1,2,1,1,9,1,3,0,0,1,1,0,0,3,0,1,3,50,99,1,1,2,D,20,0,0,0,0,0,0,0,0,0,0,140,140,0,0,0,1,12,999,999,999,9999999,999,999,999,2,0,0,0,0,0,0,995,9.8,998,998,998,99.8,99.8,99.8,9713.69617041572,6,4
13797,59,39,1-59-2019-039-10,10,2,7FARW1H55JE0,17,37,402,2018,14,3,14,0,1,B,9,1502,5,9999,9,0,998,5,64,1,0,0,995,0,0,0,33837,9,9,0,4,3,1,2,1,1,9,1,3,0,0,1,1,0,0,9,0,5,3,53,99,1,1,2,D,21,0,0,0,0,0,0,0,0,0,0,140,140,0,0,0,1,0,999,999,999,9999999,999,999,999,9,0,95,95,95,95,0,995,9.8,998,998,998,99.8,99.8,99.8,9713.69617041572,6,4
13798,59,40,1-59-2019-040-02,2,1,1C3CCCAB5FN6,17,6,18,2015,4,1,3,0,1,F,1,1575,5,0,1,1,3,2,48,1,0,0,995,0,0,0,47802,1,2,0,5,5,3,2,1,1,1,4,4,0,0,1,1,0,0,1,0,11,2,15,7,1,1,4,J,68,0,0,0,0,0,0,0,0,0,0,5,180,0,0,0,1,1,13,-13,-2,12129,998,32,13,0,4,2,6,0,3,0,995,9.8,998,998,998,99.8,99.8,99.8,73.6841192868472,6,4
13798,59,40,1-59-2019-040-02,2,2,2C4RDGBG0KR5,17,7,442,2019,20,4,20,5,1,R,1,2050,5,0,1,1,12,2,48,1,0,1,0,2,0,1,47882,9,9,0,4,5,2,2,1,1,1,3,2,0,0,1,1,0,0,9,1,1,4,62,99,1,2,4,J,69,1,1,2,2,1,1,1,1,2,17,180,5,0,0,0,1,1,10,-10,-2,11304,998,75,10,0,4,2,5,0,4,1,995,0.2,120,25,15,5.0,1.0,5.1,73.6841192868472,6,4