CASEID,PSU,CASENO,CASENUMBER,CATEGORY,VEHNO,VIN,VINLENGTH,MAKE,MODEL,MODELYR,BODYTYPE,BODYCAT,VEHCLASS,SPECUSE,TRANSTAT,DAMPLANE,DAMSEV,CURBWT,CURBSRC,CARGOWT,CARGOSRC,INSPTYPE,INSPLAG,TOWED,SPEEDLIMIT,DRPRESENT,PARALCOHOL,ALCTEST,ALCTESTRESULT,ALCTESTSRC,PARDRUG,DRUGTEST,ZIP,RACE,ETHNICITY,RELTOJUNCT,TRAFFLOW,RDLANES,INITLANE,SURFTYPE,SURFCOND,ALIGNMENT,PROFILE,LINERIGHT,LINELEFT,RUMBINIT,RUMBROAD,LIGHTCOND,WEATHER,TRAFDEV,TRAFFUNCT,DISTRACT,PREFHE,PREMOVE,CRITCAT,CRITEVENT,MANEUVER,PRESTAB,PRELOC,CRASHCAT,CRASHCONF,CRASHTYPE,ROLLTYPE,ROLLTURN,ROLLINTRPT,ROLLPREMAN,ROLLINITYP,ROLLINLOC,ROLLOBJ,ROLLTRIP,ROLLDIR,ROLLDIST,DVANGTHIS,DVANGOTH,TOWHITCH,TRAJDOC,TREEPOLE,DVEVENT,DVBASIS,DVTOTAL,DVLONG,DVLAT,DVENERGY,DVSPEED,DVMOMENT,DVBES,DVEST,DVCONF,VAIS,VISS,VINJURED,VTREAT,INITOBJCLASS,HEADANGLECAT,SHLDRWIDTH,STRKLENGTH,STRKWIDTH,STRKHEIGHT,EDGEDISTX,EDGEDISTY,EDGEDISTZ,CASEWGT,PSUSTRAT,VERSION
13867,19,31,1-19-2019-031-06,6,2,4T1BF1FK7EU4,17,49,40,2014,4,1,3,0,1,B,1,1441,5,0,1,1,4,2,72,1,0,0,995,0,0,0,35906,1,2,3,4,2,1,2,1,2,1,1,2,2,3,1,1,0,0,1,0,5,3,53,1,1,1,2,D,21,0,0,0,0,0,0,0,0,0,0,20,20,0,0,0,1,1,16,16,0,13563,998,25,15,0,1,1,2,0,4,0,995,9.8,998,998,998,99.8,99.8,99.8,454.310821822237,9,4
13868,48,29,1-48-2019-029-04,4,1,1C6RR7FG5HS5,17,7,482,2017,34,5,31,0,1,F,2,2305,5,0,2,3,14,2,129,1,0,0,995,0,0,0,83607,1,2,0,1,2,2,1,1,1,1,3,2,1,3,2,1,0,0,1,0,1,6,87,1,1,1,1,C,13,0,0,0,0,0,0,0,0,0,0,998,998,0,0,0,1,10,999,999,999,9999999,999,999,999,7,0,0,0,0,5,0,998,9.8,998,998,998,99.8,99.8,99.8,1118.844853052,12,4
13870,12,33,1-12-2019-033-09,9,1,1FAHP33N08W2,17,12,37,2008,2,1,2,0,1,T,3,1173,5,0,1,1,22,2,72,1,0,0,995,0,0,2,73071,1,2,0,4,2,1,2,1,1,1,0,0,0,0,1,1,0,0,3,1,1,2,13,1,1,4,1,A,1,1,6,2,2,1,4,61,1,2,85,997,997,0,0,0,2,6,999,999,999,9999999,999,999,999,8,0,1,1,0,4,3,997,0.0,120,30,30,14.6,2.4,15.0,954.16262827919,9,4
13871,31,31,1-31-2019-031-10,10,1,1LNHM82W37Y6,17,13,1,2007,4,1,5,0,1,F,1,1971,5,0,2,1,4,3,89,1,0,0,995,0,0,0,62821,1,2,2,4,2,1,2,1,3,1,1,2,0,0,1,1,0,0,9,1,14,2,12,99,1,4,1,B,6,0,0,0,0,0,0,0,0,0,0,998,998,0,0,0,1,10,999,999,999,9999999,999,0,16,2,0,1,1,0,6,0,998,0.0,120,120,120,4.2,4.0,4.7,301.212188506147,6,4
13874,16,34,1-16-2019-034-09,9,1,JN8DR09Y12W7,17,35,401,2002,14,3,14,0,1,T,3,1962,5,0,1,1,18,2,56,1,0,0,995,0,0,0,45103,1,2,0,3,2,1,2,2,3,2,2,3,0,0,2,2,0,0,1,1,14,2,12,99,1,4,1,B,6,1,4,2,2,2,4,44,4,2,29,997,997,0,1,0,2,6,999,999,999,9999999,999,999,999,8,0,1,1,0,4,3,997,2.2,98,10,120,10.9,4.4,11.4,3650.03998059892,5,4
13875,27,31,1-27-2019-031-10,10,1,WBABS33472PG,17,34,34,2002,1,1,3,0,1,F,1,1615,5,0,1,1,10,2,48,1,0,0,995,0,0,0,01201,1,2,2,4,3,1,2,1,1,1,1,2,0,0,1,1,0,0,1,0,1,3,50,2,1,1,2,D,20,0,0,0,0,0,0,0,0,0,0,195,195,0,0,0,1,3,11,-11,0,9373,998,0,12,0,4,0,0,0,0,0,995,9.8,998,998,998,99.8,99.8,99.8,1724.93500153806,3,4
13875,27,31,1-27-2019-031-10,10,2,JF2SJARC0HH5,17,48,401,2017,14,3,14,0,1,B,1,1498,5,9999,9,0,998,5,48,1,0,0,995,0,0,0,01254,9,9,2,4,3,1,2,1,1,1,1,1,0,0,1,1,5,2,1,0,5,3,53,1,1,1,2,D,21,0,0,0,0,0,0,0,0,0,0,195,195,0,0,0,1,3,12,12,0,7084,998,0,11,0,4,95,95,95,95,0,995,9.8,998,998,998,99.8,99.8,99.8,1724.93500153806,3,4
13877,13,43,1-13-2019-043-02,2,1,JN8AT2MV7JW3,17,35,51,2018,6,1,3,0,1,F,2,1610,5,0,1,1,41,2,999,1,0,0,995,0,0,0,79606,9,1,1,2,4,2,2,1,1,1,1,3,0,0,1,1,0,0,9,1,15,2,13,4,1,4,1,A,1,0,0,0,0,0,0,0,0,0,0,998,998,0,0,0,2,11,999,999,999,9999999,999,999,999,7,0,9,97,0,0,0,998,9.9,999,999,999,7.5,3.2,8.3,133.264791054843,7,4
13878,17,57,1-17-2019-057-07,7,1,1G1ZC5E15BF3,17,20,37,2011,4,1,4,0,1,F,1,1549,5,0,1,1,5,2,89,1,9,0,995,0,9,0,52732,1,2,0,4,2,1,2,1,1,1,1,4,0,0,1,1,0,0,1,0,1,6,87,2,1,1,1,C,13,0,0,0,0,0,0,0,0,0,0,998,998,0,0,0,1,10,999,999,999,9999999,999,0,14,2,0,0,0,0,0,0,998,9.8,998,998,998,99.8,99.8,99.8,537.614015066543,4,4
13879,17,58,1-17-2019-058-06,6,1,5N1AR1NB7CC6,17,35,401,2012,14,3,14,0,1,F,1,2243,5,0,1,5,7,2,48,1,9,0,995,0,7,0,61244,1,1,2,4,5,3,1,1,3,1,1,2,0,0,1,1,1,2,2,0,11,2,15,4,1,1,4,J,68,0,0,0,0,0,0,0,0,0,0,300,180,0,0,0,1,3,6,-6,-1,1843,998,-39,4,0,4,1,1,0,4,0,995,9.8,998,998,998,99.8,99.8,99.8,164.005190721007,4,4
13879,17,58,1-17-2019-058-06,6,2,1B7GL22X9YS6,17,7,472,2000,34,5,31,0,1,L,1,1701,5,91,1,1,7,2,48,1,9,0,995,0,7,0,61265,1,2,2,4,5,2,1,1,2,1,3,1,0,0,1,1,1,2,1,0,14,4,62,4,1,1,4,J,69,0,0,0,0,0,0,0,0,0,0,180,300,0,0,0,1,3,7,-5,5,5506,998,51,8,0,4,1,2,0,6,0,995,9.8,998,998,998,99.8,99.8,99.8,164.005190721007,4,4
13880,17,59,1-17-2019-059-07,7,1,1G1ZD5E01CF3,17,20,37,2012,4,1,4,0,1,F,1,1551,5,0,1,1,6,2,56,1,9,0,995,0,9,0,61244,1,2,2,4,2,1,2,1,3,1,0,0,0,0,1,1,0,0,1,1,12,2,13,1,1,4,6,M,98,0,0,0,0,0,0,0,0,0,0,998,998,0,0,0,1,1,13,-13,0,11030,998,0,13,0,1,0,0,0,0,0,998,0.3,23,10,25,3.6,4.5,5.8,537.614015066543,4,4
13881,29,57,1-29-2019-057-06,6,1,5NPDH4AE5BH0,17,55,35,2011,4,1,3,0,1,F,1,1265,5,0,1,1,2,2,48,1,8,0,995,0,7,0,02719,1,2,0,4,2,1,2,1,1,1,0,0,0,0,2,8,0,0,3,1,1,6,87,7,1,4,1,B,8,0,0,0,0,0,0,0,0,0,0,998,998,0,0,1,2,1,15,-15,0,14844,998,-60,15,0,4,2,5,0,3,0,998,0.0,111,29,19,0.0,0.0,0.0,100.263616317328,2,4
13882,29,58,1-29-2019-058-03,3,1,JM1DKFC76J03,17,41,56,2018,5,1,2,0,1,B,1,1339,5,9999,9,4,9,3,64,1,0,0,995,0,0,9,02719,9,9,2,2,3,2,2,1,1,9,3,3,0,3,1,1,1,2,1,0,5,3,53,99,1,1,2,D,21,0,0,0,0,0,0,0,0,0,0,175,175,0,0,0,1,12,999,999,999,9999999,999,999,999,6,0,0,0,0,4,0,995,9.8,998,998,998,99.8,99.8,99.8,81.1628516955118,2,4
13882,29,58,1-29-2019-058-03,3,2,WDDGF8AB0DR2,17,42,42,2013,4,1,3,0,1,F,1,1670,5,9999,9,6,37,5,64,1,0,0,995,0,0,9,02740,9,9,2,2,3,2,2,1,1,9,3,3,0,3,1,1,1,2,3,0,1,3,50,2,1,1,2,D,20,0,0,0,0,0,0,0,0,0,0,175,175,0,0,0,1,12,999,999,999,9999999,999,999,999,6,0,95,95,95,95,0,995,9.8,998,998,998,99.8,99.8,99.8,81.1628516955118,2,4
13883,29,59,1-29-2019-059-03,3,1,3C6RR7KT3JG1,17,7,482,2018,34,5,30,0,1,F,1,2336,5,0,1,1,6,2,64,1,0,0,995,0,1,0,02760,9,9,0,4,2,1,2,2,1,1,1,2,0,0,1,8,0,0,9,1,1,2,13,1,1,4,1,A,1,0,0,0,0,0,0,0,0,0,0,998,998,0,0,2,1,10,999,999,999,9999999,999,60,14,2,0,9,97,0,8,0,998,1.5,35,35,999,1.3,0.3,1.4,81.1628516980739,2,4
13885,10,27,1-10-2019-027-02,2,1,19XFB2F54FE0,17,37,31,2015,4,1,3,0,1,F,3,1258,5,0,1,1,6,2,56,1,0,0,995,0,0,0,45401,1,2,0,4,2,1,2,1,3,2,1,2,0,0,1,1,0,0,1,1,14,2,13,9,1,4,1,A,1,0,0,0,0,0,0,0,0,0,0,145,15,0,0,0,2,1,42,-32,-27,95824,998,-79,36,0,1,1,1,0,4,0,995,0.0,999,46,120,7.2,1.2,7.3,18.8599899753226,4,4
13885,10,27,1-10-2019-027-02,2,2,1J4GW48S62C2,17,2,404,2002,14,3,14,0,1,F,2,1800,5,0,1,1,12,2,56,1,0,0,995,0,0,0,45401,2,2,0,4,2,1,2,1,1,4,0,2,0,0,1,1,0,0,1,0,1,4,62,9,1,1,6,M,98,0,0,0,0,0,0,0,0,0,0,15,145,0,0,0,2,1,32,-31,6,110342,998,33,38,0,1,1,2,0,4,0,995,9.8,998,998,998,99.8,99.8,99.8,18.8599899753226,4,4
13888,14,29,1-14-2019-029-03,3,1,1GTCS1365681,17,23,472,2006,34,5,31,0,1,F,1,1702,5,0,1,1,12,2,97,1,0,0,995,0,0,0,79762,1,2,2,4,2,1,2,2,1,4,1,2,0,0,1,2,0,0,1,0,1,3,50,3,1,1,2,D,20,0,0,0,0,0,0,0,0,0,0,80,80,0,0,0,1,3,14,-14,0,11853,998,14,13,0,4,0,0,0,0,0,995,9.8,998,998,998,99.8,99.8,99.8,1030.47499264506,8,4
13888,14,29,1-14-2019-029-03,3,2,5XXGM4A79FG4,17,63,34,2015,4,1,4,0,1,B,1,1468,5,0,1,1,12,2,97,1,0,0,995,0,0,0,78654,1,2,2,4,2,1,2,2,1,4,1,2,0,0,1,2,0,0,1,0,5,3,53,1,1,1,2,D,22,0,0,0,0,0,0,0,0,0,0,80,80,0,0,0,1,3,14,14,0,16821,998,28,15,0,4,1,2,0,4,0,995,9.8,998,998,998,99.8,99.8,99.8,1030.47499264506,8,4
13889,14,30,1-14-2019-030-04,4,1,4JGDF7EE7FA4,17,42,421,2015,15,3,15,0,1,F,1,2580,5,0,2,1,14,2,97,1,0,0,995,0,0,0,78006,1,2,2,4,3,1,2,1,1,1,1,1,0,0,1,1,1,2,1,1,1,4,65,4,1,4,1,A,3,0,0,0,0,0,0,0,0,0,0,998,998,0,0,0,1,1,18,-18,0,38958,998,66,18,0,4,1,1,0,6,0,998,0.5,120,30,84,8.7,1.3,8.9,2656.69520769203,8,4
13890,22,53,1-22-2019-053-04,4,1,1FADP3K22GL3,17,12,37,2016,5,1,3,0,1,F,1,1327,5,0,2,1,12,2,48,1,1,1,26,1,0,0,99403,1,2,2,5,3,1,2,1,1,1,0,1,0,0,3,8,1,2,9,0,1,2,17,2,1,1,5,L,86,0,0,0,0,0,0,0,0,0,0,270,0,0,0,0,1,3,18,-17,6,11835,998,98,12,0,2,0,0,0,0,0,995,9.8,998,998,998,99.8,99.8,99.8,248.121084809807,12,4
13890,22,53,1-22-2019-053-04,4,2,2FMTK4K88FBB,17,12,24,2015,6,1,4,0,1,R,1,1841,5,9999,9,0,998,5,40,1,0,0,995,0,0,0,99403,9,9,2,4,3,1,2,1,1,1,0,1,0,0,3,8,1,2,9,0,1,4,66,99,1,1,5,L,87,0,0,0,0,0,0,0,0,0,0,0,270,0,0,0,1,3,13,-5,-13,29270,998,45,19,0,4,95,95,95,95,0,995,9.8,998,998,998,99.8,99.8,99.8,248.121084809807,12,4
13892,26,60,1-26-2019-060-04,4,1,JTKDE1674902,17,49,50,2009,3,1,3,0,1,F,1,1377,5,0,1,1,38,2,105,1,0,0,995,0,0,0,95677,1,1,0,2,6,2,2,1,1,1,3,3,0,0,1,1,0,0,3,0,1,3,52,3,1,1,2,D,28,0,0,0,0,0,0,0,0,0,0,35,40,0,0,0,1,1,21,-21,-4,34120,998,-13,24,0,4,1,1,0,6,0,995,9.8,998,998,998,99.8,99.8,99.8,1482.66580966438,10,4
13892,26,60,1-26-2019-060-04,4,2,5N1AT2MV4GC7,17,35,51,2016,6,1,3,0,1,B,1,1610,5,0,1,1,40,2,105,1,0,0,995,0,0,0,94591,1,9,0,2,6,2,2,1,1,1,3,3,0,0,1,1,0,0,1,0,2,3,53,1,1,1,2,D,29,0,0,0,0,0,0,0,0,0,0,40,35,0,0,0,1,1,18,18,3,14883,998,-18,15,0,4,0,0,0,0,0,995,9.8,998,998,998,99.8,99.8,99.8,1482.66580966438,10,4
13892,26,60,1-26-2019-060-04,4,3,5NPDH4AE0GH7,17,55,35,2016,4,1,3,99,1,B,1,1305,5,9999,9,0,998,5,105,1,0,0,995,0,0,0,95826,9,9,0,2,6,2,2,1,1,1,3,3,0,0,1,1,0,0,1,0,5,3,53,1,1,1,6,M,98,0,0,0,0,0,0,0,0,0,0,40,40,0,0,0,2,3,16,16,0,13801,998,0,17,0,4,95,95,95,95,0,995,9.8,998,998,998,99.8,99.8,99.8,1482.66580966438,10,4
13893,26,61,1-26-2019-061-02,2,1,1HGCR3F97HA0,17,37,32,2017,4,1,4,0,1,F,3,1615,5,0,1,1,19,2,105,1,0,1,0,2,0,0,95667,1,2,0,2,5,4,2,2,1,3,3,3,0,0,2,2,0,0,1,0,1,3,50,2,1,1,3,G,52,0,0,0,0,0,0,0,0,0,0,85,260,0,0,0,1,3,43,-43,0,128622,998,-2,44,0,4,2,5,0,4,0,995,9.8,998,998,998,99.8,99.8,99.8,22.2084376126598,10,4
13893,26,61,1-26-2019-061-02,2,2,WDBUF70J23A1,17,42,48,2003,4,1,4,0,1,F,3,1730,5,9999,9,0,998,5,105,0,7,7,887,6,8,8,99998,9,9,0,2,5,4,2,2,1,3,3,3,0,0,2,2,0,0,0,8,0,3,53,0,0,0,3,G,52,0,0,0,0,0,0,0,0,0,0,260,85,0,0,0,1,3,43,-42,-7,128088,998,-39,42,0,4,95,95,95,95,0,995,9.8,998,998,998,99.8,99.8,99.8,22.2084376126598,10,4
13894,26,62,1-26-2019-062-03,3,1,2T1BURHE1GC5,17,49,32,2016,4,1,3,0,1,F,2,1265,5,9999,9,4,14,2,40,1,0,0,995,0,0,0,95670,3,2,0,4,2,1,2,1,1,1,0,0,0,0,1,1,0,0,1,0,12,2,21,99,1,1,6,M,98,0,0,0,0,0,0,0,0,0,0,998,998,0,0,0,2,11,999,999,999,9999999,999,999,999,7,0,0,0,0,0,0,998,9.9,999,999,999,2.5,9.5,9.9,572.337502466067,10,4
13894,26,62,1-26-2019-062-03,3,2,2HNYD18936H5,17,54,421,2006,15,3,15,0,1,L,9,1992,5,9999,9,0,998,5,40,1,0,0,995,0,0,0,95670,9,9,0,4,2,1,2,1,1,1,0,0,0,0,1,1,0,0,9,0,1,4,62,99,1,1,6,M,98,0,0,0,0,0,0,0,0,0,0,260,310,0,0,0,1,0,999,999,999,9999999,999,999,999,9,0,95,95,95,95,0,995,9.8,998,998,998,99.8,99.8,99.8,572.337502466067,10,4
13895,33,54,1-33-2019-054-03,3,1,WMWXP7C59F2A,17,69,54,2015,3,1,2,0,1,L,9,1285,5,9999,9,0,998,2,40,1,0,0,995,0,0,0,95965,1,2,2,4,2,1,2,1,1,1,0,2,0,0,1,8,2,2,9,0,1,2,17,99,1,1,5,L,89,0,0,0,0,0,0,0,0,0,0,70,160,0,0,0,1,0,999,999,999,9999999,999,999,999,9,0,9,0,0,0,0,995,9.8,998,998,998,99.8,99.8,99.8,92.7466640243663,12,4
13895,33,54,1-33-2019-054-03,3,2,1FADP3F24GL2,17,12,37,2016,4,1,3,0,1,F,1,1340,5,9999,9,4,62,2,40,1,0,0,995,0,0,0,95965,1,2,2,3,2,1,2,1,1,1,0,5,0,0,1,8,0,0,9,0,1,4,66,2,1,1,5,L,88,0,0,0,0,0,0,0,0,0,0,160,70,0,1,0,1,12,999,999,999,9999999,999,999,999,6,0,0,0,0,0,0,995,9.8,998,998,998,99.8,99.8,99.8,92.7466640243663,12,4
13896,33,55,1-33-2019-055-03,3,1,5YFBURHE1JP7,17,49,32,2018,4,1,3,0,1,F,9,1265,5,9999,9,0,998,2,40,1,1,8,997,8,0,9,95966,1,2,0,4,2,1,2,1,1,4,0,2,0,0,2,1,2,2,9,1,1,2,12,99,1,4,1,B,6,0,0,0,0,0,0,0,0,0,0,998,998,0,0,0,1,0,999,999,999,9999999,999,999,999,9,0,0,0,0,0,0,998,9.8,998,998,998,99.8,99.8,99.8,92.7466640243663,12,4
13897,33,56,1-33-2019-056-03,3,1,2G1WT55K1891,17,20,2,2008,4,1,4,0,1,F,2,1630,5,0,1,1,45,2,56,1,1,9,998,8,7,9,95965,1,2,2,1,2,99,2,1,1,1,9,9,0,0,1,1,1,2,9,1,15,2,12,2,1,2,3,I,64,0,0,0,0,0,0,0,0,0,0,265,90,0,0,0,2,12,999,999,999,9999999,999,999,999,7,0,0,0,0,0,0,995,9.8,998,998,998,99.8,99.8,99.8,92.7466640243663,12,4
13897,33,56,1-33-2019-056-03,3,2,JF2GPACC9E82,17,48,403,2014,14,3,14,0,1,R,1,1425,5,0,2,2,20,5,56,1,0,0,995,0,0,0,95973,9,9,2,4,5,3,2,1,1,1,1,2,0,0,1,1,1,2,1,0,5,4,62,1,1,1,3,I,65,0,0,0,0,0,0,0,0,0,0,90,280,0,0,0,1,8,999,999,999,9999999,999,999,999,6,0,95,95,95,95,0,995,9.8,998,998,998,99.8,99.8,99.8,92.7466640243663,12,4
13897,33,56,1-33-2019-056-03,3,3,1FMCU9J93GUC,17,12,402,2016,14,3,14,0,1,L,2,1653,5,0,1,1,34,2,56,1,0,0,995,0,0,0,95928,1,2,2,4,4,2,2,1,1,1,3,1,0,0,1,1,1,2,1,0,5,4,62,1,1,1,6,M,98,0,0,0,0,0,0,0,0,0,0,90,265,0,0,0,2,12,999,999,999,9999999,999,999,999,7,0,0,0,0,0,0,995,9.8,998,998,998,99.8,99.8,99.8,92.7466640243663,12,4
13897,33,56,1-33-2019-056-03,3,4,5TDJKRFH6FS1,17,49,403,2015,14,3,14,0,1,F,2,1995,5,0,1,3,19,2,56,1,0,0,995,0,0,0,95973,1,2,2,4,5,2,2,1,1,1,3,1,0,0,1,1,1,2,1,0,4,4,62,1,1,1,6,M,98,0,0,0,0,0,0,0,0,0,0,90,255,0,0,0,3,12,999,999,999,9999999,999,999,999,7,0,0,0,0,6,0,995,9.8,998,998,998,99.8,99.8,99.8,92.7466640243663,12,4
13899,18,29,1-18-2019-029-05,5,1,JM1BL1SG8A11,17,41,51,2010,4,1,2,0,1,F,1,1295,5,0,1,1,4,2,40,1,0,0,995,0,0,0,54703,1,2,0,4,4,2,2,1,1,1,0,2,0,0,1,1,0,0,1,0,1,4,61,1,1,1,6,M,98,0,0,0,0,0,0,0,0,0,0,270,230,0,0,0,1,3,16,-12,-10,15066,998,-95,14,0,4,1,3,0,4,0,995,9.8,998,998,998,99.8,99.8,99.8,55.8829308203065,6,4
13899,18,29,1-18-2019-029-05,5,2,1FMCU9DG5CKA,17,12,402,2012,14,3,14,0,1,L,1,1495,5,9999,9,0,998,2,40,1,0,0,995,0,0,0,54703,9,9,0,4,4,1,2,1,1,1,0,0,0,0,1,1,0,0,9,1,12,2,21,99,1,2,6,M,98,0,0,0,0,0,0,0,0,0,0,230,270,0,0,0,1,3,13,2,13,27232,998,-137,14,0,4,1,1,0,4,0,995,9.8,998,998,998,99.8,99.8,99.8,55.8829308203065,6,4
13902,21,50,1-21-2019-050-03,3,1,999999999999,99,99,999,9999,99,10,99,99,1,9,9,,,,,,,5,105,1,9,0,995,0,9,0,99999,9,9,0,4,2,1,1,1,1,9,1,2,2,3,2,1,0,0,9,1,1,2,10,99,1,2,3,I,64,,,,,,,,,,,,,,,,,,,,,,,,,,,95,95,95,95,,,9.8,998,998,998,99.8,99.8,99.8,243.848299311124,11,4
13902,21,50,1-21-2019-050-03,3,2,3N1AB7AP9FY3,17,35,43,2015,4,1,3,0,1,L,2,1293,5,0,1,1,19,2,105,1,0,0,995,0,0,0,26062,1,2,0,4,2,1,2,1,1,9,1,2,2,3,2,1,0,0,1,0,1,4,62,8,1,1,3,I,65,0,0,0,0,0,0,0,0,0,0,135,300,0,0,0,1,5,999,999,999,9999999,999,999,999,7,0,1,1,0,4,0,995,9.8,998,998,998,99.8,99.8,99.8,243.848299311124,11,4
13903,30,58,1-30-2019-058-09,9,1,1FMZU62K83ZA,17,12,401,2003,14,3,14,0,1,T,1,1970,5,0,1,1,27,2,121,1,0,0,995,0,0,0,92359,1,1,1,1,6,2,2,1,1,1,1,3,2,3,1,1,0,0,1,1,1,1,1,4,3,4,1,A,2,1,4,2,1,1,2,61,1,1,23,997,997,0,0,0,2,6,999,999,999,9999999,999,999,999,6,0,1,2,0,4,3,997,3.4,999,999,120,8.2,32.3,33.4,1962.17839280515,10,4
13905,30,60,1-30-2019-060-02,2,1,1G1ZB5ST2GF1,17,20,37,2016,4,1,4,0,1,F,9,1400,5,9999,9,0,998,2,64,1,8,1,179,2,1,2,85015,9,9,0,4,4,1,2,1,1,1,0,2,0,0,1,1,0,0,9,1,1,2,13,99,1,4,1,C,11,0,0,0,0,0,0,0,0,0,0,10,10,0,0,0,1,0,999,999,999,9999999,999,999,999,9,0,2,9,0,4,0,995,9.8,998,998,998,99.8,99.8,99.8,28.6013360902679,10,4
13905,30,60,1-30-2019-060-02,2,2,1GKEK63U84J1,17,23,421,2004,15,3,15,0,2,B,9,2649,5,9999,9,0,998,,,,,,,,,,,,,,,,,,,,,,,,,,,,,,,,,,,,,,,,,,,,,,,,,,,,,,,,,,,,,,,,,,95,95,95,95,,,,,,,,,,28.6013360902679,10,4
13906,21,51,1-21-2019-051-06,6,1,1GNEC13R8TJ4,17,20,421,1996,15,3,15,0,1,L,1,2179,5,9999,9,0,998,5,64,1,0,0,995,0,0,0,92376,9,9,2,4,5,1,2,1,1,1,0,1,0,0,1,8,1,2,9,0,10,2,16,99,1,1,4,K,78,0,0,0,0,0,0,0,0,0,0,190,245,0,0,0,1,3,6,1,6,2717,998,16,6,0,4,95,95,95,95,0,995,9.8,998,998,998,99.8,99.8,99.8,324.814841794833,11,4
13906,21,51,1-21-2019-051-06,6,2,4T4BF3EK3BR0,17,49,40,2011,4,1,4,0,1,R,1,1500,5,0,1,1,44,2,72,1,0,0,995,0,0,0,92404,9,1,2,4,4,2,2,1,1,1,1,2,0,0,1,8,1,2,9,0,1,4,65,2,1,1,4,K,79,0,0,0,0,0,0,0,0,0,0,245,190,0,0,0,1,3,9,-8,-3,8188,998,123,9,0,4,0,0,0,4,0,995,9.8,998,998,998,99.8,99.8,99.8,324.814841794833,11,4
13907,15,39,1-15-2019-039-02,2,1,JN1BJ1CR0HW1,17,35,51,2017,6,1,3,0,1,F,9,1610,5,0,2,4,38,2,48,1,8,0,995,0,7,0,11590,1,2,2,4,4,2,2,2,1,4,3,2,0,0,1,2,0,0,1,1,1,2,12,7,1,4,1,B,6,0,0,0,0,0,0,0,0,0,0,998,998,0,0,1,1,12,999,999,999,9999999,999,999,999,9,0,0,0,0,4,0,998,0.5,55,55,48,0.6,0.4,0.7,33.8051386273393,1,4
13908,15,40,1-15-2019-040-02,2,1,JN1EV7AR4GM3,17,58,41,2016,4,1,4,0,1,R,1,1718,5,0,1,1,13,2,48,1,8,9,998,8,7,9,11434,9,9,2,4,5,2,2,1,1,1,1,1,0,0,1,1,1,2,9,0,1,2,17,3,1,1,5,L,87,0,0,0,0,0,0,0,0,0,0,0,270,0,0,0,1,3,14,-9,-11,25724,998,48,18,0,4,9,97,0,99,0,995,9.8,998,998,998,99.8,99.8,99.8,33.8051386293526,1,4
13908,15,40,1-15-2019-040-02,2,2,1GNSKBKCXKR1,17,20,421,2019,15,3,15,0,1,F,1,2515,5,9999,9,4,27,5,48,1,8,9,998,8,7,9,11530,9,9,2,4,3,1,2,1,1,1,0,1,0,0,1,1,1,2,9,0,1,4,66,99,1,1,5,L,86,0,0,0,0,0,0,0,0,0,0,270,0,0,0,0,1,3,10,-8,6,9123,998,157,7,0,4,95,95,95,95,0,995,9.8,998,998,998,99.8,99.8,99.8,33.8051386293526,1,4
13909,20,27,1-20-2019-027-06,6,1,JN8AS5MV0BW2,17,35,51,2011,6,1,3,0,1,R,1,1574,5,0,1,5,17,2,89,1,0,0,995,0,0,0,93960,1,2,0,4,2,1,2,1,3,1,1,2,1,0,1,8,0,0,3,1,14,2,13,2,4,4,1,A,2,1,1,2,6,1,4,61,1,2,7,998,998,0,0,1,2,1,10,2,-10,18250,998,196,10,0,1,1,1,0,0,3,998,0.3,4,8,119,49.5,1.9,49.8,2340.69208864356,11,4
13910,18,30,1-18-2019-030-07,7,1,1GNKVJED9CJ1,17,20,24,2012,6,1,5,0,1,B,1,2234,5,0,1,1,16,2,80,1,0,0,995,0,0,0,54703,1,2,2,4,3,2,2,1,1,1,1,2,0,0,1,1,1,2,1,0,11,2,15,1,1,1,4,K,76,0,0,0,0,0,0,0,0,0,0,110,100,0,0,0,1,12,999,999,999,9999999,999,999,999,6,0,1,2,0,6,0,995,9.8,998,998,998,99.8,99.8,99.8,767.499870685844,6,4
13910,18,30,1-18-2019-030-07,7,2,1G1AK55F1773,17,20,22,2007,4,1,2,0,1,F,9,1265,5,9999,9,0,998,2,80,1,0,0,995,0,0,0,55045,9,9,2,1,3,3,2,1,1,1,3,0,0,0,1,1,1,2,9,0,1,4,65,99,1,1,4,K,77,0,0,0,0,0,0,0,0,0,0,100,110,0,0,0,1,0,999,999,999,9999999,999,999,999,9,0,0,0,0,0,0,995,9.8,998,998,998,99.8,99.8,99.8,767.499870685844,6,4
13911,66,33,1-66-2019-033-03,3,1,3N1AB7AP9HY3,17,35,43,2017,4,1,3,0,1,U,1,1300,5,0,1,1,11,2,89,1,0,1,0,2,7,0,64862,1,2,0,4,2,1,2,1,3,1,1,2,2,3,1,1,0,0,3,1,14,2,13,3,1,4,1,A,1,0,0,0,0,0,0,0,0,0,0,998,998,0,1,0,1,7,999,999,999,9999999,999,999,999,6,0,2,5,0,4,0,998,0.3,120,120,-110,70.0,4.0,71.0,171.048942891346,6,4