CASEID,PSU,CASENO,CASENUMBER,CATEGORY,VEHNO,VIN,VINLENGTH,MAKE,MODEL,MODELYR,BODYTYPE,BODYCAT,VEHCLASS,SPECUSE,TRANSTAT,DAMPLANE,DAMSEV,CURBWT,CURBSRC,CARGOWT,CARGOSRC,INSPTYPE,INSPLAG,TOWED,SPEEDLIMIT,DRPRESENT,PARALCOHOL,ALCTEST,ALCTESTRESULT,ALCTESTSRC,PARDRUG,DRUGTEST,ZIP,RACE,ETHNICITY,RELTOJUNCT,TRAFFLOW,RDLANES,INITLANE,SURFTYPE,SURFCOND,ALIGNMENT,PROFILE,LINERIGHT,LINELEFT,RUMBINIT,RUMBROAD,LIGHTCOND,WEATHER,TRAFDEV,TRAFFUNCT,DISTRACT,PREFHE,PREMOVE,CRITCAT,CRITEVENT,MANEUVER,PRESTAB,PRELOC,CRASHCAT,CRASHCONF,CRASHTYPE,ROLLTYPE,ROLLTURN,ROLLINTRPT,ROLLPREMAN,ROLLINITYP,ROLLINLOC,ROLLOBJ,ROLLTRIP,ROLLDIR,ROLLDIST,DVANGTHIS,DVANGOTH,TOWHITCH,TRAJDOC,TREEPOLE,DVEVENT,DVBASIS,DVTOTAL,DVLONG,DVLAT,DVENERGY,DVSPEED,DVMOMENT,DVBES,DVEST,DVCONF,VAIS,VISS,VINJURED,VTREAT,INITOBJCLASS,HEADANGLECAT,SHLDRWIDTH,STRKLENGTH,STRKWIDTH,STRKHEIGHT,EDGEDISTX,EDGEDISTY,EDGEDISTZ,CASEWGT,PSUSTRAT,VERSION
13994,11,60,1-11-2019-060-02,2,1,2HKRW6H31JH2,17,37,402,2018,14,3,14,0,1,F,2,1580,5,0,1,1,20,2,40,1,1,1,155,2,0,0,23831,1,2,0,4,2,1,2,1,3,1,0,0,0,0,2,1,0,0,1,1,14,2,13,1,2,4,1,A,2,0,0,0,0,0,0,0,0,0,0,998,998,0,0,1,3,11,999,999,999,9999999,999,999,999,7,0,3,17,1,3,0,998,0.3,3,18,84,4.6,0.3,4.6,81.8228818166149,8,4
13995,11,61,1-11-2019-061-04,4,1,2HKRM4H59GH6,17,37,402,2016,14,3,14,0,1,F,1,1586,5,0,1,1,20,2,89,1,0,0,995,0,0,0,23060,9,9,0,1,4,2,2,1,1,1,1,3,0,0,1,1,0,0,3,0,1,3,50,4,1,1,2,D,20,0,0,0,0,0,0,0,0,0,0,145,125,0,0,0,1,11,999,999,999,9999999,999,999,999,6,0,0,0,0,0,0,995,0.0,120,41,71,1.2,0.4,1.3,2630.80510572152,8,4
13995,11,61,1-11-2019-061-04,4,2,1C4RDJDG4FC8,17,7,422,2015,15,3,15,0,1,B,2,2262,5,0,1,2,20,5,89,1,0,0,995,0,0,0,23832,9,9,0,1,4,2,2,1,1,1,1,3,0,0,1,1,0,0,3,0,5,3,53,1,1,1,2,D,21,0,0,0,0,0,0,0,0,0,0,125,145,0,0,0,1,12,999,999,999,9999999,999,999,999,7,0,95,95,95,95,0,995,9.8,998,998,998,99.8,99.8,99.8,2630.80510572152,8,4
13996,77,59,1-77-2019-059-09,9,1,WBXPC93497WF,17,34,402,2007,14,3,14,0,1,L,1,1845,5,0,1,1,4,2,56,1,0,0,995,0,0,0,22903,1,2,2,4,3,2,2,1,1,1,1,2,0,0,1,1,2,2,1,0,11,2,15,1,1,1,4,K,82,0,0,0,0,0,0,0,0,0,0,90,195,0,0,0,1,1,24,-12,21,33710,998,59,20,0,4,0,0,0,0,0,995,9.8,998,998,998,99.8,99.8,99.8,8005.97710752308,9,4
13996,77,59,1-77-2019-059-09,9,2,1N4AL21E28C2,17,35,47,2008,4,1,4,0,1,F,2,1429,5,0,1,1,4,2,72,1,0,0,995,0,0,0,22901,9,9,1,1,4,3,2,1,1,1,3,1,0,0,1,1,0,0,1,0,1,4,67,99,1,1,4,K,83,0,0,0,0,0,0,0,0,0,0,195,90,0,0,0,1,1,28,-26,-9,74643,998,-66,31,0,1,1,2,0,4,0,995,9.8,998,998,998,99.8,99.8,99.8,8005.97710752308,9,4
13998,24,65,1-24-2019-065-03,3,1,5NPD74LFXKH4,17,55,35,2019,4,1,3,0,1,F,1,1280,5,0,1,1,19,2,40,1,0,0,995,0,0,0,08203,9,9,2,4,2,1,2,1,1,1,0,2,0,0,1,1,1,2,9,0,1,2,17,99,1,1,5,L,88,0,0,0,0,0,0,0,0,0,0,155,55,0,0,0,1,3,9,-9,-3,3437,998,-67,7,0,4,99,99,0,99,0,995,9.8,998,998,998,99.8,99.8,99.8,717.695847310124,1,4
13998,24,65,1-24-2019-065-03,3,2,JH4CU2E6XBC0,17,54,39,2011,4,1,3,0,1,L,1,1574,8,0,1,1,19,2,40,1,0,0,995,0,0,0,19382,1,1,2,3,2,2,2,1,1,1,0,3,0,0,1,1,1,2,1,0,1,4,66,99,1,1,5,L,89,0,0,0,0,0,0,0,0,0,0,55,155,0,0,0,1,3,8,-4,7,7973,998,115,9,0,4,1,2,0,4,0,995,9.8,998,998,998,99.8,99.8,99.8,717.695847310124,1,4
13999,24,66,1-24-2019-066-04,4,1,2C4RDGCG1HR7,17,7,442,2017,20,4,20,0,1,R,1,2050,5,0,1,1,9,2,40,1,0,0,995,0,0,0,07002,7,2,2,4,4,1,1,1,1,1,0,1,0,0,1,1,1,2,1,0,1,5,81,1,1,1,1,C,13,0,0,0,0,0,0,0,0,0,0,998,998,0,0,0,1,12,999,999,999,9999999,999,999,999,1,0,0,0,0,0,0,998,9.8,998,998,998,99.8,99.8,99.8,2014.97311391376,1,4
14000,28,30,1-28-2019-030-06,6,1,1G1PE5SB0E72,17,20,25,2014,4,1,3,0,1,F,1,1407,5,0,1,1,15,2,72,1,0,0,995,0,0,0,15834,1,2,0,4,2,1,2,2,3,1,1,2,0,0,2,2,0,0,1,1,14,1,6,1,2,4,1,A,2,0,0,0,0,0,0,0,0,0,0,998,998,0,1,0,1,10,999,999,999,9999999,999,-37,13,2,0,1,2,0,6,0,998,0.1,120,44,68,32.7,2.7,33.2,302.287301111326,3,4
14001,73,34,1-73-2019-034-09,9,1,YS3FH46U2711,17,47,35,2007,4,1,3,0,1,F,2,1440,5,0,1,1,6,2,89,1,8,0,995,0,7,0,04985,9,9,0,4,2,1,2,1,1,1,1,4,0,0,1,1,0,0,3,1,1,3,50,99,1,1,2,D,20,0,0,0,0,0,0,0,0,0,0,330,330,0,0,0,1,12,999,999,999,9999999,999,999,999,7,0,9,97,0,99,0,995,9.8,998,998,998,99.8,99.8,99.8,431.944244766053,3,4
14001,73,34,1-73-2019-034-09,9,2,1GCEK19B66Z2,17,20,481,2006,34,5,31,0,1,B,2,2397,5,0,1,1,6,2,89,1,8,0,995,0,7,0,04975,9,9,0,4,2,1,2,1,1,1,1,4,0,0,1,1,0,0,1,0,5,3,53,1,1,1,2,D,21,0,0,0,0,0,0,0,0,0,0,330,330,0,0,0,1,12,999,999,999,9999999,999,999,999,7,0,99,99,0,99,0,995,9.8,998,998,998,99.8,99.8,99.8,431.944244766053,3,4
14002,24,64,1-24-2019-064-04,4,1,10TAFGGF6FS7,17,98,805,2015,63,8,60,0,1,9,9,,,,,,,5,80,1,0,0,995,0,0,0,08330,9,9,4,3,1,1,2,1,1,1,1,1,0,0,1,1,0,0,9,0,1,8,98,99,1,1,1,C,15,,,,,,,,,,,,,,,,,,,,,,,,,,,95,95,95,95,,,9.8,998,998,998,99.8,99.8,99.8,2014.97311391376,1,4
14002,24,64,1-24-2019-064-04,4,2,ZACCJBAB3HPG,17,2,408,2017,14,3,14,0,1,F,1,1372,5,0,1,1,8,2,80,1,0,0,995,0,0,0,08330,1,2,0,2,3,1,2,1,3,1,1,3,0,0,1,1,0,0,1,0,14,6,90,1,1,1,6,M,98,0,0,0,0,0,0,0,0,0,0,998,998,0,0,0,2,7,999,999,999,9999999,999,999,999,6,0,0,0,0,0,0,998,9.8,998,998,998,99.8,99.8,99.8,2014.97311391376,1,4
14003,59,43,1-59-2019-043-05,5,1,2GKALSEK7D63,17,23,402,2013,14,3,14,0,1,F,1,1748,5,0,1,1,6,2,80,1,0,0,995,0,0,0,47858,1,2,0,2,3,3,2,1,1,1,3,2,1,1,3,1,0,0,1,0,1,6,87,1,1,1,1,C,13,0,0,0,0,0,0,0,0,0,0,998,998,0,0,0,1,10,999,999,999,9999999,999,1,13,2,0,1,1,0,4,0,998,9.8,998,998,998,99.8,99.8,99.8,158.135174096993,6,4
14004,48,33,1-48-2019-033-03,3,1,1C4PJMCS6HW6,17,2,404,2017,14,3,14,0,1,F,2,1788,5,0,1,1,6,2,129,1,1,8,997,8,1,3,84337,1,2,0,1,2,2,2,1,1,1,3,2,1,3,1,1,0,0,1,1,15,2,11,1,1,2,6,M,98,0,0,0,0,0,0,0,0,0,0,120,120,0,1,0,1,5,999,999,999,9999999,999,999,25,3,0,1,1,0,4,0,995,9.8,998,998,998,99.8,99.8,99.8,239.622372494678,12,4
14004,48,33,1-48-2019-033-03,3,2,1FTNX21P03EB,17,12,481,2003,34,5,31,0,1,B,9,2818,5,0,2,0,998,2,129,1,0,0,995,0,0,0,97038,1,2,0,1,2,1,2,1,1,1,1,3,2,3,1,1,0,0,1,0,1,4,60,1,1,1,6,M,98,0,0,0,0,0,0,0,0,0,0,120,120,1,1,0,1,0,999,999,999,9999999,999,999,999,9,0,0,0,0,0,0,995,9.8,998,998,998,99.8,99.8,99.8,239.622372494678,12,4
14006,52,23,1-52-2019-023-06,6,1,2G1WC5EM4B11,17,20,2,2011,4,1,4,0,1,F,2,1655,5,0,1,1,10,2,56,1,0,0,995,0,0,0,59102,9,9,0,4,3,1,2,1,3,1,0,2,0,0,5,1,0,0,3,1,14,2,13,1,1,4,1,A,1,0,0,0,0,0,0,0,0,0,0,998,998,0,0,7,3,10,999,999,999,9999999,999,3,27,3,0,1,2,0,6,0,998,0.0,7,7,999,2.5,0.7,2.6,60.9719748029445,12,4
14008,32,66,1-32-2019-066-05,5,1,3GNEC16Z53G1,17,20,431,2003,16,3,16,0,1,F,2,2228,5,0,1,1,20,2,56,1,0,0,995,0,0,0,75248,9,9,2,3,3,1,1,1,1,1,0,1,0,0,3,1,1,2,9,0,1,4,66,1,1,1,5,L,86,0,0,0,0,0,0,0,0,0,0,350,95,0,0,0,1,1,28,-24,14,167112,998,58,41,0,1,99,99,0,99,0,995,0.0,120,16,23,1.2,3.6,4.0,256.776079852019,7,4
14008,32,66,1-32-2019-066-05,5,2,3FA6P0H72DR1,17,12,23,2013,4,1,4,0,1,R,2,1554,5,0,1,1,20,2,56,1,0,1,0,2,0,0,75244,1,2,2,4,4,2,1,1,1,1,3,2,0,0,3,1,1,2,9,0,1,2,17,1,1,1,5,L,87,0,0,0,0,0,0,0,0,0,0,95,350,0,0,0,1,1,39,-30,-25,9937,998,-29,12,0,4,3,22,1,3,0,995,9.8,998,998,998,99.8,99.8,99.8,256.776079852019,7,4
14009,32,67,1-32-2019-067-02,2,1,KNAFE1218754,17,63,33,2007,4,1,2,0,1,R,1,1225,5,0,1,1,14,2,72,1,0,1,0,2,0,0,75041,1,1,2,1,4,4,1,1,1,1,1,0,0,0,1,1,1,2,9,0,11,2,15,1,1,1,4,J,68,0,0,0,0,0,0,0,0,0,0,135,20,0,0,0,1,3,19,-10,-16,26299,998,-47,21,0,4,2,6,0,3,0,995,9.8,998,998,998,99.8,99.8,99.8,108.738456544939,7,4
14009,32,67,1-32-2019-067-02,2,2,JN1AZ4EH7GM9,17,35,48,2016,2,1,2,0,1,F,1,1516,5,9999,9,4,17,2,72,1,0,0,995,0,0,0,75081,1,1,2,1,4,1,1,1,1,1,0,3,0,0,1,1,1,2,9,0,1,4,62,4,1,1,4,J,69,0,0,0,0,0,0,0,0,0,0,20,135,0,0,0,1,3,16,-16,0,11070,998,0,13,0,4,9,97,0,8,0,995,9.8,998,998,998,99.8,99.8,99.8,108.738456544939,7,4
14010,10,30,1-10-2019-030-06,6,1,1FMPU16586LA,17,12,422,2006,15,3,15,0,1,L,1,2524,5,0,2,0,998,2,64,1,0,0,995,0,0,0,45402,2,2,3,4,2,1,1,1,1,1,0,0,0,0,1,1,0,0,2,0,11,2,15,9,1,1,4,K,82,0,0,0,0,0,0,0,0,0,0,180,275,0,0,0,1,3,16,-3,16,39827,998,-25,20,0,4,0,0,0,0,0,995,9.8,998,998,998,99.8,99.8,99.8,177.276290922389,4,4
14010,10,30,1-10-2019-030-06,6,2,3GNAL3EK6ES6,17,20,405,2014,14,3,14,0,1,F,1,1706,5,0,1,1,6,2,64,1,0,0,995,0,0,0,45414,2,2,3,1,3,2,2,1,1,1,3,1,0,0,1,1,0,0,1,0,1,4,72,2,1,1,4,K,83,0,0,0,0,0,0,0,0,0,0,275,180,0,0,0,1,3,22,-22,0,21607,998,0,17,0,4,0,0,0,4,0,995,9.8,998,998,998,99.8,99.8,99.8,177.276290922389,4,4
14011,10,31,1-10-2019-031-03,3,1,5TDKK3DC7BS1,17,49,442,2011,20,4,20,0,1,F,1,1990,5,0,1,1,5,2,105,1,0,0,995,0,0,0,45342,1,2,1,2,3,3,2,1,1,1,3,2,0,3,1,1,0,0,1,0,1,3,50,2,1,1,2,D,20,0,0,0,0,0,0,0,0,0,0,180,180,0,0,0,1,3,15,-15,0,22564,998,0,17,0,4,0,0,0,0,0,995,9.8,998,998,998,99.8,99.8,99.8,143.504192741112,4,4
14011,10,31,1-10-2019-031-03,3,2,KL7CJRSB5FB1,17,20,406,2015,14,3,14,0,1,B,1,1476,5,0,2,0,998,2,105,1,0,0,995,0,0,0,45417,2,2,1,2,3,3,2,1,1,1,3,2,0,3,1,1,0,0,1,0,5,3,53,1,1,1,2,D,21,0,0,0,0,0,0,0,0,0,0,180,180,0,0,0,1,3,19,19,0,17723,998,0,17,0,4,1,1,0,4,0,995,9.8,998,998,998,99.8,99.8,99.8,143.504192741112,4,4
14012,14,32,1-14-2019-032-02,2,1,1FTEW1C80GKD,17,12,481,2016,34,5,31,0,1,F,9,2028,4,0,1,3,18,2,113,1,0,0,995,0,0,0,78653,1,1,1,2,4,1,2,1,1,1,1,3,2,3,1,1,0,0,1,0,1,3,50,3,1,1,2,D,20,0,0,0,0,0,0,0,0,0,0,0,10,1,0,0,1,5,999,999,999,9999999,999,999,999,9,0,1,1,0,4,0,995,9.8,998,998,998,99.8,99.8,99.8,270.554512504629,8,4
14012,14,32,1-14-2019-032-02,2,2,2GCVKPEC8K11,17,20,481,2019,34,5,31,0,1,T,2,2372,5,0,1,1,9,2,113,1,0,0,995,0,0,0,70006,1,1,1,2,4,2,2,1,1,1,3,3,0,3,1,1,0,0,1,0,1,4,61,2,1,1,6,M,98,1,1,2,5,7,1,3,2,1,2,997,997,0,0,0,6,6,999,999,999,9999999,999,999,999,7,0,1,2,0,4,1,997,9.8,998,998,998,99.8,99.8,99.8,270.554512504629,8,4
14012,14,32,1-14-2019-032-02,2,3,5TFEY5F14FX1,17,49,482,2015,34,5,31,0,1,L,1,2420,4,91,2,1,10,2,113,1,0,0,995,0,0,0,78006,1,2,1,2,4,2,2,1,1,9,3,3,0,3,1,1,0,0,1,0,1,4,60,1,1,1,6,M,98,0,0,0,0,0,0,0,0,0,0,10,130,0,0,0,4,1,15,-5,14,51145,998,-150,17,0,4,0,0,0,0,0,995,9.8,998,998,998,99.8,99.8,99.8,270.554512504629,8,4
14012,14,32,1-14-2019-032-02,2,4,WVGAV7AXXFW5,17,30,402,2015,14,3,14,0,1,B,9,1539,5,9999,9,0,998,5,113,1,0,0,995,0,0,0,76549,9,9,1,2,4,1,2,1,1,1,1,3,2,3,1,1,0,0,9,0,5,3,53,99,1,1,2,D,21,0,0,0,0,0,0,0,0,0,0,10,0,0,0,0,1,0,999,999,999,9999999,999,999,999,9,0,95,95,95,95,0,995,9.8,998,998,998,99.8,99.8,99.8,270.554512504629,8,4
14012,14,32,1-14-2019-032-02,2,5,1VWAT7A35FC0,17,30,46,2015,4,1,4,0,1,B,1,1439,5,0,2,4,12,5,113,1,0,0,995,0,0,0,77840,9,9,1,2,4,1,2,1,1,1,1,3,2,3,1,1,0,0,1,0,1,3,53,1,1,1,6,M,98,0,0,0,0,0,0,0,0,0,0,10,10,0,0,0,2,12,999,999,999,9999999,999,999,999,6,0,95,95,95,95,0,995,9.8,998,998,998,99.8,99.8,99.8,270.554512504629,8,4
14013,14,33,1-14-2019-033-02,2,1,WDDSJ4EB8EN0,17,42,54,2014,4,1,3,0,1,F,1,1480,5,0,1,1,10,2,80,1,0,0,995,0,0,0,78248,9,1,2,4,2,1,2,1,1,1,0,2,0,0,1,1,1,2,2,0,1,2,17,1,1,1,5,L,86,0,0,0,0,0,0,0,0,0,0,305,35,0,0,0,1,1,17,-16,6,9163,998,18,12,0,1,0,0,0,0,0,995,9.8,998,998,998,99.8,99.8,99.8,270.554512504629,8,4
14013,14,33,1-14-2019-033-02,2,2,JA4AP3AW9GZ0,17,52,47,2016,5,1,3,0,1,F,2,1475,5,0,2,5,9,2,80,1,0,1,0,2,0,0,78130,1,1,2,3,2,1,2,1,1,4,1,3,0,0,1,1,1,2,1,0,1,4,66,2,1,1,5,L,87,0,0,0,0,0,0,0,0,0,0,998,998,0,0,1,3,1,27,-27,0,52231,998,60,27,0,4,2,9,0,3,0,998,1.1,25,25,13,0.0,0.0,0.0,270.554512504629,8,4
14015,16,38,1-16-2019-038-05,5,1,5J6RM4H7XCL0,17,37,402,2012,14,3,14,0,1,F,3,1583,5,0,1,1,7,2,56,1,0,0,995,0,0,0,45150,1,2,0,4,4,1,2,1,1,1,1,3,0,0,3,1,0,0,1,1,1,2,13,99,1,4,1,A,1,0,0,0,0,0,0,0,0,0,0,998,998,0,0,1,2,1,96,-96,0,595938,998,15,95,0,1,1,1,0,8,0,998,0.0,75,14,12,0.0,0.0,0.0,48.161815130547,5,4
14016,27,34,1-27-2019-034-04,4,1,5NPE24AF1HH4,17,55,33,2017,4,1,4,0,1,F,1,1475,5,0,1,1,11,2,48,1,8,9,998,8,7,9,01238,1,2,2,4,3,2,2,2,1,1,1,2,0,0,3,2,1,2,1,0,1,2,17,2,1,1,5,L,86,0,0,0,0,0,0,0,0,0,0,290,15,0,0,0,1,5,999,999,999,9999999,999,999,16,2,0,1,1,0,6,0,995,9.8,998,998,998,99.8,99.8,99.8,541.283392361518,3,4
14016,27,34,1-27-2019-034-04,4,2,1HTMKAAN65H1,17,84,881,2005,63,8,60,0,1,R,9,,,,,,,5,48,1,9,9,998,8,9,9,01201,9,9,2,4,3,1,2,2,1,1,1,1,0,0,3,2,1,2,1,0,1,4,66,99,1,1,5,L,87,,,,,,,,,,,,,,,,,,,,,,,,,,,95,95,95,95,,,9.8,998,998,998,99.8,99.8,99.8,541.283392361518,3,4
14017,66,37,1-66-2019-037-03,3,1,3FADP4BJ2GM1,17,12,32,2016,4,1,1,0,1,R,1,1169,5,0,1,1,17,2,113,1,0,0,995,0,7,0,65804,4,2,0,2,2,2,2,1,1,1,1,3,2,3,1,1,0,0,1,1,1,2,13,3,4,4,1,A,3,0,0,0,0,0,0,0,0,0,0,998,998,0,0,0,1,8,999,999,999,9999999,999,999,999,6,0,1,1,0,0,0,998,0.7,30,20,30,0.0,0.0,0.0,117.089255410997,6,4
14018,12,36,1-12-2019-036-07,7,1,KMHGC4DD8DU2,17,55,41,2013,4,1,5,0,1,R,1,1768,5,0,1,1,15,2,113,1,0,0,995,0,0,0,75022,1,2,0,2,2,2,2,2,1,1,3,2,1,3,1,2,0,0,1,1,1,1,6,1,4,4,1,B,7,0,0,0,0,0,0,0,0,0,0,998,998,0,0,0,2,10,999,999,999,9999999,999,13,12,2,0,0,0,0,0,0,998,1.6,999,999,999,15.9,7.2,17.5,2711.54400456463,9,4
14019,12,37,1-12-2019-037-06,6,1,3N1BC1CP4CK2,17,35,50,2012,4,1,2,0,1,F,1,1235,5,0,1,1,26,2,113,1,0,0,995,0,0,0,73072,7,1,0,2,2,2,2,1,1,1,3,2,1,3,1,8,0,0,9,0,1,6,90,1,1,1,1,C,12,0,0,0,0,0,0,0,0,0,0,998,998,0,0,0,1,10,999,999,999,9999999,999,0,12,2,0,0,0,0,0,0,998,9.8,998,998,998,99.8,99.8,99.8,783.613240193938,9,4
14020,20,30,1-20-2019-030-02,2,1,2C3CDXAT1GH1,17,7,24,2016,4,1,5,5,1,F,1,1934,5,9999,9,1,13,2,89,1,0,0,995,0,0,0,93906,9,9,2,4,3,1,2,1,1,9,1,1,0,0,2,8,0,0,1,0,1,3,51,3,9,1,2,D,24,0,0,0,0,0,0,0,0,0,0,60,70,0,1,0,1,5,999,999,999,9999999,999,999,24,2,0,2,4,0,99,0,995,1.2,35,17,17,0.0,0.0,0.0,119.453719310733,11,4
14020,20,30,1-20-2019-030-02,2,2,4T1BF22K9VU0,17,49,40,1997,4,1,3,0,1,B,9,1430,5,9999,9,0,998,2,40,1,0,0,995,0,0,0,92780,9,1,2,4,4,1,2,1,1,9,1,1,0,0,2,8,0,0,9,0,3,3,53,99,1,1,2,D,25,0,0,0,0,0,0,0,0,0,0,70,60,0,1,0,1,0,999,999,999,9999999,999,999,999,9,0,1,1,0,0,0,995,1.3,120,20,80,2.0,2.5,3.4,119.453719310733,11,4
14021,26,67,1-26-2019-067-02,2,1,WDBNG70J36A4,17,42,43,2006,4,1,5,0,1,F,9,1990,5,0,2,0,998,2,56,1,1,1,184,2,0,9,95843,1,2,0,5,5,1,2,1,3,1,1,3,0,0,3,8,0,0,1,1,14,3,51,3,1,2,2,D,24,0,0,0,0,0,0,0,0,0,0,160,160,0,1,0,1,0,999,999,999,9999999,999,999,999,9,0,1,1,0,4,0,995,5.2,120,12,70,5.1,1.9,5.5,18.3856648152252,10,4
14021,26,67,1-26-2019-067-02,2,2,1VWDT7A33HC0,17,30,52,2017,4,1,4,0,1,B,3,1439,5,0,1,1,19,2,56,1,0,0,995,0,0,0,95825,1,2,0,5,5,1,2,1,3,1,1,3,0,0,3,8,0,0,1,0,3,3,53,1,1,1,2,D,25,0,0,0,0,0,0,0,0,0,0,160,160,0,1,0,1,12,999,999,999,9999999,999,999,999,8,0,2,5,0,4,0,995,9.8,998,998,998,99.8,99.8,99.8,18.3856648152252,10,4
14022,26,68,1-26-2019-068-09,9,1,999999999999,99,42,44,2001,1,1,1,99,1,F,9,1870,5,9999,9,0,998,2,56,1,0,0,995,0,0,0,95628,1,9,3,4,2,1,2,1,1,4,1,2,0,0,2,1,0,0,1,0,1,3,50,3,1,1,2,D,32,0,0,0,0,0,0,0,0,0,0,70,260,0,1,0,2,0,999,999,999,9999999,999,999,999,9,0,0,0,0,0,0,995,9.8,998,998,998,99.8,99.8,99.8,1292.04851953855,10,4
14022,26,68,1-26-2019-068-09,9,2,1FM5K8AR6JGA,17,12,401,2018,14,3,14,5,1,B,9,2146,5,9999,9,0,998,5,56,0,7,7,887,6,8,8,99998,9,9,0,4,2,1,2,1,1,4,1,2,0,0,2,1,0,0,0,8,0,3,53,0,0,0,2,D,32,0,0,0,0,0,0,0,0,0,0,75,70,0,1,0,1,0,999,999,999,9999999,999,999,999,9,0,95,95,95,95,0,995,9.8,998,998,998,99.8,99.8,99.8,1292.04851953855,10,4
14022,26,68,1-26-2019-068-09,9,3,2HKYF18663H5,17,37,421,2003,15,3,15,0,1,L,2,2007,5,0,1,1,20,2,56,1,0,0,995,0,0,0,95678,2,2,0,4,2,1,2,1,1,2,1,2,0,0,2,1,0,0,1,0,1,4,62,98,1,1,6,M,98,0,0,0,0,0,0,0,0,0,0,260,70,0,1,0,2,8,999,999,999,9999999,999,999,999,7,0,1,1,0,5,0,995,9.8,998,998,998,99.8,99.8,99.8,1292.04851953855,10,4
14024,29,63,1-29-2019-063-04,4,1,JA4AZ3A36KJ0,17,52,404,2019,14,3,14,0,1,B,1,1610,5,0,1,1,6,2,0,1,8,0,995,0,7,0,98258,1,2,2,3,1,1,2,1,2,1,1,2,0,0,1,1,3,2,1,0,5,3,53,1,1,1,2,D,21,0,0,0,0,0,0,0,0,0,0,75,75,0,0,0,1,3,15,15,0,13879,998,0,14,0,1,1,1,0,0,0,995,9.8,998,998,998,99.8,99.8,99.8,474.537926944022,2,4
14024,29,63,1-29-2019-063-04,4,2,1FMZU73E05UB,17,12,401,2005,14,3,14,0,1,F,1,1984,5,0,1,1,6,2,0,1,8,0,995,0,7,0,02840,9,9,2,3,1,1,2,1,2,1,1,2,0,0,1,1,3,2,9,0,14,3,50,99,1,1,2,D,20,0,0,0,0,0,0,0,0,0,0,75,75,0,0,0,1,3,13,-13,0,16106,998,60,13,0,1,0,0,0,0,0,995,9.8,998,998,998,99.8,99.8,99.8,474.537926944022,2,4
14025,29,64,1-29-2019-064-06,6,1,2HGFB2F50EH5,17,37,31,2014,4,1,3,0,1,R,1,1284,5,0,1,1,6,2,40,1,8,9,998,8,7,9,02719,9,9,2,4,2,1,2,1,1,1,0,0,0,0,1,1,2,2,9,0,1,2,17,99,1,1,5,L,87,0,0,0,0,0,0,0,0,0,0,185,110,0,0,0,1,3,11,0,-11,7996,998,-16,12,0,4,99,99,0,99,0,995,9.8,998,998,998,99.8,99.8,99.8,221.835133550024,2,4
14025,29,64,1-29-2019-064-06,6,2,1FMZU72K53ZB,17,12,401,2003,14,3,14,99,1,F,1,1970,5,9999,9,0,998,5,40,1,8,9,998,8,7,9,02747,9,9,2,4,2,1,2,1,1,1,0,0,0,0,1,1,0,0,9,0,1,4,66,99,1,1,5,L,86,0,0,0,0,0,0,0,0,0,0,110,185,0,0,0,1,3,8,-7,1,3023,998,38,6,0,4,95,95,95,95,0,995,9.8,998,998,998,99.8,99.8,99.8,221.835133550024,2,4
14026,29,65,1-29-2019-065-07,7,1,JH4CU2F85CC0,17,54,39,2012,4,1,3,0,1,F,1,1545,5,0,1,1,3,2,48,1,0,0,995,0,0,0,02740,9,9,0,4,2,1,2,1,1,1,0,2,0,0,3,1,0,0,3,1,1,2,11,2,1,4,1,C,11,0,0,0,0,0,0,0,0,0,0,175,180,0,0,0,1,3,19,-18,-3,22908,998,5,18,0,4,99,99,0,0,0,995,9.8,998,998,998,99.8,99.8,99.8,762.731594831046,2,4
14026,29,65,1-29-2019-065-07,7,2,1FAHP3F20CL3,17,12,37,2012,4,1,3,0,2,B,2,1340,5,9999,9,5,3,,,,,,,,,,,,,,,,,,,,,,,,,,,,,,,,,,,,,,,,,,,,,,,,,,,,,,,,,,,,,,,,,,95,95,95,95,,,,,,,,,,762.731594831046,2,4
14027,17,64,1-17-2019-064-02,2,1,2GNALCEK9H15,17,20,404,2017,14,3,14,0,1,L,2,1706,5,0,1,1,5,2,72,1,9,0,995,0,9,0,61284,1,2,2,4,2,1,2,1,1,2,0,0,0,0,1,1,2,2,2,0,11,2,15,4,1,1,4,K,82,0,0,0,0,0,0,0,0,0,0,240,350,0,0,0,1,1,25,-12,21,44455,998,-57,23,0,1,1,2,0,4,0,995,9.8,998,998,998,99.8,99.8,99.8,57.5680443688784,4,4
14027,17,64,1-17-2019-064-02,2,2,1B7GG32N32S5,17,7,472,2002,34,5,30,0,1,F,1,1755,5,250,4,1,5,2,72,1,9,0,995,0,9,0,61284,1,2,2,4,2,1,2,1,3,1,1,2,0,0,1,1,2,2,1,0,14,4,67,3,1,1,4,K,83,0,0,0,0,0,0,0,0,0,0,350,240,0,0,0,1,1,22,-22,-4,49046,998,-50,24,0,1,1,2,0,4,0,995,9.8,998,998,998,99.8,99.8,99.8,57.5680443688784,4,4
14028,17,65,1-17-2019-065-03,3,1,LRBFXFSX5GD2,17,18,405,2016,14,3,14,0,1,F,1,1839,5,0,1,1,8,2,56,1,9,0,995,0,7,0,61244,1,2,0,3,2,1,1,1,1,9,1,3,0,0,1,1,0,0,1,0,1,3,52,2,1,1,2,D,28,0,0,0,0,0,0,0,0,0,0,350,350,0,0,0,1,1,15,-15,0,22204,998,0,17,0,4,1,1,0,0,0,995,9.8,998,998,998,99.8,99.8,99.8,189.434697302396,4,4