CASEID,PSU,CASENO,CASENUMBER,CATEGORY,VEHNO,VIN,VINLENGTH,MAKE,MODEL,MODELYR,BODYTYPE,BODYCAT,VEHCLASS,SPECUSE,TRANSTAT,DAMPLANE,DAMSEV,CURBWT,CURBSRC,CARGOWT,CARGOSRC,INSPTYPE,INSPLAG,TOWED,SPEEDLIMIT,DRPRESENT,PARALCOHOL,ALCTEST,ALCTESTRESULT,ALCTESTSRC,PARDRUG,DRUGTEST,ZIP,RACE,ETHNICITY,RELTOJUNCT,TRAFFLOW,RDLANES,INITLANE,SURFTYPE,SURFCOND,ALIGNMENT,PROFILE,LINERIGHT,LINELEFT,RUMBINIT,RUMBROAD,LIGHTCOND,WEATHER,TRAFDEV,TRAFFUNCT,DISTRACT,PREFHE,PREMOVE,CRITCAT,CRITEVENT,MANEUVER,PRESTAB,PRELOC,CRASHCAT,CRASHCONF,CRASHTYPE,ROLLTYPE,ROLLTURN,ROLLINTRPT,ROLLPREMAN,ROLLINITYP,ROLLINLOC,ROLLOBJ,ROLLTRIP,ROLLDIR,ROLLDIST,DVANGTHIS,DVANGOTH,TOWHITCH,TRAJDOC,TREEPOLE,DVEVENT,DVBASIS,DVTOTAL,DVLONG,DVLAT,DVENERGY,DVSPEED,DVMOMENT,DVBES,DVEST,DVCONF,VAIS,VISS,VINJURED,VTREAT,INITOBJCLASS,HEADANGLECAT,SHLDRWIDTH,STRKLENGTH,STRKWIDTH,STRKHEIGHT,EDGEDISTX,EDGEDISTY,EDGEDISTZ,CASEWGT,PSUSTRAT,VERSION
14062,16,40,1-16-2019-040-04,4,1,KNDJP3A50J78,17,63,37,2018,6,1,2,0,1,F,1,1435,8,0,1,1,8,2,64,1,0,0,995,0,0,0,45052,1,2,0,4,3,2,2,1,1,1,1,2,0,0,2,1,0,0,1,0,1,6,87,1,1,1,1,C,13,0,0,0,0,0,0,0,0,0,0,998,998,0,0,0,1,10,999,999,999,9999999,999,-15,12,2,0,0,0,0,0,0,998,9.8,998,998,998,99.8,99.8,99.8,685.937824526786,5,4
14063,76,24,1-76-2019-024-05,5,1,KMHCT4AE8CU2,17,55,36,2012,4,1,2,0,1,F,2,1155,5,0,1,1,28,2,89,1,1,1,169,2,7,1,12439,1,2,0,4,2,1,2,1,3,1,0,0,0,0,2,1,0,0,9,1,14,2,13,98,1,4,1,A,1,0,0,0,0,0,0,0,0,0,0,998,998,0,0,1,1,98,999,999,999,9999999,999,999,999,7,0,1,1,0,4,0,998,0.0,60,60,90,12.4,9.0,15.1,33.6747941152481,3,4
14064,76,25,1-76-2019-025-05,5,1,KNAFU6A27C55,17,63,38,2012,2,1,3,0,1,T,2,1270,5,0,1,1,16,2,64,1,8,1,0,2,7,0,12143,1,2,0,4,2,1,2,1,2,1,0,0,0,0,1,1,0,0,9,1,14,4,62,7,1,4,1,B,8,1,2,2,2,6,4,42,3,2,7,997,997,0,0,0,4,6,999,999,999,9999999,999,999,999,7,0,1,1,0,6,3,997,0.0,8,8,999,5.1,1.5,5.3,33.6747941152481,3,4
14065,32,68,1-32-2019-068-03,3,1,WVGAV7AX0FW5,17,30,402,2015,14,3,14,0,1,R,1,1539,5,0,1,1,25,2,56,1,0,0,995,0,0,0,75236,2,9,2,4,2,1,1,1,1,1,0,0,0,0,3,1,2,2,9,0,1,2,17,99,1,1,5,L,87,0,0,0,0,0,0,0,0,0,0,340,250,0,0,0,1,3,9,-2,-9,7671,998,79,9,0,4,0,0,0,0,0,995,9.8,998,998,998,99.8,99.8,99.8,808.825566752703,7,4
14065,32,68,1-32-2019-068-03,3,2,JTMZFREV9JJ7,17,49,402,2018,14,3,14,0,1,F,1,1555,5,0,1,1,24,2,56,1,0,0,995,0,0,0,75042,3,2,2,1,4,2,1,1,1,1,3,3,0,0,3,1,0,0,1,0,1,4,66,4,1,1,5,L,86,0,0,0,0,0,0,0,0,0,0,250,340,0,0,0,1,3,8,-8,1,3734,998,38,7,0,4,1,1,0,5,0,995,9.8,998,998,998,99.8,99.8,99.8,808.825566752703,7,4
14066,32,69,1-32-2019-069-03,3,1,1FTEW1EF3HFA,17,12,481,2017,34,5,31,0,1,9,9,2130,5,0,1,6,60,2,40,1,9,0,995,0,0,0,75206,9,9,0,4,2,1,1,1,3,2,0,0,0,0,3,8,0,0,9,1,13,2,13,99,1,4,6,M,92,0,0,0,0,0,0,0,0,0,0,999,999,0,0,0,1,12,999,999,999,9999999,999,999,999,9,0,99,99,0,99,0,995,9.8,998,998,998,99.8,99.8,99.8,808.825566752703,7,4
14066,32,69,1-32-2019-069-03,3,2,1G1JC12F5471,17,20,16,2004,4,1,2,0,2,9,9,1188,5,9999,9,0,998,,,,,,,,,,,,,,,,,,,,,,,,,,,,,,,,,,,,,,,,,,,,,,,,,,,,,,,,,,,,,,,,,,95,95,95,95,,,,,,,,,,808.825566752703,7,4
14066,32,69,1-32-2019-069-03,3,3,5FNRL18924B0,17,37,441,2004,20,4,20,0,2,9,9,1980,5,9999,9,0,998,,,,,,,,,,,,,,,,,,,,,,,,,,,,,,,,,,,,,,,,,,,,,,,,,,,,,,,,,,,,,,,,,,95,95,95,95,,,,,,,,,,808.825566752703,7,4
14066,32,69,1-32-2019-069-03,3,4,1FTPW04536KC,17,12,481,2006,34,5,31,0,2,9,9,2558,5,9999,9,0,998,,,,,,,,,,,,,,,,,,,,,,,,,,,,,,,,,,,,,,,,,,,,,,,,,,,,,,,,,,,,,,,,,,95,95,95,95,,,,,,,,,,808.825566752703,7,4
14067,32,70,1-32-2019-070-03,3,1,2G1FF1E39F91,17,20,9,2015,2,1,4,0,1,R,2,1687,5,0,1,1,9,2,56,1,0,0,995,0,0,0,75220,1,1,2,4,2,1,2,1,1,2,0,0,0,0,2,1,2,2,2,0,1,2,17,1,1,1,5,L,87,0,0,0,0,0,0,0,0,0,0,10,280,0,0,0,1,12,999,999,999,9999999,999,999,33,3,0,2,5,0,4,0,995,9.8,998,998,998,99.8,99.8,99.8,808.825566752703,7,4
14067,32,70,1-32-2019-070-03,3,2,1GCEC14X48Z1,17,20,481,2008,34,5,31,0,1,F,9,9999,9,9999,9,0,998,2,56,1,0,0,995,0,0,0,75232,1,1,2,1,4,2,2,1,1,2,3,3,0,0,2,1,0,0,9,0,1,4,66,99,1,1,5,L,86,0,0,0,0,0,0,0,0,0,0,280,10,0,0,0,1,0,999,999,999,9999999,999,999,999,9,0,0,0,0,0,0,995,9.8,998,998,998,99.8,99.8,99.8,808.825566752703,7,4
14067,32,70,1-32-2019-070-03,3,3,1FAHP34N67W3,17,12,37,2007,4,1,2,0,1,F,1,1196,5,0,1,1,10,2,56,1,0,0,995,0,0,0,75115,1,2,2,1,4,1,2,1,1,2,0,3,0,0,2,1,0,0,1,1,1,4,62,7,1,2,6,M,98,0,0,0,0,0,0,0,0,0,0,270,90,0,0,0,2,12,999,999,999,9999999,999,999,999,6,0,0,0,0,0,0,995,9.8,998,998,998,99.8,99.8,99.8,808.825566752703,7,4
14068,52,26,1-52-2019-026-06,6,1,2C3CDXJG7GH1,17,7,24,2016,4,1,5,0,1,F,1,1886,5,0,1,2,3,5,40,1,0,0,995,0,0,0,59105,9,9,2,4,5,2,2,1,1,1,1,1,0,0,1,1,1,2,3,0,1,2,17,3,1,1,5,L,88,0,0,0,0,0,0,0,0,0,0,135,55,0,0,0,1,3,8,-6,-5,3788,998,-92,6,0,4,95,95,95,95,0,995,9.8,998,998,998,99.8,99.8,99.8,220.423368779891,12,4
14068,52,26,1-52-2019-026-06,6,2,1C6RD7FPXCS1,17,7,482,2012,34,5,31,0,1,L,1,2385,5,0,1,1,3,2,40,1,0,0,995,0,0,0,59101,1,2,2,3,3,2,2,1,1,1,1,1,0,0,1,1,1,2,1,0,1,4,66,4,1,1,5,L,89,0,0,0,0,0,0,0,0,0,0,55,135,0,0,0,1,3,6,-3,6,10022,998,139,8,0,4,1,3,0,4,0,995,9.8,998,998,998,99.8,99.8,99.8,220.423368779891,12,4
14069,12,38,1-12-2019-038-09,9,1,1FTRF17L82NA,17,12,481,2002,34,5,30,0,1,F,1,1961,5,0,1,1,7,2,113,1,0,0,995,0,0,0,73401,1,2,1,1,2,1,2,2,1,1,1,3,2,3,1,2,0,0,1,1,1,4,74,3,3,4,1,A,3,0,0,0,0,0,0,0,0,0,0,998,998,0,0,0,1,10,999,999,999,9999999,999,999,20,2,0,1,2,0,4,0,998,1.8,120,999,999,1.5,1.2,1.5,7180.7228281814,9,4
14070,28,31,1-28-2019-031-07,7,1,19XFB2F57DE2,17,37,31,2013,4,1,3,0,1,F,1,1236,5,0,1,1,14,2,113,1,0,0,995,0,0,0,17721,1,2,0,1,2,1,2,1,1,1,1,3,2,3,3,1,0,0,1,0,1,6,87,1,1,1,1,C,13,0,0,0,0,0,0,0,0,0,0,998,998,0,0,0,1,10,999,999,999,9999999,999,-36,16,2,0,0,0,0,0,0,998,9.8,998,998,998,99.8,99.8,99.8,370.729475226708,3,4
14071,28,32,1-28-2019-032-07,7,1,1FAHP2EW5CG1,17,12,17,2012,4,1,4,0,1,F,1,1822,5,0,1,1,8,2,64,1,0,0,995,0,0,0,16946,1,2,0,4,2,1,2,1,1,1,0,2,1,0,1,1,0,0,1,0,1,6,87,2,1,1,1,C,13,0,0,0,0,0,0,0,0,0,0,998,998,0,0,0,1,10,999,999,999,9999999,999,-50,12,2,0,0,0,0,0,0,998,9.8,998,998,998,99.8,99.8,99.8,370.729475226708,3,4
14072,25,41,1-25-2019-041-09,9,1,1J8HG48N26C2,17,2,406,2006,14,3,14,0,1,B,2,2170,5,200,2,5,11,2,97,1,8,0,995,0,7,0,04579,1,2,0,1,2,1,2,2,1,1,1,3,0,0,5,2,0,0,1,1,1,1,6,2,3,4,1,A,2,0,0,0,0,0,0,0,0,0,0,998,998,0,0,9,1,12,999,999,999,9999999,999,999,999,7,0,2,4,0,6,0,998,3.1,999,999,999,99.9,99.9,99.9,1528.7248025458,2,4
14073,25,42,1-25-2019-042-03,3,1,1FA6P8AM3F53,17,12,3,2015,2,1,3,0,1,F,2,1598,5,0,1,1,6,2,80,1,8,0,995,0,7,0,04092,1,2,3,4,2,1,2,1,1,1,1,2,1,0,1,1,0,0,1,1,6,2,12,3,1,4,1,B,8,0,0,0,0,0,0,0,0,0,0,998,998,0,1,6,3,12,999,999,999,9999999,999,999,999,7,0,1,1,0,0,0,998,2.0,60,60,55,17.8,7.4,20.1,411.240548539247,2,4
14075,27,36,1-27-2019-036-06,6,1,2HGFG12648H5,17,37,31,2008,2,1,3,0,1,F,3,1178,5,0,1,1,6,2,48,1,0,1,0,2,9,1,01201,1,2,2,4,3,2,2,2,1,2,1,2,0,0,1,2,1,2,2,0,1,2,17,1,1,1,5,L,86,0,0,0,0,0,0,0,0,0,0,205,295,0,0,0,1,1,44,-43,8,161541,998,30,56,0,4,2,12,0,3,0,995,9.8,998,998,998,99.8,99.8,99.8,52.0611106083057,3,4
14075,27,36,1-27-2019-036-06,6,2,WBA3B5C56EP5,17,34,34,2014,4,1,4,0,1,R,2,1630,5,0,1,1,6,2,48,1,0,1,0,2,0,1,01201,1,2,2,4,3,1,2,2,1,4,1,1,0,0,1,2,1,2,1,0,1,4,66,4,1,1,5,L,87,0,0,0,0,0,0,0,0,0,0,295,205,0,0,0,1,1,33,-6,-32,54717,998,119,22,0,4,3,14,1,3,0,995,0.7,34,34,77,2.3,0.4,2.4,52.0611106083057,3,4
14076,10,32,1-10-2019-032-03,3,1,1FDNF20L2YED,17,12,481,2000,39,5,39,0,1,R,1,2249,5,0,1,1,4,2,72,1,0,0,995,0,0,0,45406,2,2,2,4,2,1,2,2,1,2,1,2,0,0,1,2,2,2,1,0,1,2,17,9,1,1,5,L,87,1,1,2,5,7,1,2,2,2,2,175,60,0,0,0,1,1,19,-10,-17,71503,998,64,26,0,1,1,1,0,6,1,995,9.8,998,998,998,99.8,99.8,99.8,181.815245927984,4,4
14076,10,32,1-10-2019-032-03,3,2,19XFC2F55HE0,17,37,31,2017,4,1,3,0,1,F,2,1244,5,0,1,1,5,2,89,1,0,0,995,0,0,0,45505,1,2,2,4,2,1,2,2,1,1,1,2,0,0,1,2,0,0,1,0,1,4,66,4,1,1,5,L,86,0,0,0,0,0,0,0,0,0,0,60,175,0,0,0,1,1,30,-30,5,22295,998,33,19,0,1,1,2,0,4,0,995,9.8,998,998,998,99.8,99.8,99.8,181.815245927984,4,4
14079,31,35,1-31-2019-035-04,4,1,1N4AL3AP3FC1,17,35,47,2015,4,1,4,0,1,F,1,1416,5,0,1,1,11,2,89,1,0,0,995,0,0,0,62931,9,9,0,4,2,1,2,99,3,2,1,2,0,0,9,99,0,0,9,1,14,9,99,3,1,4,1,A,1,0,0,0,0,0,0,0,0,0,0,998,998,0,0,5,8,11,999,999,999,9999999,999,999,999,6,0,99,99,0,99,0,998,0.4,5,5,63,38.8,3.9,39.2,359.869968155361,6,4
14080,48,36,1-48-2019-036-09,9,1,1GTHK29U41Z3,17,23,481,2001,34,5,31,0,1,T,2,2579,5,9999,9,1,9,2,129,1,0,0,995,0,0,0,98272,1,2,0,1,2,1,1,1,1,1,1,3,2,3,1,1,0,0,3,1,1,2,13,1,1,4,1,A,1,1,4,2,4,1,1,61,1,1,24,997,997,0,0,0,2,6,999,999,999,9999999,999,999,999,7,0,2,5,0,5,3,997,2.8,10,8,60,13.5,1.2,13.6,491.267536651785,12,4
14081,19,33,1-19-2019-033-07,7,1,3GCPCSE09DG3,17,20,481,2013,34,5,31,0,1,F,1,2338,5,0,1,1,10,2,56,1,0,0,995,0,0,0,35956,1,2,0,4,2,1,2,1,1,1,0,2,0,0,2,1,0,0,1,0,1,6,87,7,1,1,1,C,13,0,0,0,0,0,0,0,0,0,0,998,998,0,0,0,1,10,999,999,999,9999999,999,-122,13,2,0,1,1,0,0,0,998,9.8,998,998,998,99.8,99.8,99.8,2063.3185784147,9,4
14083,26,72,1-26-2019-072-06,6,1,1HGCG16532A0,17,37,32,2002,4,1,3,0,1,L,2,1485,5,0,1,4,47,2,40,1,0,0,995,0,0,0,95758,2,2,2,4,2,1,2,1,1,1,0,0,0,0,1,1,2,2,1,0,11,2,15,1,1,1,4,K,82,0,0,0,0,0,0,0,0,0,0,250,0,0,0,0,1,3,25,-16,19,67859,998,-70,30,0,4,1,1,0,6,0,995,9.8,998,998,998,99.8,99.8,99.8,365.411453790519,10,4
14083,26,72,1-26-2019-072-06,6,2,2T1BU4EE5AC3,17,49,32,2010,4,1,2,0,1,F,2,1279,5,0,1,1,41,2,40,1,0,0,995,0,0,0,95817,1,1,2,4,3,1,2,1,1,1,0,1,0,0,1,1,0,0,1,0,1,4,67,1,1,1,4,K,83,0,0,0,0,0,0,0,0,0,0,0,250,0,0,0,1,3,27,-25,-9,29250,998,-70,20,0,4,1,1,0,6,0,995,9.8,998,998,998,99.8,99.8,99.8,365.411453790519,10,4
14084,26,73,1-26-2019-073-03,3,1,4S3BNAL67G30,17,48,34,2016,4,1,3,0,1,F,1,1543,5,9999,9,0,998,5,64,1,0,0,995,0,0,0,95626,9,9,0,1,3,3,2,1,1,1,3,0,0,0,1,1,0,0,3,0,1,3,52,99,1,1,2,D,28,0,0,0,0,0,0,0,0,0,0,70,70,0,0,0,1,3,22,-22,0,26245,998,0,21,0,4,95,95,95,95,0,995,9.8,998,998,998,99.8,99.8,99.8,274.325400419205,10,4
14084,26,73,1-26-2019-073-03,3,2,19XFC2F58GE2,17,37,31,2016,4,1,3,0,1,B,2,1244,5,0,1,1,34,2,64,1,0,0,995,0,0,0,95691,1,2,0,1,3,3,2,1,1,1,3,0,0,0,1,1,0,0,1,0,2,3,53,4,1,1,2,D,29,0,0,0,0,0,0,0,0,0,0,70,70,0,1,0,1,3,25,25,0,36535,998,-8,26,0,4,1,1,0,4,0,995,9.8,998,998,998,99.8,99.8,99.8,274.325400419205,10,4
14084,26,73,1-26-2019-073-03,3,3,1FMZK1YM6GKB,17,12,462,2016,21,4,21,0,1,B,1,2268,5,9999,9,0,998,5,64,1,0,0,995,0,0,0,95822,9,9,0,1,3,3,2,1,1,1,3,0,0,0,1,1,0,0,1,0,5,3,53,1,1,1,6,M,98,0,0,0,0,0,0,0,0,0,0,70,70,0,0,0,2,3,8,8,0,7136,998,0,9,0,4,95,95,95,95,0,995,9.8,998,998,998,99.8,99.8,99.8,274.325400419205,10,4
14085,29,66,1-29-2019-066-06,6,1,1N4AL2AP6CC1,17,35,47,2012,4,1,4,0,1,F,1,1437,5,0,1,1,37,2,89,1,8,9,998,8,7,9,02723,9,9,0,2,3,1,2,1,1,9,1,3,2,3,1,1,0,0,9,0,14,3,52,99,1,1,2,D,28,0,0,0,0,0,0,0,0,0,0,305,305,0,0,0,1,3,14,-14,0,9610,998,0,13,0,4,9,97,0,0,0,995,9.8,998,998,998,99.8,99.8,99.8,138.760547503361,2,4
14085,29,66,1-29-2019-066-06,6,2,1HGCP26828A1,17,37,32,2008,4,1,4,0,1,B,1,1523,5,9999,9,0,998,5,89,1,8,9,998,8,7,9,02721,9,9,0,2,3,1,2,1,1,9,1,3,2,3,1,1,0,0,9,0,2,3,53,99,1,1,2,D,29,0,0,0,0,0,0,0,0,0,0,305,305,0,0,0,1,3,14,14,0,13378,998,0,15,0,4,95,95,95,95,0,995,9.8,998,998,998,99.8,99.8,99.8,138.760547503361,2,4
14086,29,67,1-29-2019-067-06,6,1,1GNSKCE04ER2,17,20,422,2014,15,3,15,0,1,B,9,2640,5,9999,9,0,998,5,56,1,0,0,995,0,0,0,02842,9,9,0,4,4,2,2,1,1,1,3,2,0,0,1,1,0,0,9,0,2,3,53,99,1,1,2,D,29,0,0,0,0,0,0,0,0,0,0,225,225,0,0,0,1,0,999,999,999,9999999,999,999,999,9,0,95,95,95,95,0,995,9.8,998,998,998,99.8,99.8,99.8,138.760547504795,2,4
14086,29,67,1-29-2019-067-06,6,2,3VWDP7AJXDM3,17,30,40,2013,4,1,3,0,1,F,1,1398,5,0,1,1,17,2,56,1,0,0,995,0,0,0,02809,9,9,0,4,4,2,2,1,1,1,3,2,0,0,1,1,0,0,9,0,1,3,52,99,1,1,2,D,28,0,0,0,0,0,0,0,0,0,0,225,225,0,0,0,1,12,999,999,999,9999999,999,999,999,6,0,1,1,0,4,0,995,9.8,998,998,998,99.8,99.8,99.8,138.760547504795,2,4
14087,29,68,1-29-2019-068-09,9,1,2HGES15211H5,17,37,31,2001,4,1,2,0,1,F,1,1095,5,0,1,1,2,2,48,1,8,9,998,8,7,9,02746,9,9,2,3,1,1,2,1,1,4,0,0,0,0,1,1,2,2,9,1,11,2,11,99,1,4,1,C,11,0,0,0,0,0,0,0,0,0,0,105,95,0,0,0,1,12,999,999,999,9999999,999,999,999,6,0,99,99,0,0,0,995,9.8,998,998,998,99.8,99.8,99.8,432.299800743445,2,4
14087,29,68,1-29-2019-068-09,9,2,2HJYK16276H5,17,37,471,2006,34,5,30,0,2,B,1,2043,5,9999,9,5,2,,,,,,,,,,,,,,,,,,,,,,,,,,,,,,,,,,,,,,,,,,,,,,,,,,,,,,,,,,,,,,,,,,95,95,95,95,,,,,,,,,,432.299800743445,2,4
14088,17,68,1-17-2019-068-03,3,1,1FT7W2B62FEB,17,12,481,2015,34,5,31,0,1,F,2,3097,4,91,1,1,14,2,89,1,9,1,337,2,7,1,61254,9,9,0,4,2,1,2,1,2,1,1,2,0,0,2,1,5,2,9,1,14,2,12,99,9,4,1,B,6,0,0,0,0,0,0,0,0,0,0,998,998,0,0,7,1,10,999,999,999,9999999,999,10,30,3,0,1,1,0,4,0,998,1.3,999,999,999,32.7,9.5,34.1,252.464632020429,4,4
14089,17,69,1-17-2019-069-07,7,1,1FADP3F20EL4,17,12,37,2014,4,1,3,0,1,F,1,1340,5,0,1,1,4,2,113,1,9,0,995,0,9,0,52246,1,2,0,1,4,1,2,2,2,1,2,3,2,3,1,2,0,0,1,1,14,1,6,98,3,4,1,B,7,0,0,0,0,0,0,0,0,0,0,998,998,0,0,0,1,1,13,-13,2,11421,998,35,13,0,1,0,0,0,0,0,998,9.9,999,999,999,99.9,99.9,99.0,1022.34999928131,4,4
14090,17,70,1-17-2019-070-07,7,1,1G3HN52K0V48,17,21,2,1997,4,1,4,0,1,L,2,1567,5,0,1,5,8,2,48,1,9,0,995,0,7,0,61201,9,9,2,4,2,1,1,1,1,1,0,0,0,0,1,1,2,2,9,0,1,2,17,99,1,1,5,L,89,0,0,0,0,0,0,0,0,0,0,270,0,0,0,0,1,3,25,-12,21,70807,998,-64,32,0,4,0,0,0,0,0,995,9.8,998,998,998,99.8,99.8,99.8,1022.34999885772,4,4
14090,17,70,1-17-2019-070-07,7,2,1C3BC2FG1BN5,17,6,18,2011,4,1,3,0,1,F,1,1537,5,0,1,1,7,2,48,1,9,0,995,0,7,0,61264,1,2,2,4,4,2,2,1,1,1,3,2,0,0,1,1,0,0,1,0,1,4,66,3,1,1,5,L,88,0,0,0,0,0,0,0,0,0,0,0,270,0,0,0,1,3,24,-21,-12,28630,998,-111,17,0,4,1,1,0,6,0,995,9.8,998,998,998,99.8,99.8,99.8,1022.34999885772,4,4
14091,33,60,1-33-2019-060-01,1,1,2G1WF52E1591,17,20,2,2005,4,1,4,0,1,U,9,1572,5,0,2,0,998,2,89,1,0,1,0,2,0,0,95968,1,2,0,4,2,1,2,1,3,1,0,2,0,0,1,1,0,0,9,1,14,2,13,99,1,4,1,A,1,1,4,1,2,1,4,61,1,2,21,997,997,0,0,0,99,0,999,999,999,9999999,999,999,999,9,0,5,35,1,1,3,997,0.0,10,1,120,7.4,1.0,7.4,36.3534788952983,12,4
14092,33,61,1-33-2019-061-01,1,1,4T1BE32K05U5,17,49,40,2005,4,1,3,0,1,F,2,1455,5,0,1,1,11,2,89,1,0,1,0,3,0,1,95919,1,2,0,4,2,1,2,1,3,4,1,2,0,0,2,1,0,0,9,1,14,2,13,99,1,4,1,A,1,0,0,0,0,0,0,0,0,0,0,998,998,0,0,0,1,1,31,-31,0,58658,998,-2,31,0,1,0,0,0,2,0,998,1.2,75,50,80,14.1,1.5,14.1,36.3534788952983,12,4
14093,15,44,1-15-2019-044-05,5,1,JN1AJ0HR7BM8,17,58,40,2011,6,1,4,0,1,F,2,1776,5,0,2,4,37,2,48,1,8,0,995,0,7,0,11791,1,2,2,1,2,1,2,1,1,1,1,3,0,0,1,8,1,2,3,1,1,2,13,1,1,4,1,A,1,0,0,0,0,0,0,0,0,0,0,998,998,0,0,1,1,12,999,999,999,9999999,999,999,999,7,0,1,2,0,4,0,998,0.3,999,999,999,9.8,1.8,9.9,112.730842091693,1,4
14094,18,32,1-18-2019-032-04,4,1,1G1ZE5ST6GF2,17,20,37,2016,4,1,4,0,1,L,1,1400,5,0,1,3,6,2,56,1,0,0,995,0,0,0,54724,1,2,1,1,2,2,2,1,1,2,1,0,0,0,1,8,1,2,1,0,10,2,16,1,1,1,4,K,78,0,0,0,0,0,0,0,0,0,0,195,215,0,0,0,1,3,3,0,3,1043,998,169,3,0,4,0,0,0,0,0,995,9.8,998,998,998,99.8,99.8,99.8,1372.60404776417,6,4
14094,18,32,1-18-2019-032-04,4,2,2GNFLEEK1H62,17,20,404,2017,14,3,14,0,1,R,1,1782,5,0,1,3,13,3,56,1,0,0,995,0,0,0,54758,1,2,1,1,3,1,2,1,1,4,0,3,0,0,1,8,1,2,1,0,1,4,65,3,1,2,4,K,79,0,0,0,0,0,0,0,0,0,0,215,195,0,0,0,1,3,2,-1,-2,325,998,52,2,0,4,0,0,0,0,0,995,9.8,998,998,998,99.8,99.8,99.8,1372.60404776417,6,4
14096,13,46,1-13-2019-046-06,6,1,4V4W19EG1KN9,17,51,881,2019,63,8,60,0,1,F,9,,,,,,,5,105,1,0,0,995,0,0,0,38053,9,9,0,2,4,4,2,1,1,1,3,2,0,0,1,1,0,0,2,1,15,2,11,99,1,2,2,F,46,,,,,,,,,,,,,,,,,,,,,,,,,,,95,95,95,95,,,9.8,998,998,998,99.8,99.8,99.8,2018.3752531036,7,4
14096,13,46,1-13-2019-046-06,6,2,1NXBU4EEXAZ2,17,49,32,2010,4,1,2,0,1,L,1,1279,5,0,1,1,21,2,105,1,0,0,995,0,0,0,76164,1,1,0,2,4,3,2,1,1,1,3,3,0,0,1,1,0,0,1,0,1,4,60,1,1,1,2,F,45,0,0,0,0,0,0,0,0,0,0,270,0,0,0,0,2,5,999,999,999,9999999,999,999,15,2,0,0,0,0,0,0,995,9.8,998,998,998,99.8,99.8,99.8,2018.3752531036,7,4
14097,22,57,1-22-2019-057-09,9,1,1HGCG6587YA0,17,37,32,2000,4,1,3,0,1,F,1,1370,5,0,2,1,31,2,89,1,0,0,995,0,0,0,83540,5,2,0,4,2,1,2,1,3,1,1,4,0,0,1,1,0,0,9,1,14,2,13,98,3,4,1,A,2,0,0,0,0,0,0,0,0,0,0,998,998,0,0,0,1,1,17,-17,3,16790,998,1,17,0,1,0,0,0,0,0,998,0.7,50,120,10,11.0,4.8,12.0,112.824695791541,12,4
14098,22,58,1-22-2019-058-03,3,1,5TDDK3DC7FS1,17,49,442,2015,20,4,20,0,1,L,1,2115,5,0,2,1,11,2,40,1,0,0,995,0,0,0,59501,1,2,2,4,2,1,2,1,1,1,0,2,0,0,1,1,2,2,2,0,11,2,15,9,1,1,4,K,82,0,0,0,0,0,0,0,0,0,0,160,270,0,1,0,1,1,23,-11,20,53815,998,-115,20,0,4,1,1,0,4,0,995,9.8,998,998,998,99.8,99.8,99.8,49.798219346877,12,4
14098,22,58,1-22-2019-058-03,3,2,1FMCU0F72DUB,17,12,402,2013,14,3,14,0,1,F,2,1588,5,0,2,1,12,2,72,1,0,0,995,0,0,0,98465,1,2,2,5,5,2,2,1,1,1,3,4,0,0,1,1,0,0,1,0,1,4,67,1,1,1,4,K,83,0,0,0,0,0,0,0,0,0,0,270,160,0,1,0,1,1,30,-30,-5,76780,998,-35,34,0,4,2,5,0,4,0,995,9.8,998,998,998,99.8,99.8,99.8,49.798219346877,12,4
14099,21,57,1-21-2019-057-03,3,1,3C63RRGL4GG1,17,7,482,2016,34,5,31,0,1,F,9,3134,5,9999,9,0,998,5,113,1,0,0,995,0,0,0,00001,9,9,0,1,2,2,2,1,1,1,3,2,1,3,1,1,0,0,9,0,1,3,51,3,1,1,2,D,24,0,0,0,0,0,0,0,0,0,0,240,250,0,0,0,1,0,999,999,999,9999999,999,999,999,9,0,95,95,95,95,0,995,9.8,998,998,998,99.8,99.8,99.8,211.585394048463,11,4
14099,21,57,1-21-2019-057-03,3,2,3FA6P0D92KR1,17,12,23,2019,4,1,4,0,1,9,9,1558,5,0,2,0,998,2,113,1,0,0,995,0,0,0,90303,2,2,0,1,2,2,2,1,1,1,3,2,1,3,1,1,0,0,1,0,1,3,53,1,1,1,2,D,25,1,4,2,2,1,4,61,1,2,30,997,997,0,0,0,2,0,999,999,999,9999999,999,999,999,9,0,1,1,0,4,3,997,9.8,998,998,998,99.8,99.8,99.8,211.585394048463,11,4
14100,21,58,1-21-2019-058-03,3,1,3A8FY48B48T1,17,6,52,2008,6,1,2,0,1,F,2,1498,5,9999,9,5,13,2,105,1,0,0,995,0,0,0,92324,9,9,0,2,5,1,1,1,1,9,1,3,0,0,1,1,0,0,9,0,1,3,52,2,1,1,2,D,28,0,0,0,0,0,0,0,0,0,0,250,265,0,0,0,1,12,999,999,999,9999999,999,999,999,7,0,0,0,0,4,0,995,9.8,998,998,998,99.8,99.8,99.8,211.585394049296,11,4
14100,21,58,1-21-2019-058-03,3,2,999999999999,99,35,51,2017,6,1,3,0,1,B,2,1550,5,0,2,4,29,2,105,1,0,0,995,0,0,0,92336,1,2,0,2,5,1,1,1,1,9,1,3,0,0,1,1,0,0,1,0,2,3,53,11,1,1,2,D,29,0,0,0,0,0,0,0,0,0,0,265,250,0,0,0,1,12,999,999,999,9999999,999,999,999,7,0,1,1,0,6,0,995,9.8,998,998,998,99.8,99.8,99.8,211.585394049296,11,4