CASEID,PSU,CASENO,CASENUMBER,CATEGORY,VEHNO,VIN,VINLENGTH,MAKE,MODEL,MODELYR,BODYTYPE,BODYCAT,VEHCLASS,SPECUSE,TRANSTAT,DAMPLANE,DAMSEV,CURBWT,CURBSRC,CARGOWT,CARGOSRC,INSPTYPE,INSPLAG,TOWED,SPEEDLIMIT,DRPRESENT,PARALCOHOL,ALCTEST,ALCTESTRESULT,ALCTESTSRC,PARDRUG,DRUGTEST,ZIP,RACE,ETHNICITY,RELTOJUNCT,TRAFFLOW,RDLANES,INITLANE,SURFTYPE,SURFCOND,ALIGNMENT,PROFILE,LINERIGHT,LINELEFT,RUMBINIT,RUMBROAD,LIGHTCOND,WEATHER,TRAFDEV,TRAFFUNCT,DISTRACT,PREFHE,PREMOVE,CRITCAT,CRITEVENT,MANEUVER,PRESTAB,PRELOC,CRASHCAT,CRASHCONF,CRASHTYPE,ROLLTYPE,ROLLTURN,ROLLINTRPT,ROLLPREMAN,ROLLINITYP,ROLLINLOC,ROLLOBJ,ROLLTRIP,ROLLDIR,ROLLDIST,DVANGTHIS,DVANGOTH,TOWHITCH,TRAJDOC,TREEPOLE,DVEVENT,DVBASIS,DVTOTAL,DVLONG,DVLAT,DVENERGY,DVSPEED,DVMOMENT,DVBES,DVEST,DVCONF,VAIS,VISS,VINJURED,VTREAT,INITOBJCLASS,HEADANGLECAT,SHLDRWIDTH,STRKLENGTH,STRKWIDTH,STRKHEIGHT,EDGEDISTX,EDGEDISTY,EDGEDISTZ,CASEWGT,PSUSTRAT,VERSION
14235,18,35,1-18-2019-035-07,7,1,W04GY5GVXB10,17,18,19,2011,4,1,3,0,1,F,1,1633,5,0,1,1,9,2,40,1,0,0,995,0,0,0,54729,9,9,2,4,2,1,2,2,1,1,0,0,0,0,3,8,0,0,9,1,11,2,13,99,1,4,1,A,1,0,0,0,0,0,0,0,0,0,0,998,998,0,1,1,3,1,12,-12,0,9317,998,22,12,0,1,0,0,0,0,0,998,0.0,37,16,13,0.0,0.0,0.0,999.60334603183,6,4
14236,22,60,1-22-2019-060-10,10,1,4T1BE46K57U5,17,49,40,2007,8,1,3,0,1,L,2,1500,5,46,2,1,5,2,56,1,0,0,995,0,0,0,83843,1,2,0,5,5,2,2,1,1,1,3,2,0,0,1,1,0,0,2,1,12,2,21,2,1,2,6,M,98,0,0,0,0,0,0,0,0,0,0,350,0,0,0,0,1,8,999,999,999,9999999,999,999,999,7,0,0,0,0,0,0,995,9.8,998,998,998,99.8,99.8,99.8,2885.97029404807,12,4
14236,22,60,1-22-2019-060-10,10,2,1GCGK13U63F2,17,20,481,2003,34,5,30,0,1,R,9,2639,5,9999,9,0,998,5,56,1,0,0,995,0,0,0,83843,9,9,0,5,5,3,2,1,1,1,4,4,0,0,1,1,0,0,9,0,1,4,60,99,1,1,6,M,98,0,0,0,0,0,0,0,0,0,0,0,350,0,0,0,1,0,999,999,999,9999999,999,999,999,9,0,95,95,95,95,0,995,9.8,998,998,998,99.8,99.8,99.8,2885.97029404807,12,4
14237,13,48,1-13-2019-048-02,2,1,3HAEUMMLXLL8,17,84,881,2020,63,8,60,0,1,F,9,,,,,,,2,113,1,0,0,995,0,0,0,78516,9,9,0,2,2,1,2,1,1,9,1,3,0,0,1,1,0,0,9,0,1,3,50,99,1,1,2,D,20,,,,,,,,,,,,,,,,,,,,,,,,,,,95,95,95,95,,,9.8,998,998,998,99.8,99.8,99.8,38.6004225927091,7,4
14237,13,48,1-13-2019-048-02,2,2,1GCEC19C49Z2,17,20,481,2009,34,5,31,0,1,F,2,2299,5,0,1,1,17,2,113,1,0,0,995,0,0,0,76244,1,2,0,2,2,1,2,1,1,9,1,3,0,0,1,1,0,0,1,0,5,3,53,1,1,1,2,D,21,0,0,0,0,0,0,0,0,0,0,10,0,0,0,0,3,5,999,999,999,9999999,999,999,999,7,0,1,3,0,6,0,995,9.8,998,998,998,99.8,99.8,99.8,38.6004225927091,7,4
14237,13,48,1-13-2019-048-02,2,3,5J6RW1H57JA0,17,37,402,2018,14,3,14,0,1,B,3,1502,5,0,1,1,38,2,113,1,0,1,6,2,0,1,78613,1,9,0,2,2,2,2,1,1,9,3,2,0,0,1,1,0,0,9,0,5,4,61,99,1,1,6,M,98,0,0,0,0,0,0,0,0,0,0,0,350,0,0,0,2,5,999,999,999,9999999,999,999,999,8,0,3,17,1,3,0,995,9.9,999,999,999,99.9,99.9,99.9,38.6004225927091,7,4
14237,13,48,1-13-2019-048-02,2,4,3HSDJSJR6EN7,17,84,884,2000,66,8,68,0,1,B,9,,,,,,,5,113,1,0,0,995,0,0,0,73084,9,9,0,2,2,1,2,1,1,9,1,3,0,0,1,1,0,0,9,0,5,3,53,99,1,1,6,M,98,,,,,,,,,,,,,,,,,,,,,,,,,,,95,95,95,95,,,9.8,998,998,998,99.8,99.8,99.8,38.6004225927091,7,4
14239,15,49,1-15-2019-049-04,4,1,JF2SJABC0HH4,17,48,401,2017,14,3,14,0,1,L,9,1498,5,9999,9,0,998,2,48,1,8,9,998,8,7,9,12018,9,9,2,5,5,2,2,1,1,4,3,2,0,0,1,1,0,0,9,1,11,2,15,99,1,1,4,J,72,0,0,0,0,0,0,0,0,0,0,320,0,0,0,0,1,0,999,999,999,9999999,999,999,999,9,0,99,99,0,99,0,995,9.8,998,998,998,99.8,99.8,99.8,2141.26514615279,1,4
14239,15,49,1-15-2019-049-04,4,2,1D7HU18D94S7,17,7,482,2004,34,5,30,0,1,F,9,9999,5,9999,9,0,998,5,48,1,8,9,998,8,7,9,11590,9,9,2,5,5,3,2,1,1,4,4,4,0,0,1,1,0,0,9,0,1,4,61,99,1,1,4,J,73,0,0,0,0,0,0,0,0,0,0,0,320,0,0,0,1,0,999,999,999,9999999,999,999,999,9,0,95,95,95,95,0,995,9.8,998,998,998,99.8,99.8,99.8,2141.26514615279,1,4
14240,33,63,1-33-2019-063-08,8,1,1ZVFT80N7651,17,12,3,2006,2,1,3,0,1,R,2,1516,5,0,1,1,10,2,105,1,1,1,225,2,0,2,95973,1,2,0,1,2,1,2,1,1,1,1,3,0,0,2,1,0,0,9,1,1,2,12,1,4,4,1,B,6,0,0,0,0,0,0,0,0,0,0,998,998,0,0,0,1,12,999,999,999,9999999,999,999,999,7,0,2,9,0,3,0,998,9.9,999,999,999,99.9,99.9,99.9,76.8305227297019,12,4
14241,33,64,1-33-2019-064-09,9,1,JT2EL43A4N02,17,49,38,1992,4,1,1,0,1,R,1,914,5,0,1,1,34,2,89,1,0,0,995,0,0,0,96137,1,2,0,4,2,1,2,1,2,2,1,2,0,0,1,1,0,0,9,1,14,2,12,4,2,4,1,B,6,0,0,0,0,0,0,0,0,0,0,998,998,0,0,2,3,10,999,999,999,9999999,999,-97,16,2,0,1,1,0,4,0,998,0.6,26,26,90,35.9,4.7,36.2,312.049454232807,12,4
14242,32,78,1-32-2019-078-06,6,1,1FTZF0722XKA,17,12,481,1999,34,5,31,0,1,F,1,2120,5,9999,9,0,998,5,56,1,0,0,995,0,0,0,75224,9,9,2,1,4,3,2,1,1,2,1,1,0,0,1,8,1,2,9,0,1,2,17,1,1,1,4,K,83,0,0,0,0,0,0,0,0,0,0,100,0,0,0,0,1,3,5,-5,-1,2600,998,-42,5,0,4,95,95,95,95,0,995,9.8,998,998,998,99.8,99.8,99.8,1770.18112981331,7,4
14242,32,78,1-32-2019-078-06,6,2,YV4992DZ9A20,17,51,50,2010,6,1,3,0,1,L,1,1928,5,0,1,1,10,2,56,1,0,0,995,0,0,0,75211,1,1,2,4,3,2,1,1,1,2,1,2,0,0,1,8,1,2,1,0,11,4,66,1,1,1,4,K,82,0,0,0,0,0,0,0,0,0,0,0,100,0,0,0,1,3,4,-1,4,3924,998,-181,4,0,4,1,1,0,6,0,995,9.8,998,998,998,99.8,99.8,99.8,1770.18112981331,7,4
14243,17,75,1-17-2019-075-07,7,1,1G6KD54Y54U1,17,19,3,2004,4,1,5,0,1,F,9,2527,5,9999,9,0,998,5,48,1,9,2,996,1,7,0,61201,9,9,2,4,2,1,2,1,1,2,0,2,0,0,3,1,0,0,9,1,6,2,10,99,1,2,4,J,73,0,0,0,0,0,0,0,0,0,0,180,140,0,0,0,1,0,999,999,999,9999999,999,999,999,9,0,95,95,95,95,0,995,9.8,998,998,998,99.8,99.8,99.8,373.005334180872,4,4
14243,17,75,1-17-2019-075-07,7,2,1G1PF5S98B72,17,20,25,2011,4,1,3,0,1,L,2,1407,5,0,1,1,4,2,48,1,9,0,995,0,7,0,52802,2,2,2,4,2,1,2,1,1,2,0,2,0,0,3,1,0,0,1,0,11,4,60,1,1,1,4,J,72,0,0,0,0,0,0,0,0,0,0,140,180,0,0,0,1,8,999,999,999,9999999,999,999,999,7,0,1,1,0,6,0,995,9.8,998,998,998,99.8,99.8,99.8,373.005334180872,4,4
14247,14,37,1-14-2019-037-05,5,1,1HGCR2E5XEA0,17,37,32,2014,4,1,4,0,1,F,3,1496,5,0,1,1,37,2,80,1,9,1,182,2,9,2,78155,1,2,0,4,2,1,2,1,1,1,1,2,0,0,2,1,0,0,9,1,1,2,10,99,1,2,3,G,50,0,0,0,0,0,0,0,0,0,0,15,185,0,0,0,1,1,41,-41,0,121146,998,0,45,0,4,2,5,0,3,0,995,9.8,998,998,998,99.8,99.8,99.8,200.464958632577,8,4
14247,14,37,1-14-2019-037-05,5,2,1FT7W2BT8BEB,17,12,481,2011,34,5,31,0,1,F,1,3099,5,0,1,1,37,2,80,1,0,0,995,0,0,0,78132,1,2,0,4,2,1,2,1,1,1,1,2,0,0,2,1,0,0,1,0,1,4,62,7,1,1,3,G,51,1,4,2,5,1,1,61,1,2,999,185,15,0,0,0,1,1,20,-20,-3,28724,998,23,15,0,4,1,1,0,0,3,995,9.8,998,998,998,99.8,99.8,99.8,200.464958632577,8,4
14249,16,45,1-16-2019-045-03,3,1,1N4AL3AP4GC2,17,35,47,2016,4,1,4,0,1,F,1,1453,5,0,1,1,11,2,56,1,0,0,995,0,0,0,45224,2,2,3,4,4,2,2,1,1,4,3,2,0,0,1,1,0,0,3,0,1,2,17,4,1,1,5,L,88,0,0,0,0,0,0,0,0,0,0,130,40,0,0,0,1,1,22,-17,-14,55960,998,-135,22,0,4,1,2,0,4,0,995,9.8,998,998,998,99.8,99.8,99.8,259.118709731833,5,4
14249,16,45,1-16-2019-045-03,3,2,4T3ZF13C5YU1,17,49,442,2000,20,4,20,0,1,L,1,1760,5,0,1,1,6,2,56,1,0,0,995,0,0,0,45216,1,9,3,4,2,1,2,1,1,1,0,0,0,0,1,1,0,0,1,0,1,4,66,99,1,1,5,L,89,0,0,0,0,0,0,0,0,0,0,40,130,0,0,0,1,1,20,-13,15,29795,998,-35,20,0,4,2,5,0,4,0,995,9.8,998,998,998,99.8,99.8,99.8,259.118709731833,5,4
14250,13,50,1-13-2019-050-04,4,1,JM3KE4DYXE03,17,41,403,2014,14,3,14,0,1,L,1,1604,5,0,1,1,13,2,999,1,0,0,995,0,0,0,76039,1,2,3,3,2,1,1,1,1,1,0,0,0,0,3,1,0,0,1,0,10,2,16,1,1,1,4,K,78,0,0,0,0,0,0,0,0,0,0,150,180,0,0,0,1,3,6,4,5,3545,998,98,6,0,3,0,0,0,0,0,995,9.8,998,998,998,99.8,99.8,99.8,2431.51086377429,7,4
14250,13,50,1-13-2019-050-04,4,2,1GKS1BKC2GR1,17,23,421,2016,15,3,15,0,1,F,1,2408,5,0,1,1,33,2,999,1,0,0,995,0,0,0,74743,1,2,3,3,2,1,1,1,1,1,1,3,0,0,3,1,0,0,1,0,1,4,70,2,1,1,4,K,79,0,0,0,0,0,0,0,0,0,0,180,150,0,0,0,1,3,4,-4,-1,1923,998,-20,4,0,4,0,0,0,0,0,995,9.8,998,998,998,99.8,99.8,99.8,2431.51086377429,7,4
14251,31,40,1-31-2019-040-04,4,1,1FMCU9GD8JUC,17,12,402,2018,14,3,14,0,1,F,1,1668,5,0,1,1,23,2,113,1,0,0,995,0,0,0,63089,9,9,0,1,2,2,2,1,1,1,3,2,1,3,2,1,0,0,9,0,1,6,87,4,1,1,1,C,13,0,0,0,0,0,0,0,0,0,0,998,998,0,0,0,1,10,999,999,999,9999999,999,45,13,2,0,99,99,0,99,0,998,9.8,998,998,998,99.8,99.8,99.8,1284.93714565934,6,4
14253,73,40,1-73-2019-040-10,10,1,1G2ZH1589642,17,22,22,2006,2,1,4,0,1,9,9,1732,5,9999,9,0,998,2,89,1,8,0,995,0,7,0,04353,9,9,0,4,2,1,2,1,3,1,1,2,0,0,1,1,6,2,9,1,14,1,6,99,2,4,1,B,7,0,0,0,0,0,0,0,0,0,0,998,998,0,1,1,1,0,999,999,999,9999999,999,999,999,9,0,99,99,0,99,0,998,1.6,24,24,120,10.4,7.8,12.4,55.9476129247576,3,4
14254,77,69,1-77-2019-069-06,6,1,1D3HA18D54J2,17,7,482,2004,34,5,31,0,1,F,1,2225,5,9999,9,0,998,5,89,1,0,0,995,0,0,0,22960,9,9,0,2,2,1,2,1,1,1,1,3,2,2,1,1,0,0,1,0,15,3,52,2,2,2,2,D,28,0,0,0,0,0,0,0,0,0,0,235,240,0,0,0,1,3,14,-14,0,16513,998,0,14,0,4,95,95,95,95,0,995,9.8,998,998,998,99.8,99.8,99.8,614.726304526364,9,4
14254,77,69,1-77-2019-069-06,6,2,3FAHP0JA9AR2,17,12,23,2010,4,1,3,0,1,B,1,1490,5,0,1,1,15,2,89,1,0,1,0,2,0,0,22923,9,9,0,2,2,2,2,1,1,1,3,2,0,2,1,1,0,0,1,0,2,3,52,1,1,1,2,D,29,0,0,0,0,0,0,0,0,0,0,240,235,0,0,0,1,3,20,19,-3,23434,998,7,20,0,4,1,1,0,4,0,995,9.8,998,998,998,99.8,99.8,99.8,614.726304526364,9,4
14255,77,70,1-77-2019-070-02,2,1,JTNK4RBE5K30,17,49,32,2019,5,1,2,0,1,B,2,1388,5,0,1,1,10,2,113,1,1,1,132,2,0,1,22192,1,9,0,3,2,1,2,1,1,1,1,3,2,3,1,1,0,0,1,0,2,3,53,1,1,1,2,D,29,0,0,0,0,0,0,0,0,0,0,270,270,0,0,0,1,3,35,34,-6,76830,998,39,35,0,4,3,11,1,3,0,995,9.8,998,998,998,99.8,99.8,99.8,82.9547267506105,9,4
14255,77,70,1-77-2019-070-02,2,2,5TFHY5F19FX4,17,49,482,2015,34,5,31,0,1,B,1,2555,5,0,2,0,998,2,113,1,0,0,995,0,0,0,24421,1,2,0,3,2,1,2,1,1,1,1,3,2,3,1,1,0,0,1,0,1,3,52,1,1,1,6,M,98,0,0,0,0,0,0,0,0,0,0,270,260,0,0,0,2,3,14,14,0,36705,998,0,18,0,4,0,0,0,4,0,995,9.8,998,998,998,99.8,99.8,99.8,82.9547267506105,9,4
14255,77,70,1-77-2019-070-02,2,3,JTEUU42N3621,17,49,472,2006,34,5,30,0,1,F,2,1791,5,9999,9,0,998,2,113,1,0,0,995,0,0,0,22903,9,9,0,3,2,1,2,1,1,1,1,3,2,3,1,1,0,0,1,0,1,3,52,99,1,1,2,D,28,0,0,0,0,0,0,0,0,0,0,270,270,0,0,0,1,3,27,-27,5,54141,998,39,27,0,4,0,0,0,0,0,995,9.8,998,998,998,99.8,99.8,99.8,82.9547267506105,9,4
14256,77,71,1-77-2019-071-06,6,1,1J4RR5GT7AC1,17,2,404,2010,14,3,14,0,1,R,1,2174,5,0,1,1,5,2,72,1,0,0,995,0,0,0,21502,1,2,2,4,2,1,2,1,1,1,1,2,1,0,1,1,0,0,1,1,1,4,65,4,2,4,1,A,3,0,0,0,0,0,0,0,0,0,0,998,998,0,0,0,1,8,999,999,999,9999999,999,999,999,6,0,0,0,0,0,0,998,0.3,120,60,-30,8.8,1.3,8.7,614.726304526364,9,4
14257,24,74,1-24-2019-074-06,6,1,1D4GP25E15B3,17,7,442,2005,20,4,20,0,1,L,2,1752,5,0,2,1,16,2,80,1,0,0,995,0,0,0,08215,1,2,2,2,3,1,2,1,1,1,1,1,0,0,1,1,1,2,1,0,1,4,66,8,1,1,5,L,89,1,1,2,5,1,4,63,1,1,14,310,45,0,0,0,1,1,29,-15,25,48582,998,-77,23,0,4,1,3,0,4,3,995,0.5,999,999,999,0.0,0.0,0.0,953.913492278886,1,4
14257,24,74,1-24-2019-074-06,6,2,1GNKRGED5CJ3,17,20,24,2012,6,1,5,0,1,F,1,2141,5,0,1,1,15,2,80,1,0,0,995,0,0,0,08251,1,2,2,4,3,1,2,1,1,1,0,1,0,0,1,1,1,2,1,0,1,2,17,1,1,1,5,L,88,0,0,0,0,0,0,0,0,0,0,45,310,0,0,0,1,1,24,-20,-12,105249,998,-113,28,0,4,1,1,0,4,0,995,9.8,998,998,998,99.8,99.8,99.8,953.913492278886,1,4
14259,24,76,1-24-2019-076-04,4,1,WBA6D6C54GG3,17,34,36,2016,4,1,5,0,1,F,9,2089,5,0,1,3,24,2,40,1,0,0,995,0,0,0,08003,1,2,0,3,2,1,2,1,1,1,3,0,0,0,3,1,0,0,1,1,1,2,12,10,9,4,1,C,11,0,0,0,0,0,0,0,0,0,0,230,230,0,0,0,1,12,999,999,999,9999999,999,999,999,9,0,0,0,0,0,0,995,9.8,998,998,998,99.8,99.8,99.8,2010.58148780109,1,4
14259,24,76,1-24-2019-076-04,4,2,5FNRL18534B0,17,37,441,2004,20,4,20,0,2,B,9,1955,5,9999,9,0,998,,,,,,,,,,,,,,,,,,,,,,,,,,,,,,,,,,,,,,,,,,,,,,,,,,,,,,,,,,,,,,,,,,95,95,95,95,,,,,,,,,,2010.58148780109,1,4
14259,24,76,1-24-2019-076-04,4,3,2D4RN4DG3BR7,17,7,442,2011,20,4,20,0,2,R,9,2046,5,9999,9,0,998,,,,,,,,,,,,,,,,,,,,,,,,,,,,,,,,,,,,,,,,,,,,,,,,,,,,,,,,,,,,,,,,,,95,95,95,95,,,,,,,,,,2010.58148780109,1,4
14260,11,69,1-11-2019-069-05,5,1,1HTMNMMLXJH3,17,84,898,2018,64,8,60,6,1,F,9,,,,,,,5,72,1,0,0,995,0,0,0,23838,9,9,0,4,2,1,2,1,1,1,1,2,0,0,1,1,0,0,1,0,1,4,62,99,1,1,3,G,51,,,,,,,,,,,,,,,,,,,,,,,,,,,95,95,95,95,,,9.8,998,998,998,99.8,99.8,99.8,226.724281963731,8,4
14260,11,69,1-11-2019-069-05,5,2,WDDHF8JB8CA6,17,42,48,2012,4,1,4,0,1,L,2,1825,5,0,1,1,21,2,72,1,0,0,995,0,0,0,23831,2,2,0,4,2,1,2,1,1,1,1,2,0,0,1,1,0,0,1,0,1,4,62,8,1,1,6,M,98,0,0,0,0,0,0,0,0,0,0,210,330,0,0,0,2,1,27,-17,21,36227,998,-27,22,0,1,1,2,0,4,0,995,9.9,999,999,999,99.9,99.9,99.9,226.724281963731,8,4
14260,11,69,1-11-2019-069-05,5,3,5TEKU72N97Z3,17,49,472,2007,34,5,31,0,1,F,2,1767,5,0,1,1,21,2,72,1,1,2,996,1,0,0,23831,9,9,0,4,3,2,2,1,1,1,1,2,0,0,1,1,0,0,3,1,1,2,10,99,1,2,3,G,50,0,0,0,0,0,0,0,0,0,0,330,210,0,0,0,2,1,27,-27,-5,82908,998,-75,31,0,4,0,0,0,0,0,995,9.8,998,998,998,99.8,99.8,99.8,226.724281963731,8,4
14261,11,70,1-11-2019-070-03,3,1,2GNALCEK3G11,17,20,404,2016,14,3,14,0,1,L,2,1706,5,0,1,1,16,2,40,1,0,0,995,0,0,0,23237,9,9,1,3,1,1,1,1,3,1,1,2,0,0,2,1,0,0,1,1,14,2,12,99,1,4,1,B,6,0,0,0,0,0,0,0,0,0,0,998,998,0,0,0,1,12,999,999,999,9999999,999,999,999,7,0,99,99,0,99,0,998,1.5,120,39,73,2.3,1.5,2.7,2375.63978622529,8,4
14262,11,71,1-11-2019-071-02,2,1,KM8J3CA44JU7,17,55,402,2018,14,3,14,0,1,F,1,1634,5,0,1,1,27,2,89,1,0,0,995,0,0,0,23875,2,2,2,1,5,2,2,1,1,1,1,1,0,0,1,1,1,2,1,1,10,4,61,99,1,2,4,J,70,0,0,0,0,0,0,0,0,0,0,315,220,0,0,0,3,3,16,-16,0,14756,998,34,14,0,1,1,1,0,0,0,995,9.8,998,998,998,99.8,99.8,99.8,92.6243756268901,8,4
14262,11,71,1-11-2019-071-02,2,2,1N4AA6AP7GC4,17,35,39,2016,4,1,4,0,1,F,1,1617,5,0,1,1,14,2,89,1,0,0,995,0,0,0,23875,1,1,2,1,7,1,2,1,1,1,0,1,0,0,1,1,1,2,1,0,1,4,60,4,1,2,4,J,71,0,0,0,0,0,0,0,0,0,0,320,350,0,0,0,1,1,13,-12,4,12002,998,23,13,0,4,99,99,0,4,0,995,9.8,998,998,998,99.8,99.8,99.8,92.6243756268901,8,4
14262,11,71,1-11-2019-071-02,2,3,4S4BSBNC9G33,17,48,45,2016,6,1,3,0,1,L,1,1614,5,0,2,3,21,2,40,1,0,0,995,0,0,0,33040,1,2,2,1,3,3,2,1,1,1,1,2,0,0,1,1,1,2,1,0,5,4,62,1,1,1,6,M,98,0,0,0,0,0,0,0,0,0,0,220,315,0,0,0,3,3,17,-3,17,39031,998,122,18,0,4,1,1,0,0,0,995,9.8,998,998,998,99.8,99.8,99.8,92.6243756268901,8,4
14262,11,71,1-11-2019-071-02,2,4,1FT8W3B63DEB,17,12,481,2013,34,5,31,0,1,L,9,3166,5,9999,9,0,998,5,40,1,0,0,995,0,0,0,23962,9,9,2,1,7,2,2,1,1,1,1,1,0,0,1,1,1,2,1,0,5,4,60,1,1,1,6,M,98,0,0,0,0,0,0,0,0,0,0,220,235,0,0,0,4,0,999,999,999,9999999,999,999,999,9,0,95,95,95,95,0,995,9.8,998,998,998,99.8,99.8,99.8,92.6243756268901,8,4
14263,59,49,1-59-2019-049-02,2,1,1C4AJWAG8FL5,17,2,403,2015,14,3,14,0,1,F,1,1759,5,0,1,1,7,2,64,1,1,1,126,2,7,1,47834,1,2,0,4,7,2,2,1,1,9,3,3,0,0,3,1,0,0,3,1,1,2,11,7,1,2,2,D,32,0,0,0,0,0,0,0,0,0,0,10,0,0,0,0,1,5,999,999,999,9999999,999,999,17,2,0,2,5,0,4,0,995,9.8,998,998,998,99.8,99.8,99.8,169.504157105603,6,4
14263,59,49,1-59-2019-049-02,2,2,1HTMPAFN17H4,17,84,881,2007,63,8,60,0,3,D,9,,,,,,,,,,,,,,,,,,,,,,,,,,,,,,,,,,,,,,,,,,,,,,,,,,,,,,,,,,,,,,,,,,,,,,,,95,95,95,95,,,,,,,,,,169.504157105603,6,4
14264,73,41,1-73-2019-041-03,3,1,2GTEK19B8511,17,23,481,2005,34,5,31,0,1,F,1,2151,5,68,1,4,25,2,72,1,1,1,80,1,7,0,04410,1,2,2,4,2,1,5,8,1,1,0,0,0,0,1,1,0,0,9,0,1,4,67,99,1,1,4,K,83,0,0,0,0,0,0,0,0,0,0,205,90,0,0,0,1,3,15,-13,-8,14855,998,-123,10,0,4,3,10,1,3,0,995,9.8,998,998,998,99.8,99.8,99.8,52.719429050104,3,4
14264,73,41,1-73-2019-041-03,3,2,1C6RR7GTXJS2,17,7,482,2018,34,5,31,0,1,L,1,2336,5,0,1,1,21,2,72,1,8,1,0,2,7,2,04463,1,2,2,4,2,1,5,8,1,1,0,0,0,0,1,1,2,2,1,0,11,2,15,4,1,1,4,K,82,0,0,0,0,0,0,0,0,0,0,90,205,0,0,0,1,3,15,-11,9,39687,998,13,20,0,4,1,1,0,4,0,995,9.8,998,998,998,99.8,99.8,99.8,52.719429050104,3,4
14266,24,75,1-24-2019-075-01,1,1,1G8JU54F32Y5,17,24,5,2002,4,1,3,0,1,F,3,1336,5,9999,9,5,22,2,64,1,0,1,172,3,0,2,19114,1,9,0,4,3,1,2,1,2,1,1,2,0,0,1,1,0,0,9,1,14,2,13,99,9,4,1,A,1,0,0,0,0,0,0,0,0,0,0,998,998,0,0,1,1,1,153,-153,0,1298580,998,-16,153,0,2,6,75,1,1,0,998,1.8,96,96,120,15.8,4.6,16.0,77.1666545613678,1,4
14267,28,36,1-28-2019-036-04,4,1,2GNALCEK0H16,17,20,404,2017,14,3,14,0,1,F,1,1706,5,0,1,1,4,2,89,1,0,0,995,0,0,0,17368,1,2,0,4,2,1,2,2,1,1,1,2,1,0,2,1,0,0,1,0,1,6,87,1,1,1,1,C,13,0,0,0,0,0,0,0,0,0,0,998,998,0,0,0,1,10,999,999,999,9999999,999,9,13,2,0,0,0,0,0,0,998,9.8,998,998,998,99.8,99.8,99.8,354.199773271864,3,4
14268,48,40,1-48-2019-040-08,8,1,1GCCS14B5C01,17,20,471,1982,34,5,30,0,1,F,2,1330,4,0,1,1,8,2,48,1,0,0,995,0,0,0,84302,9,9,2,1,2,2,2,1,3,1,1,3,0,0,1,1,1,2,2,0,14,4,66,1,1,1,3,I,66,0,0,0,0,0,0,0,0,0,0,240,100,0,1,0,1,1,29,-27,-10,11689,998,3,15,0,4,9,97,0,0,0,995,9.7,50,120,110,4.6,2.2,4.6,338.862850970814,12,4
14268,48,40,1-48-2019-040-08,8,2,1G4HD57M99U1,17,18,23,2009,4,1,5,0,1,F,1,1800,5,0,2,1,7,2,48,1,0,0,995,0,0,0,84337,1,2,2,1,2,1,2,1,2,1,1,2,0,0,1,1,1,2,9,0,14,4,66,1,1,1,3,I,66,0,0,0,0,0,0,0,0,0,0,100,240,0,1,0,1,1,21,-20,7,75310,998,71,29,0,4,3,22,1,3,0,995,9.8,998,998,998,99.8,99.8,99.8,338.862850970814,12,4
14269,66,41,1-66-2019-041-10,10,1,1GCEC14WXVZ2,17,20,481,1997,34,5,31,0,1,F,1,1863,5,0,1,2,19,5,80,1,9,0,995,0,9,0,65661,9,9,2,4,2,1,4,1,1,4,0,0,0,0,1,8,0,0,9,0,1,2,17,99,1,1,5,L,88,0,0,0,0,0,0,0,0,0,0,180,90,0,1,0,1,1,12,-11,-4,19634,998,-25,16,0,4,95,95,95,95,0,995,9.8,998,998,998,99.8,99.8,99.8,192.358934979935,6,4
14269,66,41,1-66-2019-041-10,10,2,5TEPX42N56Z2,17,49,472,2006,34,5,30,0,1,L,1,1504,8,0,2,1,11,2,80,1,9,0,995,0,9,0,65682,1,2,2,4,2,1,4,1,1,2,0,0,0,0,1,8,0,0,1,0,1,4,66,1,1,1,5,L,89,0,0,0,0,0,0,0,0,0,0,90,180,0,1,0,1,1,14,-5,13,8373,998,90,10,0,4,0,0,0,0,0,995,9.8,998,998,998,99.8,99.8,99.8,192.358934979935,6,4
14270,52,31,1-52-2019-031-03,3,1,2D8HN54P28R1,17,7,442,2008,20,4,20,0,1,R,1,2038,5,0,1,1,8,2,56,1,1,9,998,8,9,9,59101,9,9,0,1,7,2,2,1,1,1,3,3,0,0,1,1,0,0,9,1,15,2,11,99,1,2,2,F,46,0,0,0,0,0,0,0,0,0,0,20,0,0,0,0,1,1,6,-6,0,4017,998,96,6,0,1,99,99,0,99,0,995,9.8,998,998,998,99.8,99.8,99.8,36.8453626166511,12,4
14270,52,31,1-52-2019-031-03,3,2,4S3GTAA61J17,17,48,38,2018,5,1,3,0,1,L,1,1382,5,0,1,1,8,2,56,1,0,0,995,0,0,0,59037,1,2,0,1,7,1,2,1,1,1,0,3,0,0,1,1,0,0,1,0,5,4,60,1,1,1,2,F,45,0,0,0,0,0,0,0,0,0,0,0,20,0,0,0,1,1,9,9,3,5184,998,38,9,0,1,1,1,0,6,0,995,9.8,998,998,998,99.8,99.8,99.8,36.8453626166511,12,4