CASEID,PSU,CASENO,CASENUMBER,CATEGORY,VEHNO,VIN,VINLENGTH,MAKE,MODEL,MODELYR,BODYTYPE,BODYCAT,VEHCLASS,SPECUSE,TRANSTAT,DAMPLANE,DAMSEV,CURBWT,CURBSRC,CARGOWT,CARGOSRC,INSPTYPE,INSPLAG,TOWED,SPEEDLIMIT,DRPRESENT,PARALCOHOL,ALCTEST,ALCTESTRESULT,ALCTESTSRC,PARDRUG,DRUGTEST,ZIP,RACE,ETHNICITY,RELTOJUNCT,TRAFFLOW,RDLANES,INITLANE,SURFTYPE,SURFCOND,ALIGNMENT,PROFILE,LINERIGHT,LINELEFT,RUMBINIT,RUMBROAD,LIGHTCOND,WEATHER,TRAFDEV,TRAFFUNCT,DISTRACT,PREFHE,PREMOVE,CRITCAT,CRITEVENT,MANEUVER,PRESTAB,PRELOC,CRASHCAT,CRASHCONF,CRASHTYPE,ROLLTYPE,ROLLTURN,ROLLINTRPT,ROLLPREMAN,ROLLINITYP,ROLLINLOC,ROLLOBJ,ROLLTRIP,ROLLDIR,ROLLDIST,DVANGTHIS,DVANGOTH,TOWHITCH,TRAJDOC,TREEPOLE,DVEVENT,DVBASIS,DVTOTAL,DVLONG,DVLAT,DVENERGY,DVSPEED,DVMOMENT,DVBES,DVEST,DVCONF,VAIS,VISS,VINJURED,VTREAT,INITOBJCLASS,HEADANGLECAT,SHLDRWIDTH,STRKLENGTH,STRKWIDTH,STRKHEIGHT,EDGEDISTX,EDGEDISTY,EDGEDISTZ,CASEWGT,PSUSTRAT,VERSION
14308,27,42,1-27-2019-042-09,9,1,JTDBL40E1990,17,49,32,2009,4,1,2,0,1,B,2,1279,5,0,2,1,24,2,48,1,9,9,998,8,9,9,01560,1,2,2,4,2,1,2,1,3,1,1,2,0,0,1,1,0,0,1,0,5,3,53,1,1,1,2,D,22,0,0,0,0,0,0,0,0,0,0,90,90,0,0,0,1,1,33,33,0,87750,998,-15,41,0,4,1,1,0,4,0,995,9.8,998,998,998,99.8,99.8,99.8,404.594480283885,3,4
14308,27,42,1-27-2019-042-09,9,2,1NXBR12E2YZ3,17,49,32,2000,4,1,1,0,1,F,2,1095,5,0,1,1,6,2,48,1,9,9,998,8,9,9,01453,1,1,2,4,2,1,2,1,3,1,1,2,0,0,1,1,0,0,3,0,14,3,50,2,1,1,2,D,20,0,0,0,0,0,0,0,0,0,0,90,90,0,0,0,1,1,37,-37,0,31489,998,0,26,0,4,1,1,0,4,0,995,9.8,998,998,998,99.8,99.8,99.8,404.594480283885,3,4
14309,17,79,1-17-2019-079-07,7,1,4T1BK1EB7DU0,17,49,43,2013,4,1,4,0,1,F,1,1620,5,0,1,1,15,2,113,1,9,0,995,0,9,0,61443,9,9,0,1,4,1,2,2,3,1,1,3,2,3,5,2,0,0,9,1,14,1,5,99,4,4,1,A,2,0,0,0,0,0,0,0,0,0,0,998,998,0,0,0,1,1,13,-12,4,13864,998,77,13,0,1,0,0,0,0,0,998,9.9,999,999,999,99.9,99.9,99.9,425.802376735145,4,4
14310,13,52,1-13-2019-052-03,3,1,2C3CDXHG1FH9,17,7,24,2015,4,1,5,0,1,F,2,1785,5,0,1,1,13,2,97,1,0,0,995,0,0,0,75052,2,2,0,2,3,2,1,1,1,1,3,3,0,0,1,1,0,0,1,1,1,2,12,1,1,4,1,B,6,0,0,0,0,0,0,0,0,0,0,998,998,0,0,0,1,10,999,999,999,9999999,999,0,38,3,0,1,1,0,0,0,998,2.4,999,999,999,0.0,0.0,0.0,743.362630484172,7,4
14311,59,50,1-59-2019-050-08,8,1,KLAVB6927YB2,17,64,33,2000,4,1,3,0,1,R,2,1415,5,9999,9,0,998,5,48,1,0,0,995,0,0,0,47802,9,9,2,4,3,1,2,1,1,1,0,1,0,0,1,1,1,2,3,0,1,2,17,2,1,1,5,L,87,0,0,0,0,0,0,0,0,0,0,270,180,0,0,0,1,3,37,-32,-18,162122,998,90,46,0,4,95,95,95,95,0,995,9.8,998,998,998,99.8,99.8,99.8,124.193457563235,6,4
14311,59,50,1-59-2019-050-08,8,2,1G2ZG58N7741,17,22,22,2007,4,1,4,0,1,F,2,1507,5,0,1,1,5,2,48,1,0,0,995,0,0,0,47802,1,2,2,4,3,2,2,1,1,1,1,2,0,0,1,1,1,2,1,0,1,4,66,1,1,1,5,L,86,0,0,0,0,0,0,0,0,0,0,180,270,0,0,0,1,3,31,-16,27,69591,998,146,23,0,4,1,2,0,4,0,995,9.8,998,998,998,99.8,99.8,99.8,124.193457563235,6,4
14312,59,51,1-59-2019-051-08,8,1,1HGFA15567L0,17,37,31,2007,4,1,3,0,1,F,1,1224,5,0,1,1,4,2,48,1,0,0,995,0,0,0,47807,1,2,0,4,2,1,2,1,1,1,0,2,0,0,1,1,0,0,1,0,1,3,52,1,1,1,2,D,28,0,0,0,0,0,0,0,0,0,0,280,280,0,0,0,1,5,999,999,999,9999999,999,999,15,2,0,1,1,0,0,0,995,9.8,998,998,998,99.8,99.8,99.8,124.193457563235,6,4
14312,59,51,1-59-2019-051-08,8,2,1GBBS10E0H23,17,20,498,1987,29,4,29,0,1,B,1,9999,9,0,2,4,5,2,48,1,0,0,995,0,0,0,62420,1,2,0,4,2,1,2,1,1,1,0,2,0,0,1,1,0,0,1,0,2,3,53,1,1,1,2,D,30,0,0,0,0,0,0,0,0,0,0,280,280,0,0,0,1,5,999,999,999,9999999,999,999,16,2,0,1,1,0,4,0,995,9.8,998,998,998,99.8,99.8,99.8,124.193457563235,6,4
14313,11,72,1-11-2019-072-02,2,1,2C3CDZAG3HH5,17,7,28,2017,2,1,5,0,1,F,3,1785,5,0,1,1,22,2,97,1,0,1,0,2,0,1,23234,1,2,0,2,3,2,2,2,3,9,3,3,0,0,1,2,0,0,1,1,14,1,8,3,3,4,1,A,2,0,0,0,0,0,0,0,0,0,0,998,998,0,0,0,1,1,49,-43,25,201488,998,57,49,0,1,3,10,1,3,0,998,4.2,120,999,999,0.0,0.0,0.0,81.8228818166149,8,4
14314,11,73,1-11-2019-073-04,4,1,JM3KE2DY9G06,17,41,403,2016,14,3,14,0,1,L,1,1559,5,0,1,1,22,2,24,1,0,0,995,0,0,0,23832,9,9,3,4,2,1,2,1,1,1,0,0,0,0,1,1,2,2,1,0,1,2,17,1,1,1,5,L,89,0,0,0,0,0,0,0,0,0,0,275,5,0,0,0,1,3,7,-1,7,5209,998,-124,7,0,4,0,0,0,0,0,995,9.8,998,998,998,99.8,99.8,99.8,3963.19099894369,8,4
14314,11,73,1-11-2019-073-04,4,2,4T1BE30K75U5,17,49,40,2005,4,1,3,0,1,F,1,1455,5,9999,9,0,998,2,72,1,0,0,995,0,0,0,23225,9,9,3,5,5,1,2,1,1,1,0,3,0,0,1,1,0,0,1,0,1,4,73,1,1,1,5,L,88,0,0,0,0,0,0,0,0,0,0,5,275,0,0,0,1,3,7,-7,-1,3222,998,-37,7,0,4,1,2,0,4,0,995,9.8,998,998,998,99.8,99.8,99.8,3963.19099894369,8,4
14315,11,74,1-11-2019-074-03,3,1,3N1AB7AP1EL6,17,35,43,2014,4,1,3,0,1,L,1,1293,5,0,1,1,28,2,72,1,0,0,995,0,0,0,23112,9,9,2,4,2,1,2,2,1,1,1,2,0,0,1,2,2,2,1,0,1,2,17,4,1,1,5,L,89,0,0,0,0,0,0,0,0,0,0,290,20,0,0,0,1,3,10,-5,9,14784,998,-181,10,0,4,0,0,0,0,0,995,9.8,998,998,998,99.8,99.8,99.8,1492.93457701359,8,4
14315,11,74,1-11-2019-074-03,3,2,5Y2SL62843Z4,17,22,32,2003,6,1,2,0,1,L,1,1227,5,0,1,1,14,2,72,1,0,0,995,0,0,0,23237,9,9,2,4,3,2,2,2,1,1,1,2,0,0,1,2,0,0,1,0,1,4,60,1,1,1,6,M,98,0,0,0,0,0,0,0,0,0,0,200,0,0,0,0,2,8,999,999,999,9999999,999,999,999,6,0,99,99,0,99,0,995,9.8,998,998,998,99.8,99.8,99.8,1492.93457701359,8,4
14315,11,74,1-11-2019-074-03,3,3,KNMAT2MT8KP5,17,35,404,2019,14,3,14,0,1,F,1,1550,5,0,1,1,15,2,72,1,0,0,995,0,0,0,32812,2,2,2,4,3,1,2,2,1,1,1,2,0,0,1,2,0,0,1,0,1,4,66,3,1,1,5,L,88,0,0,0,0,0,0,0,0,0,0,20,290,0,0,0,1,3,8,-7,-4,5589,998,-98,8,0,4,1,1,0,6,0,995,9.8,998,998,998,99.8,99.8,99.8,1492.93457701359,8,4
14316,24,77,1-24-2019-077-03,3,1,5TFCY5F11KX0,17,49,482,2019,34,5,31,0,1,F,1,2450,5,9999,9,0,998,5,0,1,0,0,995,0,0,0,08310,9,9,3,4,2,1,2,1,1,1,0,0,0,0,1,1,0,0,9,0,11,2,15,99,1,1,4,K,82,0,0,0,0,0,0,0,0,0,0,245,15,0,0,0,1,3,11,-11,2,19878,998,45,14,0,4,95,95,95,95,0,995,9.8,998,998,998,99.8,99.8,99.8,431.346945257667,1,4
14316,24,77,1-24-2019-077-03,3,2,1FMCU0GD5JUC,17,12,402,2018,14,3,14,0,1,F,1,1611,5,0,1,1,11,2,0,1,0,0,995,0,0,0,08203,1,2,3,4,2,1,2,1,1,1,0,0,0,0,1,1,0,0,1,0,1,4,72,3,1,1,4,K,83,0,0,0,0,0,0,0,0,0,0,15,245,0,0,0,1,3,16,-12,-10,17773,998,-98,13,0,4,1,1,0,4,0,995,9.8,998,998,998,99.8,99.8,99.8,431.346945257667,1,4
14317,24,78,1-24-2019-078-10,10,1,3N1CB51D11L4,17,35,43,2001,4,1,2,0,1,F,1,1165,5,0,1,4,18,2,40,1,0,0,995,0,0,0,19082,2,2,2,4,4,1,2,2,1,1,0,3,0,0,3,2,0,0,1,0,1,5,80,2,1,1,1,C,13,0,0,0,0,0,0,0,0,0,0,998,998,0,0,0,1,10,999,999,999,9999999,999,999,999,6,0,0,0,0,0,0,998,9.8,998,998,998,99.8,99.8,99.8,7659.24982152038,1,4
14318,24,79,1-24-2019-079-03,3,1,3N1CE2CP7HL3,17,35,50,2017,5,1,2,0,1,L,2,1114,5,0,1,1,11,2,80,1,0,0,995,0,0,0,70117,1,1,2,4,4,1,2,1,1,1,1,3,0,0,1,1,1,2,1,0,12,2,21,1,1,6,6,M,98,0,0,0,0,0,0,0,0,0,0,210,310,0,0,0,1,12,999,999,999,9999999,999,999,999,7,0,0,0,0,0,0,995,9.8,998,998,998,99.8,99.8,99.8,431.346945219324,1,4
14318,24,79,1-24-2019-079-03,3,2,1GCGK13U33F1,17,20,481,2003,34,5,31,0,1,F,9,2639,5,9999,9,0,998,2,80,1,0,0,995,0,0,0,08094,1,2,2,4,4,2,2,1,1,1,3,2,0,0,1,1,1,2,9,0,1,4,61,99,1,1,6,M,98,0,0,0,0,0,0,0,0,0,0,310,210,0,0,0,1,0,999,999,999,9999999,999,999,999,9,0,0,0,0,0,0,995,0.0,120,4,83,18.1,13.2,23.2,431.346945219324,1,4
14319,77,72,1-77-2019-072-09,9,1,1G6CD1155J42,17,19,3,1988,2,1,4,0,1,F,1,1541,5,0,1,1,5,2,56,1,0,0,995,0,0,0,22901,1,2,3,1,3,2,2,1,1,1,3,1,0,0,1,1,0,0,1,0,1,4,72,2,1,1,4,K,83,0,0,0,0,0,0,0,0,0,0,225,110,0,0,0,1,3,17,-15,-9,30147,998,-56,21,0,4,0,0,0,0,0,995,9.8,998,998,998,99.8,99.8,99.8,3627.92355116277,9,4
14319,77,72,1-77-2019-072-09,9,2,999999999999,99,12,401,2014,14,3,14,99,1,F,1,2067,5,9999,9,0,998,5,56,1,0,0,995,0,0,0,53140,9,9,3,4,3,2,2,1,3,4,0,1,0,0,1,1,0,0,9,0,11,2,15,99,1,1,4,K,82,0,0,0,0,0,0,0,0,0,0,110,225,0,0,0,1,3,13,-12,7,12575,998,114,10,0,4,95,95,95,95,0,995,9.8,998,998,998,99.8,99.8,99.8,3627.92355116277,9,4
14321,16,47,1-16-2019-047-02,2,1,3GNFK16T5YG1,17,20,431,2000,16,3,16,0,1,F,2,2324,8,0,1,1,21,2,105,1,0,0,995,0,0,0,45030,1,2,0,1,2,2,2,1,1,1,3,2,1,3,1,1,0,0,1,1,1,4,61,1,9,7,3,I,66,0,0,0,0,0,0,0,0,0,0,145,20,0,0,0,1,1,27,-25,-9,63477,998,-154,19,0,1,1,1,0,4,0,995,9.8,998,998,998,99.8,99.8,99.8,24.3590254540844,5,4
14321,16,47,1-16-2019-047-02,2,2,2HKYF18445H5,17,37,421,2005,15,3,15,0,1,L,2,2007,5,0,1,1,40,2,105,1,0,0,995,0,0,0,45030,1,9,0,1,2,2,2,1,1,1,3,2,1,3,1,1,0,0,1,0,1,4,62,1,1,1,3,I,66,0,0,0,0,0,0,0,0,0,0,20,145,0,0,0,1,1,29,-22,19,145794,998,-57,38,0,1,1,1,0,5,0,995,3.8,999,999,999,99.9,99.9,99.9,24.3590254540844,5,4
14321,16,47,1-16-2019-047-02,2,3,3FA6P0G78HR1,17,12,23,2017,4,1,4,0,1,L,2,1558,5,0,1,1,27,2,105,1,0,0,995,0,0,0,45244,1,9,0,1,2,1,2,1,1,1,1,3,3,2,1,1,0,0,1,0,1,4,62,4,1,1,6,M,98,0,0,0,0,0,0,0,0,0,0,20,190,0,0,0,2,3,28,-24,14,42891,998,-61,24,0,4,9,97,0,8,0,995,2.8,120,120,999,4.7,17.0,18.4,24.3590254540844,5,4
14322,16,48,1-16-2019-048-04,4,1,JF2SKAPC7KH4,17,48,401,2019,14,3,14,0,1,L,1,1610,5,0,1,1,4,2,89,1,0,0,995,0,0,0,45226,1,1,1,3,1,1,2,1,2,4,1,2,0,0,3,1,0,0,1,0,14,3,53,2,1,1,2,D,32,0,0,0,0,0,0,0,0,0,0,220,210,0,0,0,1,1,15,-5,15,34541,998,80,20,0,1,1,1,0,5,0,995,3.3,999,999,999,8.0,6.0,10.1,1850.98412203752,5,4
14322,16,48,1-16-2019-048-04,4,2,1HGCP36888A0,17,37,32,2008,4,1,4,0,1,L,1,1621,5,0,1,1,4,2,89,1,0,0,995,0,0,0,45225,2,2,1,3,1,1,2,1,2,4,1,2,0,0,3,1,0,0,1,1,6,2,10,1,1,2,2,D,32,0,0,0,0,0,0,0,0,0,0,998,998,0,0,0,2,1,17,-8,15,18987,998,-10,17,0,4,1,1,0,4,0,998,0.3,999,999,999,3.1,0.3,3.1,1850.98412203752,5,4
14323,32,82,1-32-2019-082-02,2,1,1FAHP2D83JG1,17,12,17,2018,4,1,4,0,1,F,1,1822,5,0,1,1,13,2,72,1,0,1,0,2,0,0,76051,1,2,2,1,3,2,1,1,1,2,3,1,0,0,1,8,1,2,1,0,1,2,17,3,1,1,5,L,88,0,0,0,0,0,0,0,0,0,0,310,220,0,0,0,1,3,18,-16,-9,23700,998,-83,15,0,4,1,3,0,4,0,995,9.8,998,998,998,99.8,99.8,99.8,71.9342846731105,7,4
14323,32,82,1-32-2019-082-02,2,2,2HNYD2H65AH5,17,54,421,2010,15,3,15,0,1,L,1,2064,5,0,1,4,14,2,72,1,0,0,995,0,0,0,75038,3,2,2,3,5,3,1,1,1,1,3,3,0,0,1,8,1,2,9,0,1,4,66,99,1,1,5,L,89,0,0,0,0,0,0,0,0,0,0,220,310,0,0,0,1,3,17,-9,15,38475,998,-64,20,0,4,99,99,0,5,0,995,9.8,998,998,998,99.8,99.8,99.8,71.9342846731105,7,4
14324,32,83,1-32-2019-083-03,3,1,2C3CDXAT7FH7,17,7,24,2015,4,1,5,5,1,F,1,1934,5,0,1,1,13,2,56,1,0,0,995,0,0,0,75061,1,1,3,4,4,2,2,1,1,1,3,2,0,0,3,1,0,0,3,0,1,3,50,8,1,1,2,D,20,0,0,0,0,0,0,0,0,0,0,270,280,0,0,0,1,5,999,999,999,9999999,999,999,13,2,0,9,97,0,5,0,995,9.8,998,998,998,99.8,99.8,99.8,1779.87656211893,7,4
14324,32,83,1-32-2019-083-03,3,2,4T1BF1FK7EU3,17,49,40,2014,4,1,3,0,1,B,1,1441,5,0,1,1,12,2,56,1,0,0,995,0,0,0,75602,2,9,3,4,4,2,2,1,1,1,3,2,0,0,3,1,0,0,9,0,5,3,53,1,1,1,2,D,21,0,0,0,0,0,0,0,0,0,0,280,270,0,0,0,1,5,999,999,999,9999999,999,999,12,2,0,9,97,0,5,0,995,9.8,998,998,998,99.8,99.8,99.8,1779.87656211893,7,4
14325,32,84,1-32-2019-084-04,4,1,1FM5K7D87JGA,17,12,401,2018,14,3,14,0,1,R,1,2067,5,0,1,1,6,2,56,1,0,0,995,0,0,0,75237,2,2,2,1,4,4,2,1,1,1,1,2,0,0,1,1,1,2,2,0,11,2,15,1,1,1,4,J,68,0,0,0,0,0,0,0,0,0,0,300,200,0,0,0,1,1,20,-7,-19,13814,998,34,12,0,1,1,2,0,6,0,995,9.8,998,998,998,99.8,99.8,99.8,4784.41866811586,7,4
14325,32,84,1-32-2019-084-04,4,2,JTHBF1D25E50,17,59,35,2014,4,1,4,0,1,F,2,1600,5,0,1,1,22,2,56,1,0,0,995,0,0,0,76016,3,9,2,1,4,1,2,1,1,1,1,1,0,0,1,1,1,2,9,0,1,4,62,4,1,1,4,J,69,0,0,0,0,0,0,0,0,0,0,200,300,0,0,0,1,1,27,-26,5,70452,998,35,32,0,1,0,0,0,0,0,995,9.8,998,998,998,99.8,99.8,99.8,4784.41866811586,7,4
14326,28,37,1-28-2019-037-03,3,1,1C6RR7GGXHS7,17,7,482,2017,34,5,31,0,1,F,1,2336,5,0,1,1,4,2,113,1,0,0,995,0,0,0,16912,1,2,0,2,2,1,2,1,1,1,1,3,2,3,1,1,0,0,1,0,1,6,87,1,1,1,1,C,13,0,0,0,0,0,0,0,0,0,0,998,998,0,0,0,1,10,999,999,999,9999999,999,33,19,2,0,1,1,0,4,0,998,9.8,998,998,998,99.8,99.8,99.8,86.0927530801405,3,4
14327,28,38,1-28-2019-038-07,7,1,1C4AJWAG1DL5,17,2,403,2013,14,3,14,0,1,T,1,1759,5,0,1,1,16,2,72,1,0,0,995,0,0,0,16930,1,2,0,4,2,1,2,1,3,4,1,2,0,0,2,5,0,0,1,1,14,1,6,5,2,4,1,A,2,1,4,2,2,1,4,61,1,1,14,997,997,0,0,0,1,6,999,999,999,9999999,999,999,999,6,0,0,0,0,0,3,997,0.3,999,999,999,28.2,2.0,28.1,439.73482098512,3,4
14329,52,33,1-52-2019-033-10,10,1,1FTRX18LXXNC,17,12,481,1999,34,5,31,0,1,F,1,2093,5,9999,9,0,998,5,56,1,0,0,995,0,0,0,59105,9,9,2,4,5,2,2,1,1,1,1,1,0,0,1,1,1,2,9,0,1,4,66,99,1,1,5,L,88,0,0,0,0,0,0,0,0,0,0,265,170,0,0,0,1,3,5,-5,-2,2818,998,-97,5,0,4,95,95,95,95,0,995,9.8,998,998,998,99.8,99.8,99.8,2980.22728475485,12,4
14329,52,33,1-52-2019-033-10,10,2,1ZVFT82H1551,17,12,3,2005,2,1,3,0,1,L,1,1565,5,0,1,1,8,2,56,1,0,0,995,0,0,0,59102,1,2,2,4,5,2,2,1,1,1,0,1,0,0,1,1,1,2,1,0,1,2,17,4,1,1,5,L,89,0,0,0,0,0,0,0,0,0,0,170,265,0,0,0,1,3,7,-3,6,4252,998,99,7,0,4,0,0,0,0,0,995,9.8,998,998,998,99.8,99.8,99.8,2980.22728475485,12,4
14330,66,42,1-66-2019-042-04,4,1,3N1AB7AP9HY3,17,35,43,2017,4,1,3,0,1,L,1,1300,5,0,1,1,8,2,89,1,0,0,995,0,7,0,65734,1,1,2,4,2,1,2,1,1,1,1,4,0,0,1,1,0,0,1,0,1,4,66,4,1,1,5,L,89,0,0,0,0,0,0,0,0,0,0,190,270,0,0,0,1,1,11,-9,7,10867,998,-39,14,0,4,0,0,0,0,0,995,9.8,998,998,998,99.8,99.8,99.8,276.376651191419,6,4
14330,66,42,1-66-2019-042-04,4,2,KNDJT2A60D75,17,63,37,2013,6,1,2,0,1,F,1,1260,5,0,1,1,8,2,80,1,0,0,995,0,7,0,65708,1,2,2,4,2,1,2,1,1,1,0,0,0,0,1,1,2,2,2,0,1,2,17,1,1,1,5,L,88,0,0,0,0,0,0,0,0,0,0,270,190,0,0,0,1,1,12,-6,-10,13981,998,-147,11,0,4,0,0,0,0,0,995,9.8,998,998,998,99.8,99.8,99.8,276.376651191419,6,4
14331,66,43,1-66-2019-043-09,9,1,5GZCZ63477S8,17,24,401,2007,14,3,14,0,1,T,1,1577,5,0,1,1,9,2,89,1,0,0,995,0,7,0,65605,1,2,0,4,2,1,2,1,1,1,1,2,0,0,1,8,0,0,3,1,1,2,12,2,4,4,1,B,7,1,2,2,2,1,4,61,1,1,7,997,997,0,1,0,2,6,999,999,999,9999999,999,999,999,6,0,1,3,0,6,3,997,0.1,120,120,-60,6.0,4.1,7.6,270.719613201346,6,4
14333,31,43,1-31-2019-043-03,3,1,3LNHM28T07R6,17,13,13,2007,4,1,3,0,1,F,1,1603,5,0,1,1,27,2,89,1,0,0,995,0,0,0,62473,1,2,2,4,2,1,2,1,2,1,1,4,0,0,1,1,2,2,9,0,14,2,17,2,1,1,5,L,88,0,0,0,0,0,0,0,0,0,0,155,100,0,0,0,1,1,15,-14,-5,23536,998,-18,18,0,4,1,1,0,4,0,995,0.0,14,9,999,1.8,1.8,2.1,227.270424528455,6,4
14333,31,43,1-31-2019-043-03,3,2,2GNALAEK5F11,17,20,404,2015,14,3,14,0,1,L,1,1706,5,0,2,1,11,2,89,1,0,1,0,2,0,2,62869,1,2,2,4,2,1,1,1,3,1,1,4,0,0,1,1,2,2,9,0,14,4,66,1,1,1,5,L,89,0,0,0,0,0,0,0,0,0,0,100,155,0,0,0,1,1,14,3,14,21758,998,146,12,0,4,1,1,0,2,0,995,9.8,998,998,998,99.8,99.8,99.8,227.270424528455,6,4
14334,76,32,1-76-2019-032-06,6,1,1G1ZT58F77F2,17,20,37,2007,4,1,3,0,1,F,1,1416,5,9999,9,0,998,5,89,1,8,9,998,8,7,9,12470,9,9,2,4,2,1,2,1,3,1,1,2,0,0,1,1,0,0,9,0,14,3,52,99,1,1,2,D,32,0,0,0,0,0,0,0,0,0,0,60,20,0,0,0,1,3,6,-6,2,1353,998,68,4,0,4,95,95,95,95,0,995,9.8,998,998,998,99.8,99.8,99.8,60.1745420801735,3,4
14334,76,32,1-76-2019-032-06,6,2,JM1CW2DLXD01,17,41,52,2013,6,1,3,0,1,L,1,1569,5,0,1,1,12,2,89,1,8,9,998,8,7,9,11215,9,9,2,4,2,1,2,1,3,1,1,2,0,0,1,1,0,0,9,0,11,3,53,99,1,1,2,D,32,0,0,0,0,0,0,0,0,0,0,20,60,0,0,0,1,3,5,5,2,3138,998,16,7,0,1,1,1,0,4,0,995,9.8,998,998,998,99.8,99.8,99.8,60.1745420801735,3,4
14335,76,33,1-76-2019-033-09,9,1,KNDJC7366857,17,63,402,2008,14,3,14,0,1,B,2,2024,5,0,1,1,81,2,105,1,8,0,995,0,7,0,12116,1,2,0,2,2,1,2,2,1,9,1,3,2,3,1,2,0,0,9,1,1,2,13,99,3,4,1,A,2,0,0,0,0,0,0,0,0,0,0,998,998,0,0,2,1,11,999,999,999,9999999,999,999,999,7,0,1,1,0,4,0,998,3.6,999,999,999,99.9,99.9,99.9,121.069595744507,3,4
14336,29,78,1-29-2019-078-07,7,1,JTHBJ46G4923,17,59,31,2009,4,1,4,0,1,F,1,1624,5,0,2,6,56,2,48,1,8,9,998,8,7,9,02745,1,2,2,4,2,1,2,1,1,1,1,2,0,0,1,1,0,0,1,0,11,2,15,2,1,1,4,J,68,0,0,0,0,0,0,0,0,0,0,355,195,0,0,0,1,3,16,-15,-3,17090,998,-36,16,0,4,0,0,0,0,0,995,9.8,998,998,998,99.8,99.8,99.8,857.420912398369,2,4
14336,29,78,1-29-2019-078-07,7,2,1HGCP2F84CA2,17,37,32,2012,4,1,4,0,1,F,1,1523,5,0,1,1,8,2,48,1,8,9,998,8,7,9,02744,9,9,2,4,2,1,2,1,3,1,1,2,0,0,1,1,0,0,9,0,14,4,62,99,1,1,4,J,69,0,0,0,0,0,0,0,0,0,0,195,355,0,0,0,1,3,17,-16,3,17090,998,-17,17,0,4,0,0,0,0,0,995,9.8,998,998,998,99.8,99.8,99.8,857.420912398369,2,4
14337,14,40,1-14-2019-040-03,3,1,JN8AY2NC4H95,17,35,421,2017,15,3,15,0,1,F,1,2684,5,0,1,1,26,2,32,1,0,0,995,0,0,0,88007,9,1,0,4,2,1,2,1,3,4,1,2,0,0,2,1,6,2,3,1,14,2,13,99,1,4,1,A,1,0,0,0,0,0,0,0,0,0,0,998,998,0,0,0,1,10,999,999,999,9999999,999,15,12,2,0,0,0,0,0,0,998,0.0,120,120,70,4.8,1.2,3.7,3289.16133794052,8,4
14338,19,37,1-19-2019-037-08,8,1,1FTRW08692KB,17,12,481,2002,34,5,31,0,1,F,1,2265,5,0,1,1,2,2,89,1,0,0,995,0,0,0,35904,1,2,0,4,2,1,2,1,1,2,1,2,0,0,1,1,0,0,1,1,1,4,62,8,1,4,1,A,3,0,0,0,0,0,0,0,0,0,0,998,998,0,1,0,1,1,13,-13,0,17248,998,69,13,0,4,1,1,0,4,0,998,0.7,120,110,-50,35.2,2.3,35.3,417.06344933342,9,4
14339,31,44,1-31-2019-044-04,4,1,2C4RDGC63FR6,17,7,442,2015,20,4,20,0,1,F,9,2050,5,0,2,5,30,2,89,1,0,0,995,0,0,0,62984,1,2,0,1,2,1,1,1,1,1,1,2,0,0,2,1,0,0,1,1,1,6,87,7,1,4,1,B,8,0,0,0,0,0,0,0,0,0,0,998,998,0,0,2,1,12,999,999,999,9999999,999,999,999,9,0,0,0,0,0,0,998,2.5,14,9,999,4.6,1.1,4.8,331.707024699821,6,4
14340,26,84,1-26-2019-084-03,3,1,4V4NC9EJ8HN9,17,51,884,2017,66,8,68,99,1,F,9,,,,,,,5,105,1,0,0,995,0,0,0,98406,9,9,1,2,3,1,1,1,1,1,1,3,0,0,1,1,0,0,1,0,1,3,52,2,1,1,2,D,28,,,,,,,,,,,,,,,,,,,,,,,,,,,95,95,95,95,,,9.8,998,998,998,99.8,99.8,99.8,565.933174035401,10,4
14340,26,84,1-26-2019-084-03,3,2,3VWRZ7AJ6AM0,17,30,40,2010,4,1,2,0,1,B,3,1465,5,9999,9,4,49,5,105,1,0,0,995,0,0,0,95758,9,9,1,2,3,1,1,1,1,1,1,3,0,0,1,1,0,0,1,0,2,3,53,2,1,1,2,D,29,0,0,0,0,0,0,0,0,0,0,110,110,0,0,0,1,5,999,999,999,9999999,999,999,999,8,0,95,95,95,95,0,995,9.8,998,998,998,99.8,99.8,99.8,565.933174035401,10,4
14340,26,84,1-26-2019-084-03,3,3,5YFBURHE0GP4,17,49,32,2016,4,1,3,0,1,B,3,1265,5,9999,9,4,49,2,105,1,0,0,995,0,0,0,95820,9,1,1,2,3,1,1,1,1,1,1,3,0,0,1,1,0,0,1,0,5,3,53,2,1,1,6,M,98,0,0,0,0,0,0,0,0,0,0,110,110,0,0,0,2,12,999,999,999,9999999,999,999,999,8,0,1,1,0,4,0,995,9.8,998,998,998,99.8,99.8,99.8,565.933174035401,10,4
14340,26,84,1-26-2019-084-03,3,4,999999999999,99,54,44,2018,4,1,4,99,1,B,9,9999,9,9999,9,0,998,5,105,1,0,0,995,0,0,0,95818,9,9,1,2,3,1,1,1,1,1,1,3,0,0,1,1,0,0,1,0,1,3,53,1,1,1,6,M,98,0,0,0,0,0,0,0,0,0,0,110,110,0,0,0,3,0,999,999,999,9999999,999,999,999,9,0,95,95,95,95,0,995,9.8,998,998,998,99.8,99.8,99.8,565.933174035401,10,4