CASEID,PSU,CASENO,CASENUMBER,CATEGORY,VEHNO,VIN,VINLENGTH,MAKE,MODEL,MODELYR,BODYTYPE,BODYCAT,VEHCLASS,SPECUSE,TRANSTAT,DAMPLANE,DAMSEV,CURBWT,CURBSRC,CARGOWT,CARGOSRC,INSPTYPE,INSPLAG,TOWED,SPEEDLIMIT,DRPRESENT,PARALCOHOL,ALCTEST,ALCTESTRESULT,ALCTESTSRC,PARDRUG,DRUGTEST,ZIP,RACE,ETHNICITY,RELTOJUNCT,TRAFFLOW,RDLANES,INITLANE,SURFTYPE,SURFCOND,ALIGNMENT,PROFILE,LINERIGHT,LINELEFT,RUMBINIT,RUMBROAD,LIGHTCOND,WEATHER,TRAFDEV,TRAFFUNCT,DISTRACT,PREFHE,PREMOVE,CRITCAT,CRITEVENT,MANEUVER,PRESTAB,PRELOC,CRASHCAT,CRASHCONF,CRASHTYPE,ROLLTYPE,ROLLTURN,ROLLINTRPT,ROLLPREMAN,ROLLINITYP,ROLLINLOC,ROLLOBJ,ROLLTRIP,ROLLDIR,ROLLDIST,DVANGTHIS,DVANGOTH,TOWHITCH,TRAJDOC,TREEPOLE,DVEVENT,DVBASIS,DVTOTAL,DVLONG,DVLAT,DVENERGY,DVSPEED,DVMOMENT,DVBES,DVEST,DVCONF,VAIS,VISS,VINJURED,VTREAT,INITOBJCLASS,HEADANGLECAT,SHLDRWIDTH,STRKLENGTH,STRKWIDTH,STRKHEIGHT,EDGEDISTX,EDGEDISTY,EDGEDISTZ,CASEWGT,PSUSTRAT,VERSION
14341,26,85,1-26-2019-085-01,1,1,JNKCV51E46M5,17,58,37,2006,4,1,4,0,1,T,9,1536,5,9999,9,0,998,2,105,1,9,8,997,8,9,2,95833,9,1,1,3,2,2,2,1,2,1,3,2,0,0,3,1,6,2,9,1,14,2,12,99,1,4,1,B,6,1,1,1,6,1,4,61,1,2,3,998,998,0,1,1,99,0,999,999,999,9999999,999,999,999,9,0,4,29,1,1,3,998,0.9,90,70,96,41.7,8.4,43.6,40.0916540088887,10,4
14342,26,86,1-26-2019-086-02,2,1,KMHD84LF7JU4,17,55,35,2018,4,1,3,0,1,F,1,1275,5,0,1,1,26,2,89,1,0,0,995,0,0,0,95642,1,9,2,4,5,1,2,1,1,1,1,3,0,0,1,1,1,2,1,0,1,4,66,99,1,1,5,L,86,0,0,0,0,0,0,0,0,0,0,75,160,0,0,0,1,1,9,-8,5,9369,998,125,10,0,4,0,0,0,0,0,995,9.8,998,998,998,99.8,99.8,99.8,21.9599301711754,10,4
14342,26,86,1-26-2019-086-02,2,2,5TFSX5ENXGX0,17,49,472,2016,34,5,30,0,1,T,2,1873,5,0,1,1,12,2,89,1,0,1,0,2,0,1,95670,1,2,2,4,3,1,2,1,1,1,1,1,0,0,1,1,1,2,1,0,1,4,66,3,1,1,5,L,87,1,4,1,5,1,1,1,1,2,23,997,997,0,1,0,2,6,999,999,999,9999999,999,999,999,7,0,1,1,0,4,1,997,9.9,999,999,999,99.9,99.9,99.9,21.9599301711754,10,4
14343,25,49,1-25-2019-049-07,7,1,1G1ZD5EU0CF1,17,20,37,2012,4,1,4,0,1,R,1,1551,5,0,1,1,5,2,56,1,8,0,995,0,7,0,04562,9,9,2,4,4,2,2,1,1,1,3,2,0,0,1,1,0,0,1,0,11,2,15,99,1,1,4,J,68,0,0,0,0,0,0,0,0,0,0,205,100,0,0,0,1,1,6,-1,-6,3503,998,224,4,0,1,0,0,0,99,0,995,9.8,998,998,998,99.8,99.8,99.8,845.082401943445,2,4
14343,25,49,1-25-2019-049-07,7,2,KNAFE1219753,17,63,33,2007,4,1,2,0,1,F,1,1225,5,0,1,1,12,2,56,1,8,0,995,0,7,0,04562,1,2,2,4,4,1,2,1,1,1,0,3,0,0,1,1,0,0,1,0,1,4,62,2,1,1,4,J,69,0,0,0,0,0,0,0,0,0,0,100,205,0,0,0,1,1,8,-8,0,8529,998,17,13,0,4,1,1,0,0,0,995,9.8,998,998,998,99.8,99.8,99.8,845.082401943445,2,4
14344,25,50,1-25-2019-050-03,3,1,5N1AT2MV0JC8,17,35,51,2018,6,1,3,0,1,F,1,1610,5,0,1,1,6,2,48,1,8,0,995,0,7,0,04038,1,2,2,4,5,1,2,1,1,1,1,1,0,0,1,1,1,2,3,0,1,3,52,4,1,1,2,D,28,0,0,0,0,0,0,0,0,0,0,235,235,0,0,0,1,3,15,-15,0,13189,998,-3,14,0,4,1,1,0,6,0,995,9.8,998,998,998,99.8,99.8,99.8,205.988653767572,2,4
14344,25,50,1-25-2019-050-03,3,2,1J4GL48K87W6,17,2,405,2007,14,3,14,0,1,B,1,1819,5,9999,9,4,20,5,48,1,8,0,995,0,7,0,04102,9,9,2,4,5,1,2,1,1,1,1,1,0,0,1,1,1,2,1,0,2,3,53,99,1,1,2,D,29,0,0,0,0,0,0,0,0,0,0,235,235,0,0,0,1,3,14,14,0,13880,998,0,14,0,4,95,95,95,95,0,995,9.8,998,998,998,99.8,99.8,99.8,205.988653767572,2,4
14344,25,50,1-25-2019-050-03,3,3,5NPD84LF7KH4,17,55,35,2019,4,1,3,0,1,B,9,1280,5,9999,9,0,998,5,48,1,8,0,995,0,7,0,04096,9,9,2,4,5,1,2,1,1,1,1,1,0,0,1,1,1,2,1,0,2,3,53,99,1,1,6,M,98,0,0,0,0,0,0,0,0,0,0,235,235,0,0,0,2,0,999,999,999,9999999,999,999,999,9,0,95,95,95,95,0,995,9.8,998,998,998,99.8,99.8,99.8,205.988653767572,2,4
14345,17,80,1-17-2019-080-07,7,1,5FNYF4H66DB0,17,37,421,2013,15,3,15,0,1,F,1,2058,5,0,1,1,7,2,113,1,8,0,995,0,7,0,61254,1,2,0,1,4,1,2,1,1,1,1,3,2,3,2,1,0,0,1,0,1,6,87,2,1,1,1,C,13,0,0,0,0,0,0,0,0,0,0,998,998,0,0,0,1,10,999,999,999,9999999,999,42,13,2,0,0,0,0,0,0,998,9.8,998,998,998,99.8,99.8,99.8,319.908922964741,4,4
14346,17,81,1-17-2019-081-09,9,1,2G1WM15K5692,17,20,36,2006,2,1,4,0,1,T,2,1530,5,0,1,1,7,2,48,1,9,8,997,8,9,0,61282,1,2,0,4,4,1,1,1,1,1,0,3,0,0,3,1,0,0,9,1,1,2,13,1,1,4,1,A,2,1,2,2,1,6,4,51,3,2,20,997,997,0,0,0,2,6,999,999,999,9999999,999,999,999,7,0,1,1,0,6,3,997,0.0,999,999,999,1.0,6.8,6.9,289.870471656713,4,4
14347,17,82,1-17-2019-082-03,3,1,5XXGT4L30HG1,17,63,34,2017,4,1,4,0,1,F,1,1463,5,0,1,1,9,2,89,1,9,2,996,1,7,0,61254,9,9,2,4,2,1,2,1,1,1,1,4,0,0,2,1,2,2,9,1,1,2,14,99,1,4,1,C,14,0,0,0,0,0,0,0,0,0,0,998,998,0,0,0,2,1,20,-20,0,24118,998,0,20,0,4,2,9,0,6,0,998,0.9,8,8,58,0.0,5.8,5.8,79.0000377752147,4,4
14349,13,54,1-13-2019-054-02,2,1,1GC4K0C87DF1,17,20,481,2013,34,5,31,0,1,F,9,9999,9,9999,9,0,998,2,72,1,0,0,995,0,0,0,76085,9,1,2,4,5,2,2,1,1,4,5,5,0,0,1,1,1,2,9,0,1,2,17,2,1,1,5,L,88,0,0,0,0,0,0,0,0,0,0,0,270,0,0,0,1,0,999,999,999,9999999,999,999,999,9,0,0,0,0,0,0,995,9.8,998,998,998,99.8,99.8,99.8,40.8596512141272,7,4
14349,13,54,1-13-2019-054-02,2,2,1G4PR5SK8F42,17,18,25,2015,4,1,3,0,1,L,1,1497,5,0,1,1,8,2,72,1,0,0,995,0,0,0,76140,1,1,2,4,2,1,2,1,1,1,0,5,0,0,1,1,1,2,1,0,1,4,66,1,1,1,5,L,89,0,0,0,0,0,0,0,0,0,0,270,0,0,0,0,1,12,999,999,999,9999999,999,999,13,2,0,1,1,0,4,0,995,9.8,998,998,998,99.8,99.8,99.8,40.8596512141272,7,4
14350,15,52,1-15-2019-052-02,2,1,1G1JC6SG1G41,17,20,28,2016,5,1,1,0,1,F,1,1230,5,0,1,1,35,2,89,1,8,1,0,2,7,1,11378,9,9,0,2,4,2,2,2,2,9,3,3,0,2,1,2,0,0,9,1,15,3,51,1,1,2,2,D,24,0,0,0,0,0,0,0,0,0,0,90,85,0,0,0,1,3,17,-17,-3,14262,998,8,17,0,4,1,2,0,3,0,995,9.8,998,998,998,99.8,99.8,99.8,90.6086639136067,1,4
14350,15,52,1-15-2019-052-02,2,2,1FTYR3XM6JKA,17,12,462,2018,21,4,21,0,1,B,1,2268,5,9999,9,0,998,5,89,1,8,9,998,8,7,9,11763,9,9,0,2,4,1,2,2,2,9,1,3,2,2,1,2,0,0,9,0,14,4,60,99,1,1,2,D,25,0,0,0,0,0,0,0,0,0,0,85,90,0,0,0,1,3,10,9,3,11039,998,-108,10,0,4,95,95,95,95,0,995,9.8,998,998,998,99.8,99.8,99.8,90.6086639136067,1,4
14351,18,38,1-18-2019-038-01,1,1,2C4GP44R65R1,17,6,441,2005,20,4,20,0,1,R,3,1977,5,0,1,1,7,2,89,1,0,1,0,2,0,2,54727,1,2,2,4,2,1,2,1,1,1,1,4,0,0,1,1,0,0,9,0,11,2,15,99,1,1,4,J,68,0,0,0,0,0,0,0,0,0,0,130,355,0,1,0,1,5,999,999,999,9999999,999,999,70,5,0,5,30,2,1,0,995,9.8,998,998,998,99.8,99.8,99.8,89.8802797169303,6,4
14351,18,38,1-18-2019-038-01,1,2,1NPXLPEX4KD2,17,87,881,2019,63,8,60,0,1,F,9,,,,,,,2,89,1,0,0,995,0,0,0,54447,9,9,2,4,2,1,2,1,1,4,1,4,0,0,1,1,0,0,9,0,1,4,62,99,1,1,4,J,69,,,,,,,,,,,,,,,,,,,,,,,,,,,95,95,95,95,,,9.9,999,999,999,99.9,99.9,99.9,89.8802797169303,6,4
14352,33,66,1-33-2019-066-08,8,1,1GKFK66U46J1,17,23,422,2006,15,3,15,0,1,T,1,2610,5,0,1,1,38,2,89,1,1,1,372,2,1,2,95966,1,2,0,4,2,1,5,1,2,2,0,0,0,0,1,1,0,0,9,1,14,1,6,8,3,4,1,B,7,1,4,2,6,1,4,61,1,2,28,997,997,0,0,0,3,6,999,999,999,9999999,999,999,999,6,0,2,9,0,3,3,997,0.0,120,55,33,3.7,1.9,4.1,107.767366268881,12,4
14353,33,67,1-33-2019-067-03,3,1,1GCEK19R2XR1,17,20,481,1999,34,5,31,0,1,F,1,4155,4,9999,9,0,998,5,72,1,0,0,995,0,0,0,95901,9,9,0,4,2,1,2,1,2,1,1,2,0,0,2,1,0,0,9,0,14,3,52,1,1,1,2,D,28,0,0,0,0,0,0,0,0,0,0,350,350,0,0,0,1,3,8,-8,0,20092,998,0,11,0,4,95,95,95,95,0,995,9.8,998,998,998,99.8,99.8,99.8,114.389505774051,12,4
14353,33,67,1-33-2019-067-03,3,2,1N4AL3AP7FC1,17,35,47,2015,4,1,4,0,1,B,1,1416,5,0,1,1,24,2,72,1,0,0,995,0,0,0,95965,1,2,0,4,2,1,2,1,1,1,0,0,0,0,2,1,0,0,9,0,2,6,87,1,1,1,2,D,29,0,0,0,0,0,0,0,0,0,0,350,350,0,0,0,1,3,21,21,0,18194,998,20,17,0,4,1,1,0,4,0,995,9.8,998,998,998,99.8,99.8,99.8,114.389505774051,12,4
14354,27,43,1-27-2019-043-06,6,1,1FTNE2EW3EDA,17,12,461,2014,21,4,21,0,1,F,1,2268,5,680,1,1,9,2,56,1,0,0,995,0,0,0,01201,1,2,2,4,3,1,2,1,2,2,1,1,0,0,3,1,1,2,3,1,14,2,12,1,1,4,1,B,6,0,0,0,0,0,0,0,0,0,0,998,998,0,0,0,1,1,13,-13,0,23347,998,-63,13,0,4,0,0,0,4,0,998,0.0,120,30,64,3.2,2.1,3.7,66.1625901243726,3,4
14355,27,44,1-27-2019-044-03,3,1,1N4AA5AP7BC8,17,35,39,2011,4,1,4,0,1,F,1,1630,5,0,1,1,13,2,48,1,8,0,995,0,7,0,01201,2,9,2,4,2,1,2,1,1,1,1,2,0,0,1,1,1,2,3,0,1,3,52,99,1,1,2,D,28,0,0,0,0,0,0,0,0,0,0,30,30,0,0,0,1,1,15,-15,0,10091,998,-5,12,0,4,1,1,0,4,0,995,9.8,998,998,998,99.8,99.8,99.8,46.0584203294948,3,4
14355,27,44,1-27-2019-044-03,3,2,4T1BF1FK6GU5,17,49,40,2016,4,1,4,0,1,B,1,1467,5,0,1,3,7,2,48,1,8,0,995,0,7,0,01201,1,2,2,4,2,1,2,1,1,1,1,2,0,0,1,1,1,2,1,0,2,3,53,1,1,1,2,D,29,0,0,0,0,0,0,0,0,0,0,30,30,0,0,0,1,1,16,16,0,19689,998,0,18,0,4,1,1,0,0,0,995,9.8,998,998,998,99.8,99.8,99.8,46.0584203294948,3,4
14356,30,68,1-30-2019-068-03,3,1,JF2SKACC8KH4,17,48,401,2019,14,3,14,0,1,F,2,1569,5,0,1,1,20,2,72,1,0,9,998,8,0,9,87313,5,2,2,4,4,3,2,1,1,1,1,2,0,0,3,1,1,2,1,0,11,2,15,1,1,1,4,J,68,0,0,0,0,0,0,0,0,0,0,110,0,0,0,0,1,1,28,-22,-18,80429,998,-128,26,0,4,2,9,0,3,0,995,9.8,998,998,998,99.8,99.8,99.8,208.299624676643,10,4
14356,30,68,1-30-2019-068-03,3,2,3C6UR5FL7GG1,17,7,482,2016,34,5,31,0,1,F,1,3005,5,1600,1,1,21,2,72,1,0,1,0,2,0,0,85142,1,2,2,1,2,2,2,1,1,1,1,1,0,0,3,1,1,2,3,0,1,4,62,4,1,1,4,J,69,0,0,0,0,0,0,0,0,0,0,0,110,0,1,0,1,1,10,-9,5,39870,998,103,13,0,4,1,1,0,4,0,995,9.8,998,998,998,99.8,99.8,99.8,208.299624676643,10,4
14357,30,69,1-30-2019-069-07,7,1,1C4BJWDGXCL2,17,2,403,2012,14,3,14,0,1,F,2,1940,5,0,1,2,32,5,72,1,0,0,995,0,0,0,85142,9,9,0,1,2,2,2,1,1,1,3,0,0,0,1,1,0,0,3,0,1,3,52,4,1,1,2,D,28,0,0,0,0,0,0,0,0,0,0,275,270,0,0,0,1,3,26,-26,0,49829,998,0,26,0,4,95,95,95,95,0,995,9.8,998,998,998,99.8,99.8,99.8,874.810905724331,10,4
14357,30,69,1-30-2019-069-07,7,2,5FNRL5H65DB0,17,37,441,2013,20,4,20,0,1,B,1,2047,5,0,1,1,26,2,72,1,0,0,995,0,0,0,85212,9,9,0,1,2,2,2,1,1,1,3,0,0,0,1,1,0,0,1,0,2,3,53,2,1,1,2,D,29,0,0,0,0,0,0,0,0,0,0,270,275,0,0,0,1,3,22,22,0,42940,998,0,22,0,4,0,0,0,0,0,995,9.8,998,998,998,99.8,99.8,99.8,874.810905724331,10,4
14357,30,69,1-30-2019-069-07,7,3,LYV102RMXJB0,17,51,50,2018,6,1,4,0,1,B,1,1866,5,9999,9,0,998,5,72,1,0,0,995,0,0,0,85142,9,9,0,1,2,2,2,1,1,1,3,0,0,0,1,1,0,0,1,0,5,3,52,1,1,1,6,M,98,0,0,0,0,0,0,0,0,0,0,270,270,0,0,0,2,3,16,16,0,19534,998,0,16,0,4,95,95,95,95,0,995,9.8,998,998,998,99.8,99.8,99.8,874.810905724331,10,4
14358,21,67,1-21-2019-067-01,1,1,1G1AJ52F7575,17,20,22,2005,4,1,2,0,1,T,2,1301,5,9999,9,5,23,2,113,1,9,1,0,3,9,2,92612,9,9,0,1,2,2,2,1,1,9,3,2,1,3,1,1,0,0,9,1,1,2,12,99,2,4,1,B,6,1,10,1,2,5,4,31,6,1,56,997,997,0,0,0,1,6,999,999,999,9999999,999,999,999,7,0,3,19,1,1,2,997,1.6,999,999,999,56.6,9.4,57.4,34.4649228608809,11,4
14359,21,68,1-21-2019-068-06,6,1,2C3CDXBG7CH2,17,7,24,2012,4,1,5,0,1,F,2,1797,5,9999,9,4,51,2,105,1,9,0,995,0,9,0,99999,9,9,1,2,4,1,1,1,3,9,1,3,0,0,2,1,0,0,9,1,14,2,13,99,9,4,1,A,1,0,0,0,0,0,0,0,0,0,0,998,998,0,0,0,1,98,999,999,999,9999999,999,999,999,7,0,99,99,0,99,0,998,3.0,999,999,999,99.0,10.3,99.0,449.7434353672,11,4
14360,21,69,1-21-2019-069-09,9,1,3FAHP07ZX8R2,17,12,23,2008,4,1,3,0,1,F,9,1429,5,9999,9,0,998,2,72,1,9,0,995,0,9,0,99999,9,9,0,4,5,2,2,1,1,1,3,2,0,0,1,1,0,0,9,1,1,2,13,99,9,4,1,A,1,0,0,0,0,0,0,0,0,0,0,998,998,0,0,0,99,0,999,999,999,9999999,999,999,999,9,0,99,99,0,99,0,998,0.0,999,15,20,0.0,0.0,0.0,1190.50159772568,11,4
14365,12,44,1-12-2019-044-02,2,1,999999999999,99,99,884,2004,78,8,78,0,1,R,9,,,,,,,5,72,1,0,0,995,0,0,0,78582,9,9,2,4,2,1,2,1,1,1,0,0,0,0,1,8,2,2,9,0,1,2,17,1,1,1,5,L,87,,,,,,,,,,,,,,,,,,,,,,,,,,,95,95,95,95,,,9.8,998,998,998,99.8,99.8,99.8,281.125418816175,9,4
14365,12,44,1-12-2019-044-02,2,2,1GC0CUEG2JZ1,17,20,481,2018,34,5,31,0,1,F,3,2554,5,0,1,1,41,2,72,1,0,0,995,0,0,0,73435,1,2,2,4,2,1,2,1,1,1,0,0,0,0,1,8,0,0,1,0,1,4,66,2,1,1,5,L,86,0,0,0,0,0,0,0,0,0,0,100,175,0,0,0,1,5,999,999,999,9999999,999,999,48,4,0,4,29,1,3,0,995,9.8,998,998,998,99.8,99.8,99.8,281.125418816175,9,4
14366,13,55,1-13-2019-055-03,3,1,5YFBURHE4FP3,17,49,32,2015,4,1,3,0,1,R,1,1265,5,0,1,1,42,2,56,1,0,0,995,0,0,0,76109,9,1,2,1,4,4,1,1,2,1,1,0,0,0,1,1,1,2,9,0,11,2,15,1,1,1,4,J,68,0,0,0,0,0,0,0,0,0,0,290,180,0,0,0,1,1,19,-9,-16,5840,998,-81,9,0,4,9,97,0,8,0,995,9.8,998,998,998,99.8,99.8,99.8,1032.4546026552,7,4
14366,13,55,1-13-2019-055-03,3,2,KNAFB1214Y58,17,63,31,2000,4,1,2,0,1,F,1,1124,5,0,1,1,13,2,56,1,0,0,995,0,0,0,76123,1,2,2,1,5,2,1,1,3,1,1,3,0,0,1,1,1,2,1,0,14,4,62,1,1,1,4,J,69,0,0,0,0,0,0,0,0,0,0,180,290,0,0,0,1,1,17,-17,3,36618,998,1,25,0,4,2,6,0,4,0,995,9.8,998,998,998,99.8,99.8,99.8,1032.4546026552,7,4
14373,11,75,1-11-2019-075-02,2,1,1FA6P8CF0H52,17,12,3,2017,2,1,3,0,1,F,1,1681,5,0,1,1,15,2,56,1,1,1,264,2,0,0,23836,1,2,3,4,2,1,2,1,1,1,0,2,0,0,3,1,0,0,1,1,1,2,13,98,1,4,1,A,1,0,0,0,0,0,0,0,0,0,0,998,998,0,0,1,2,98,999,999,999,9999999,999,999,999,6,0,3,10,1,3,0,998,0.0,9,9,58,13.9,0.5,14.0,113.911411401903,8,4
14374,11,76,1-11-2019-076-02,2,1,5NMZU3LB4HH0,17,55,401,2017,14,3,14,0,1,F,1,1569,5,0,1,1,22,2,72,1,0,0,995,0,0,0,23803,2,2,0,4,2,1,2,1,2,1,1,2,0,0,1,1,0,0,3,1,14,2,13,8,1,4,1,A,1,0,0,0,0,0,0,0,0,0,0,998,998,0,1,0,1,1,14,-14,0,13733,998,-7,14,0,1,0,0,0,4,0,998,0.0,120,120,27,5.2,3.4,6.4,113.911411401903,8,4
14375,11,77,1-11-2019-077-02,2,1,JM3KE2BY5G07,17,41,403,2016,14,3,14,0,1,B,3,1489,5,0,1,1,19,2,97,1,0,0,995,0,0,0,23831,2,2,0,2,3,1,2,1,1,1,1,3,0,0,5,1,0,0,1,0,2,3,53,2,1,1,2,D,29,0,0,0,0,0,0,0,0,0,0,180,180,0,0,0,1,12,999,999,999,9999999,999,999,43,4,0,3,14,1,3,0,995,3.1,120,999,999,0.7,1.8,1.9,113.911411401903,8,4
14375,11,77,1-11-2019-077-02,2,2,3N1CN7AP6GL9,17,35,50,2016,4,1,2,0,1,B,2,1132,5,0,1,1,20,2,97,1,0,0,995,0,0,0,23834,9,2,0,2,3,1,2,1,1,1,1,3,0,0,5,1,0,0,1,0,1,3,53,10,1,1,6,M,98,0,0,0,0,0,0,0,0,0,0,190,175,0,0,0,2,1,29,28,-5,54555,998,52,32,0,4,0,0,0,4,0,995,9.8,998,998,998,99.8,99.8,99.8,113.911411401903,8,4
14375,11,77,1-11-2019-077-02,2,3,1FTFW1ET9DFA,17,12,481,2013,34,5,31,0,1,L,9,9999,9,9999,9,0,998,2,97,1,9,0,995,0,9,0,99999,9,9,0,2,3,1,2,1,1,1,1,3,0,0,5,1,0,0,9,0,1,3,52,99,1,1,2,D,28,0,0,0,0,0,0,0,0,0,0,180,180,0,0,0,3,0,999,999,999,9999999,999,999,999,9,0,99,99,0,99,0,995,9.8,998,998,998,99.8,99.8,99.8,113.911411401903,8,4
14376,77,73,1-77-2019-073-03,3,1,JTNB11HK4J30,17,49,40,2018,4,1,4,0,1,F,1,1470,5,0,1,1,9,2,72,1,0,0,995,0,0,0,22932,1,2,0,1,1,1,2,1,1,1,1,2,0,0,1,1,0,0,1,0,1,6,87,4,2,1,1,C,13,0,0,0,0,0,0,0,0,0,0,998,998,0,0,0,1,10,999,999,999,9999999,999,53,13,2,0,0,0,0,0,0,998,9.8,998,998,998,99.8,99.8,99.8,390.313083793338,9,4
14378,77,75,1-77-2019-075-02,2,1,5NPE24AF0HH5,17,55,33,2017,4,1,4,0,1,F,1,1475,5,0,1,1,3,2,89,1,0,0,995,0,0,0,22942,1,2,2,2,3,1,2,1,1,1,1,1,2,3,1,1,1,2,3,0,1,3,50,4,1,1,2,D,20,0,0,0,0,0,0,0,0,0,0,35,30,0,0,0,1,3,23,-23,-4,38080,998,-36,24,0,4,2,5,0,3,0,995,9.8,998,998,998,99.8,99.8,99.8,82.9547267506105,9,4
14378,77,75,1-77-2019-075-02,2,2,5J6YH28593L0,17,37,403,2003,14,3,14,0,1,B,1,1631,5,0,1,1,3,2,89,1,0,0,995,0,0,0,22911,9,9,2,2,3,1,2,1,1,1,1,1,2,1,1,1,1,2,1,0,5,3,53,1,1,1,2,D,21,0,0,0,0,0,0,0,0,0,0,30,35,0,0,0,1,3,21,21,4,40244,998,-88,20,0,4,2,5,0,4,0,995,9.8,998,998,998,99.8,99.8,99.8,82.9547267506105,9,4
14379,24,80,1-24-2019-080-05,5,1,2GNFLGEK2D61,17,20,404,2013,14,3,14,0,1,R,9,1782,5,0,2,0,998,2,40,1,1,1,180,1,0,0,08080,1,2,0,4,2,1,2,1,1,1,0,2,0,0,2,1,0,0,9,1,1,2,13,99,9,4,1,C,11,0,0,0,0,0,0,0,0,0,0,130,115,0,0,0,1,0,999,999,999,9999999,999,999,999,9,0,0,0,0,5,0,995,9.8,998,998,998,99.8,99.8,99.8,442.180096498864,1,4
14379,24,80,1-24-2019-080-05,5,2,19UUB1F53HA0,17,54,44,2017,4,1,4,0,2,L,9,1584,8,9999,9,0,998,,,,,,,,,,,,,,,,,,,,,,,,,,,,,,,,,,,,,,,,,,,,,,,,,,,,,,,,,,,,,,,,,,95,95,95,95,,,,,,,,,,442.180096498864,1,4
14380,24,81,1-24-2019-081-03,3,1,2T1BURHE4GC6,17,49,32,2016,4,1,3,0,1,F,3,1265,5,0,1,1,11,2,56,1,0,0,995,0,0,0,08037,1,1,2,4,2,1,2,1,1,1,0,2,1,0,1,1,1,2,1,0,1,3,52,4,1,1,2,D,28,0,0,0,0,0,0,0,0,0,0,225,205,0,0,0,1,12,999,999,999,9999999,999,999,56,5,0,0,0,0,0,0,995,9.8,998,998,998,99.8,99.8,99.8,1254.0517920675,1,4
14380,24,81,1-24-2019-081-03,3,2,KM8JUCAC8DU7,17,55,402,2013,14,3,14,0,1,B,9,1582,5,9999,9,0,998,5,56,1,0,0,995,0,0,0,08037,9,9,2,4,2,1,2,1,1,1,0,2,1,0,1,1,1,2,9,0,11,2,18,99,1,1,2,D,29,0,0,0,0,0,0,0,0,0,0,205,225,0,0,0,1,0,999,999,999,9999999,999,999,999,9,0,95,95,95,95,0,995,9.8,998,998,998,99.8,99.8,99.8,1254.0517920675,1,4
14381,24,82,1-24-2019-082-02,2,1,3HGGK5H50HM7,17,37,39,2017,5,1,1,0,1,F,2,1131,5,0,1,1,12,2,64,1,0,1,0,2,0,0,08234,1,2,2,4,7,3,2,1,1,2,2,3,0,0,1,1,1,2,3,1,1,2,10,1,1,2,3,I,64,0,0,0,0,0,0,0,0,0,0,40,225,0,0,0,2,3,25,-25,4,23518,998,-22,22,0,4,1,3,0,3,0,995,9.8,998,998,998,99.8,99.8,99.8,57.6076865340657,1,4
14381,24,82,1-24-2019-082-02,2,2,1FMCU0GD9HUD,17,12,402,2017,14,3,14,0,1,9,9,1611,5,0,1,2,14,5,64,1,0,0,995,0,0,0,08230,9,9,2,1,3,3,2,1,1,1,1,2,0,0,1,1,1,2,9,0,5,4,62,1,1,1,3,I,65,0,0,0,0,0,0,0,0,0,0,225,40,0,0,0,1,12,999,999,999,9999999,999,999,999,9,0,95,95,95,95,0,995,9.8,998,998,998,99.8,99.8,99.8,57.6076865340657,1,4
14381,24,82,1-24-2019-082-02,2,3,1D7RW3GK5BS6,17,7,472,2011,34,5,31,0,1,F,1,2071,5,0,1,1,13,2,64,1,0,0,995,0,0,0,08234,1,2,2,1,3,2,2,1,1,1,1,1,0,0,1,1,1,2,1,0,5,4,62,1,1,1,6,M,98,0,0,0,0,0,0,0,0,0,0,225,40,0,0,0,2,3,14,-14,2,23625,998,44,16,0,4,1,2,0,4,0,995,9.8,998,998,998,99.8,99.8,99.8,57.6076865340657,1,4
14381,24,82,1-24-2019-082-02,2,4,JF2SJAGC1JH5,17,48,401,2018,14,3,14,0,1,F,1,1498,5,9999,9,4,13,5,64,1,0,0,995,0,0,0,07712,9,9,2,1,3,3,2,1,1,1,1,2,0,0,1,1,1,2,9,0,5,4,63,1,1,1,6,M,98,0,0,0,0,0,0,0,0,0,0,225,40,0,0,0,3,12,999,999,999,9999999,999,999,999,6,0,95,95,95,95,0,995,9.8,998,998,998,99.8,99.8,99.8,57.6076865340657,1,4
14381,24,82,1-24-2019-082-02,2,5,1FT8W3BT5HEB,17,12,481,2017,34,5,31,0,1,9,9,3036,5,9999,9,0,998,5,64,1,0,0,995,0,0,0,19518,9,9,2,1,3,1,2,1,1,1,0,1,0,0,1,1,1,2,9,0,5,4,60,99,1,1,6,M,98,0,0,0,0,0,0,0,0,0,0,225,210,0,0,0,4,0,999,999,999,9999999,999,999,999,9,0,95,95,95,95,0,995,9.8,998,998,998,99.8,99.8,99.8,57.6076865340657,1,4
14382,12,45,1-12-2019-045-10,10,1,5NPEU46F06H1,17,55,33,2006,4,1,3,0,1,R,1,1569,5,0,1,1,3,2,56,1,0,0,995,0,0,0,73401,1,2,2,4,2,1,1,1,1,1,0,0,0,0,1,1,2,2,1,0,1,2,17,1,1,1,5,L,87,0,0,0,0,0,0,0,0,0,0,110,15,0,0,0,1,3,18,-6,-17,31408,998,83,19,0,4,0,0,0,0,0,995,9.8,998,998,998,99.8,99.8,99.8,410.935624911827,9,4