CASEID,PSU,CASENO,CASENUMBER,CATEGORY,VEHNO,VIN,VINLENGTH,MAKE,MODEL,MODELYR,BODYTYPE,BODYCAT,VEHCLASS,SPECUSE,TRANSTAT,DAMPLANE,DAMSEV,CURBWT,CURBSRC,CARGOWT,CARGOSRC,INSPTYPE,INSPLAG,TOWED,SPEEDLIMIT,DRPRESENT,PARALCOHOL,ALCTEST,ALCTESTRESULT,ALCTESTSRC,PARDRUG,DRUGTEST,ZIP,RACE,ETHNICITY,RELTOJUNCT,TRAFFLOW,RDLANES,INITLANE,SURFTYPE,SURFCOND,ALIGNMENT,PROFILE,LINERIGHT,LINELEFT,RUMBINIT,RUMBROAD,LIGHTCOND,WEATHER,TRAFDEV,TRAFFUNCT,DISTRACT,PREFHE,PREMOVE,CRITCAT,CRITEVENT,MANEUVER,PRESTAB,PRELOC,CRASHCAT,CRASHCONF,CRASHTYPE,ROLLTYPE,ROLLTURN,ROLLINTRPT,ROLLPREMAN,ROLLINITYP,ROLLINLOC,ROLLOBJ,ROLLTRIP,ROLLDIR,ROLLDIST,DVANGTHIS,DVANGOTH,TOWHITCH,TRAJDOC,TREEPOLE,DVEVENT,DVBASIS,DVTOTAL,DVLONG,DVLAT,DVENERGY,DVSPEED,DVMOMENT,DVBES,DVEST,DVCONF,VAIS,VISS,VINJURED,VTREAT,INITOBJCLASS,HEADANGLECAT,SHLDRWIDTH,STRKLENGTH,STRKWIDTH,STRKHEIGHT,EDGEDISTX,EDGEDISTY,EDGEDISTZ,CASEWGT,PSUSTRAT,VERSION
14382,12,45,1-12-2019-045-10,10,2,1GKDT13W8121,17,23,421,2001,15,3,15,0,1,F,1,1889,5,9999,9,0,998,5,56,1,0,0,995,0,0,0,73401,9,9,2,4,2,1,2,1,1,1,0,0,0,0,1,1,0,0,1,0,1,4,66,1,1,1,5,L,86,0,0,0,0,0,0,0,0,0,0,15,110,0,0,0,1,3,14,-14,2,11874,998,38,12,0,4,95,95,95,95,0,995,9.8,998,998,998,99.8,99.8,99.8,410.935624911827,9,4
14383,12,46,1-12-2019-046-03,3,1,1HSHBGFN6MH3,17,84,881,1991,66,8,68,0,1,L,9,,,,,,,5,40,1,0,0,995,0,0,0,73401,9,9,0,4,2,1,2,1,3,1,0,0,0,0,1,1,0,0,9,1,14,2,10,1,1,2,3,I,64,,,,,,,,,,,,,,,,,,,,,,,,,,,95,95,95,95,,,9.8,998,998,998,99.8,99.8,99.8,227.405058712066,9,4
14383,12,46,1-12-2019-046-03,3,2,1FMJU1MT7HEA,17,12,422,2017,15,3,15,0,1,F,1,2768,5,0,1,1,6,2,40,1,0,0,995,0,0,0,73401,9,9,0,4,2,1,2,1,2,1,0,0,0,0,1,1,0,0,9,0,14,4,62,99,1,1,3,I,65,0,0,0,0,0,0,0,0,0,0,65,255,0,0,0,1,5,999,999,999,9999999,999,999,999,6,0,99,99,0,99,0,995,9.8,998,998,998,99.8,99.8,99.8,227.405058712066,9,4
14384,16,49,1-16-2019-049-06,6,1,3GCUKREC9HG1,17,20,481,2017,34,5,31,0,1,F,1,2431,5,9999,9,0,998,5,56,1,0,0,995,0,0,0,45241,9,9,3,4,2,1,2,1,3,2,1,2,0,0,1,1,0,0,1,0,14,3,52,2,1,1,2,D,28,0,0,0,0,0,0,0,0,0,0,70,70,0,0,0,1,3,12,-12,0,14182,998,0,12,0,4,95,95,95,95,0,995,9.8,998,998,998,99.8,99.8,99.8,1251.51642284456,5,4
14384,16,49,1-16-2019-049-06,6,2,4T1BF3EK2AU0,17,49,40,2010,4,1,4,0,1,F,1,1500,5,0,1,1,4,2,56,1,0,0,995,0,0,0,41075,9,9,3,4,2,1,2,1,3,2,1,2,0,0,1,1,0,0,1,0,2,3,53,1,1,1,2,D,29,0,0,0,0,0,0,0,0,0,0,70,70,0,0,0,2,3,18,-18,0,21385,998,-62,17,0,4,99,99,0,99,0,995,9.8,998,998,998,99.8,99.8,99.8,1251.51642284456,5,4
14384,16,49,1-16-2019-049-06,6,3,5XXGT4L35HG1,17,63,34,2017,4,1,4,0,1,B,1,1463,5,9999,9,0,998,5,56,1,0,0,995,0,0,0,45157,9,9,3,4,2,1,2,1,3,2,1,2,0,0,1,1,0,0,1,0,14,3,52,1,1,1,6,M,98,0,0,0,0,0,0,0,0,0,0,70,70,0,0,0,2,3,21,20,4,29770,998,-45,22,0,4,95,95,95,95,0,995,9.8,998,998,998,99.8,99.8,99.8,1251.51642284456,5,4
14385,48,41,1-48-2019-041-03,3,1,1FTFW1ET2CFA,17,12,481,2012,34,5,31,0,1,F,1,2522,5,0,2,1,16,2,129,1,0,0,995,0,0,0,83301,1,2,0,2,2,2,2,1,1,1,3,2,1,3,1,1,0,0,2,0,1,3,52,3,1,1,2,D,28,0,0,0,0,0,0,0,0,0,0,140,145,1,0,0,1,5,999,999,999,9999999,999,999,999,2,0,0,0,0,0,0,995,9.8,998,998,998,99.8,99.8,99.8,219.351307625989,12,4
14385,48,41,1-48-2019-041-03,3,2,3KPF24AD8KE0,17,63,38,2019,4,1,3,0,1,F,1,1253,5,0,2,0,998,2,129,1,0,1,0,2,0,0,94526,1,2,0,2,2,2,2,1,1,1,3,2,1,3,1,1,0,0,1,0,2,3,53,2,1,1,2,D,29,0,0,0,0,0,0,0,0,0,0,145,145,0,1,0,2,3,22,22,4,26791,998,-44,21,0,4,1,1,0,4,0,995,9.8,998,998,998,99.8,99.8,99.8,219.351307625989,12,4
14385,48,41,1-48-2019-041-03,3,3,5N1AN08W86C5,17,35,402,2006,14,3,14,0,1,B,1,1973,5,0,2,2,17,5,129,1,0,0,995,0,0,0,84088,9,9,0,2,2,2,2,1,1,1,3,2,1,3,1,1,0,0,1,0,2,3,53,1,1,1,6,M,98,0,0,0,0,0,0,0,0,0,0,145,145,0,0,0,2,3,15,15,0,20358,998,0,16,0,4,95,95,95,95,0,995,9.8,998,998,998,99.8,99.8,99.8,219.351307625989,12,4
14386,52,34,1-52-2019-034-06,6,1,KNDJT2A29B72,17,63,37,2011,6,1,2,0,1,F,2,1315,5,0,1,1,13,2,40,1,0,0,995,0,0,0,59102,1,1,0,4,2,1,2,1,1,1,1,2,0,0,5,1,0,0,3,1,1,2,13,1,1,4,1,A,1,0,0,0,0,0,0,0,0,0,0,998,998,0,0,0,2,1,25,-25,0,35855,998,-22,25,0,4,2,4,0,4,0,998,0.0,21,21,99,17.7,1.6,17.9,55.4528477452806,12,4
14387,52,35,1-52-2019-035-09,9,1,2G1WB58K5812,17,20,2,2008,4,1,4,0,1,F,1,1630,5,0,1,1,7,2,56,1,0,0,995,0,0,0,46761,9,9,2,4,2,1,2,1,1,1,1,2,0,0,1,8,1,2,3,0,1,3,52,2,1,1,2,D,28,0,0,0,0,0,0,0,0,0,0,180,180,0,0,0,1,1,22,-22,0,36859,998,32,23,0,4,1,1,0,6,0,995,9.8,998,998,998,99.8,99.8,99.8,180.796150094748,12,4
14387,52,35,1-52-2019-035-09,9,2,3TMMU4FN7CM0,17,49,472,2012,34,5,30,0,1,B,1,1900,5,0,1,2,8,5,56,1,0,0,995,0,0,0,59079,9,9,2,4,2,1,2,1,1,1,1,2,0,0,1,8,1,2,1,0,2,3,53,1,1,1,2,D,29,0,0,0,0,0,0,0,0,0,0,180,180,0,0,0,1,1,20,20,0,24586,998,24,18,0,4,95,95,95,95,0,995,9.8,998,998,998,99.8,99.8,99.8,180.796150094748,12,4
14387,52,35,1-52-2019-035-09,9,3,1GTP6DE12J11,17,23,472,2018,34,5,30,0,1,B,1,2001,5,0,1,2,8,5,56,1,0,0,995,0,0,0,59102,9,9,2,4,2,1,2,1,1,1,1,2,0,0,1,8,1,2,1,0,1,3,53,1,1,1,6,M,98,0,0,0,0,0,0,0,0,0,0,180,180,0,0,0,2,1,13,13,0,14354,998,35,13,0,4,95,95,95,95,0,995,9.8,998,998,998,99.8,99.8,99.8,180.796150094748,12,4
14388,28,39,1-28-2019-039-09,9,1,1J4GL58K74W1,17,2,405,2004,14,3,14,0,1,L,2,1834,5,0,1,1,6,2,56,1,0,1,0,2,0,0,16915,1,2,0,4,2,1,2,2,3,1,0,2,0,0,1,2,6,2,1,1,14,1,6,98,4,4,1,A,2,1,1,2,2,5,4,31,1,2,10,997,997,0,0,0,1,6,999,999,999,9999999,999,999,999,7,0,1,1,0,4,2,997,9.8,998,998,998,99.8,99.8,99.8,199.807870269531,3,4
14389,14,41,1-14-2019-041-07,7,1,KNAFU4A29D57,17,63,38,2013,4,1,3,0,1,L,1,1228,5,0,2,1,11,2,48,1,0,0,995,0,0,0,78130,1,2,2,4,4,1,2,1,1,1,0,3,0,0,1,1,0,0,1,0,1,4,66,1,1,1,5,L,89,0,0,0,0,0,0,0,0,0,0,40,130,0,0,0,1,3,14,-9,10,19425,998,-109,15,0,4,0,0,0,0,0,995,9.8,998,998,998,99.8,99.8,99.8,5900.85000409405,8,4
14389,14,41,1-14-2019-041-07,7,2,2C4RC1HG9ER3,17,6,441,2014,20,4,20,0,1,F,1,2115,5,9999,9,0,998,5,97,1,0,0,995,0,0,0,78239,9,9,2,4,2,1,2,1,1,1,0,0,0,0,1,1,2,2,9,0,1,2,17,1,1,1,5,L,88,0,0,0,0,0,0,0,0,0,0,130,40,0,0,0,1,3,8,-6,-5,8057,998,-148,7,0,4,95,95,95,95,0,995,9.8,998,998,998,99.8,99.8,99.8,5900.85000409405,8,4
14390,73,42,1-73-2019-042-06,6,1,1J4RS5GT6AC1,17,2,404,2010,14,3,14,0,1,T,2,2174,5,0,1,1,8,2,72,1,8,0,995,0,7,0,04920,9,9,0,4,2,1,2,2,3,4,1,2,0,0,1,2,0,0,9,1,14,1,6,99,4,4,1,A,2,1,4,2,2,1,4,61,1,1,16,997,997,0,1,0,1,6,999,999,999,9999999,999,999,999,7,0,9,97,0,99,3,997,9.8,998,998,998,99.8,99.8,99.8,107.123582115093,3,4
14391,77,76,1-77-2019-076-03,3,1,3CZRU6H59GM7,17,37,404,2016,14,3,14,0,1,F,1,1389,5,0,1,1,19,2,56,1,0,0,995,0,0,0,22903,9,9,0,4,3,1,2,1,3,1,0,2,0,0,3,1,0,0,1,1,6,4,61,3,1,2,6,M,98,0,0,0,0,0,0,0,0,0,0,35,320,0,0,0,1,3,21,-20,-7,16245,998,-29,16,0,4,0,0,0,4,0,995,9.8,998,998,998,99.8,99.8,99.8,390.313083793338,9,4
14391,77,76,1-77-2019-076-03,3,2,1G8JU54F43Y5,17,24,5,2003,4,1,3,0,1,L,1,1336,5,9999,9,0,998,2,56,1,0,0,995,0,0,0,23464,9,9,0,4,3,1,2,1,3,1,0,2,0,0,3,1,0,0,3,1,12,2,21,99,1,2,6,M,98,0,0,0,0,0,0,0,0,0,0,320,35,0,0,0,1,3,23,-4,23,42828,998,-42,27,0,4,0,0,0,0,0,995,9.8,998,998,998,99.8,99.8,99.8,390.313083793338,9,4
14392,32,85,1-32-2019-085-05,5,1,5N1AL0MN3DC3,17,58,402,2013,14,3,14,0,1,F,1,2005,5,0,1,1,23,2,72,1,0,1,225,2,0,0,75240,1,1,1,3,3,1,1,1,1,9,1,1,0,0,3,1,1,2,9,0,1,2,17,4,1,1,5,L,86,0,0,0,0,0,0,0,0,0,0,340,70,0,0,0,1,1,19,-17,10,71655,998,86,25,0,4,2,5,0,3,0,995,9.8,998,998,998,99.8,99.8,99.8,233.834725105551,7,4
14392,32,85,1-32-2019-085-05,5,2,5TDZA3EHXAS0,17,49,403,2010,14,3,14,0,1,R,1,1896,5,0,1,1,25,2,72,1,0,0,995,0,0,0,75154,1,1,1,3,3,2,1,1,1,9,1,2,0,0,3,1,1,2,1,0,1,4,66,2,1,1,5,L,87,0,0,0,0,0,0,0,0,0,0,70,340,0,0,0,1,1,21,-11,-18,10628,998,-63,11,0,4,2,6,0,4,0,995,9.8,998,998,998,99.8,99.8,99.8,233.834725105551,7,4
14393,32,86,1-32-2019-086-05,5,1,WBANU5C52AC4,17,34,35,2010,4,1,4,0,1,F,1,1590,5,0,1,1,20,2,56,1,0,0,995,0,0,0,75216,2,2,2,1,4,1,1,1,1,2,0,1,0,0,1,1,1,2,9,0,1,2,17,99,1,1,5,L,86,0,0,0,0,0,0,0,0,0,0,95,185,0,0,0,1,1,23,-21,8,47734,998,74,24,0,1,0,0,0,4,0,995,9.8,998,998,998,99.8,99.8,99.8,233.834725105551,7,4
14393,32,86,1-32-2019-086-05,5,2,1GTEC14W32Z1,17,23,481,2002,34,5,31,0,1,R,1,2289,5,0,1,1,22,2,56,1,0,0,995,0,0,0,76023,1,2,2,1,4,1,1,1,1,4,0,1,0,0,1,1,1,2,1,0,1,4,66,1,1,1,5,L,87,0,0,0,0,0,0,0,0,0,0,185,95,0,0,0,1,1,15,-5,-14,17108,998,-63,12,0,1,1,1,0,5,0,995,9.8,998,998,998,99.8,99.8,99.8,233.834725105551,7,4
14393,32,86,1-32-2019-086-05,5,3,1GKS1KE06DR3,17,23,421,2013,15,3,15,0,1,L,1,2575,5,9999,9,0,998,2,56,1,0,0,995,0,0,0,75243,2,9,2,1,4,4,1,1,1,2,1,0,0,0,1,1,1,2,9,0,5,4,62,99,1,1,6,M,98,0,0,0,0,0,0,0,0,0,0,10,130,0,0,0,3,3,14,-7,12,28529,998,-50,16,0,4,99,99,0,5,0,995,9.8,998,998,998,99.8,99.8,99.8,233.834725105551,7,4
14394,32,87,1-32-2019-087-02,2,1,1D8HN44E09B5,17,7,442,2009,20,4,20,0,1,F,1,1960,5,9999,9,0,998,5,72,1,0,0,995,0,0,0,75041,9,9,2,1,4,2,1,1,1,2,1,1,0,0,1,1,1,2,9,0,1,2,17,99,1,1,5,L,88,0,0,0,0,0,0,0,0,0,0,280,190,0,0,0,1,3,19,-15,-12,31749,998,-149,15,0,4,95,95,95,95,0,995,9.8,998,998,998,99.8,99.8,99.8,99.0233479272728,7,4
14394,32,87,1-32-2019-087-02,2,2,3N1CN7AP2GL8,17,35,50,2016,4,1,2,0,1,L,2,1114,5,0,1,1,8,2,72,1,0,1,0,2,0,0,75181,2,2,2,1,5,1,1,1,1,2,0,1,0,0,1,1,1,2,1,0,1,4,66,11,1,1,5,L,89,1,2,2,5,1,1,61,1,1,999,190,280,0,0,0,1,3,29,-19,23,76543,998,-65,35,0,4,1,1,0,4,3,995,9.8,998,998,998,99.8,99.8,99.8,99.0233479272728,7,4
14395,59,52,1-59-2019-052-02,2,1,3GCUKREC3FG1,17,20,481,2015,34,5,31,0,1,F,1,2394,5,0,1,5,7,2,97,1,0,1,0,2,0,0,47842,1,2,0,1,2,1,2,1,1,9,1,3,2,3,1,1,0,0,3,1,1,2,13,2,2,4,1,A,1,0,0,0,0,0,0,0,0,0,0,998,998,0,0,0,1,12,999,999,999,9999999,999,999,999,1,0,2,5,0,4,0,998,3.9,999,999,999,99.9,99.9,99.9,223.064156222609,6,4
14396,76,34,1-76-2019-034-05,5,1,JHLRE4H70BC0,17,37,402,2011,14,3,14,0,1,F,1,1604,5,0,1,1,9,2,89,1,8,9,998,8,7,9,13753,1,2,0,4,2,1,2,1,1,1,1,2,0,0,1,1,0,0,9,1,1,2,13,4,1,4,1,A,1,0,0,0,0,0,0,0,0,0,0,998,998,0,0,0,1,12,999,999,999,9999999,999,999,999,6,0,3,14,1,3,0,998,0.3,999,999,-76,5.1,2.6,5.6,28.3219984888905,3,4
14397,27,45,1-27-2019-045-06,6,1,2FMDK4KCXDBC,17,12,24,2013,6,1,4,0,1,F,1,1993,5,0,1,1,5,2,48,1,8,9,998,8,7,9,01247,1,2,0,4,2,1,2,1,2,2,0,0,0,0,1,1,0,0,1,0,14,4,62,4,1,1,3,G,51,0,0,0,0,0,0,0,0,0,0,95,300,0,0,0,1,3,8,-7,-3,8972,998,-144,7,0,4,1,1,0,4,0,995,9.8,998,998,998,99.8,99.8,99.8,199.900691334429,3,4
14397,27,45,1-27-2019-045-06,6,2,4T1BF1FK1CU6,17,49,40,2012,4,1,3,0,1,F,1,1441,5,0,2,1,11,2,48,1,8,9,998,8,7,9,01247,1,2,0,4,2,1,2,1,3,4,0,0,0,0,1,1,0,0,3,1,14,2,10,2,1,2,3,G,50,0,0,0,0,0,0,0,0,0,0,300,95,0,0,0,1,3,11,-11,2,9009,998,-30,12,0,4,1,1,0,0,0,995,9.8,998,998,998,99.8,99.8,99.8,199.900691334429,3,4
14399,25,51,1-25-2019-051-05,5,1,1HGCP2F42AA1,17,37,32,2010,4,1,4,0,1,F,1,1468,5,0,1,1,5,2,72,1,8,0,995,0,7,0,04076,1,2,2,4,2,1,2,1,1,1,1,4,0,0,1,1,0,0,3,1,6,4,61,7,1,1,4,J,73,0,0,0,0,0,0,0,0,0,0,270,250,0,1,0,1,5,999,999,999,9999999,999,999,12,2,0,1,1,0,6,0,995,1.0,5,5,999,7.7,2.7,8.3,112.273982193947,2,4
14399,25,51,1-25-2019-051-05,5,2,1M2AG11CX6M0,17,86,881,2006,63,8,60,0,1,L,9,,,,,,,5,72,1,0,0,995,0,0,0,04084,9,9,2,4,2,1,2,1,1,1,1,4,0,0,1,1,0,0,1,0,11,2,15,99,1,1,4,J,72,,,,,,,,,,,,,,,,,,,,,,,,,,,95,95,95,95,,,9.8,998,998,998,99.8,99.8,99.8,112.273982193947,2,4
14400,23,24,1-23-2019-024-04,4,1,JF2SJAWC7JH4,17,48,401,2018,14,3,14,0,1,F,1,1498,5,0,1,1,10,2,89,1,8,0,995,0,7,0,43015,1,2,2,4,2,1,2,1,1,1,1,2,0,0,1,1,0,0,1,0,1,4,62,3,1,1,4,J,69,0,0,0,0,0,0,0,0,0,0,0,125,0,0,0,1,1,10,-10,2,15135,998,73,14,0,4,0,0,0,0,0,995,9.8,998,998,998,99.8,99.8,99.8,1447.20449672844,5,4
14400,23,24,1-23-2019-024-04,4,2,1FADP3H28HL3,17,12,37,2017,4,1,3,0,1,R,1,1340,5,9999,9,1,10,2,89,1,0,0,995,0,0,0,43021,9,9,2,1,2,2,2,1,1,1,1,2,0,0,1,1,0,0,1,0,11,2,15,1,1,2,4,J,68,0,0,0,0,0,0,0,0,0,0,125,0,0,0,0,1,1,11,-9,-7,13219,998,184,9,0,4,99,99,0,0,0,995,9.8,998,998,998,99.8,99.8,99.8,1447.20449672844,5,4
14401,19,38,1-19-2019-038-01,1,1,5TBRT34174S4,17,49,482,2004,34,5,31,0,1,R,1,1950,5,0,1,1,4,2,56,1,1,8,997,8,9,3,35954,1,2,0,4,2,1,2,1,2,4,0,2,0,0,1,1,0,0,3,1,14,1,6,5,4,4,1,B,7,1,1,1,2,1,4,61,1,1,10,997,997,0,1,0,2,6,999,999,999,9999999,999,999,999,6,0,1,1,0,1,3,997,0.0,11,12,120,12.2,7.1,14.5,59.3858634978482,9,4
14402,19,39,1-19-2019-039-08,8,1,1N4AL11DA2C7,17,35,47,2002,4,1,4,0,1,F,2,1371,5,0,1,1,4,2,72,1,0,0,995,0,0,0,36272,1,2,0,4,2,1,2,2,2,4,0,0,0,0,1,8,0,0,9,1,14,1,6,99,4,2,3,G,50,0,0,0,0,0,0,0,0,0,0,175,40,0,1,0,1,1,34,-26,-22,42569,998,-96,23,0,1,1,2,0,6,0,995,9.8,998,998,998,99.8,99.8,99.8,462.128135025633,9,4
14402,19,39,1-19-2019-039-08,8,2,1FAHP35N59W1,17,12,37,2009,4,1,2,0,1,F,2,1189,5,0,1,1,4,2,72,1,0,1,0,2,0,0,36272,1,2,0,4,2,1,2,2,3,2,0,0,0,0,1,8,0,0,1,0,14,4,62,1,1,1,3,G,51,0,0,0,0,0,0,0,0,0,0,40,175,0,1,0,1,1,39,-38,7,127502,998,30,50,0,1,3,17,1,3,0,995,9.8,998,998,998,99.8,99.8,99.8,462.128135025633,9,4
14403,31,45,1-31-2019-045-03,3,1,1FTEW1CG1GFA,17,12,481,2016,34,5,31,0,1,L,1,2028,5,0,2,1,1,2,89,1,0,9,998,8,0,9,62827,1,2,0,4,2,1,2,9,1,1,0,0,0,0,1,2,0,0,1,1,1,1,6,98,3,4,1,A,2,1,1,2,2,1,4,61,1,2,8,997,997,0,0,0,2,6,999,999,999,9999999,999,999,999,6,0,1,1,0,4,3,997,0.0,120,72,-71,15.3,3.8,15.8,444.834654620955,6,4
14404,66,45,1-66-2019-045-06,6,1,4T3BK3BB3EU1,17,49,53,2014,5,1,4,0,1,F,2,1835,5,0,1,1,15,2,113,1,0,0,995,0,7,0,65737,1,2,0,2,2,1,2,1,1,1,1,3,2,3,1,8,0,0,3,1,1,2,13,1,1,4,1,A,1,0,0,0,0,0,0,0,0,0,0,998,998,0,1,1,4,1,39,-39,0,110300,998,0,39,0,4,1,1,0,0,0,998,2.8,9,120,120,99.0,26.5,99.0,150.890301844351,6,4
14405,26,87,1-26-2019-087-02,2,1,2HGFG3B8XFH5,17,37,31,2015,2,1,2,0,1,F,2,1281,5,0,1,5,23,2,105,1,1,1,283,2,9,1,95826,2,9,1,3,2,1,2,1,2,1,1,3,0,0,1,1,0,0,9,1,14,2,13,99,1,4,1,A,1,0,0,0,0,0,0,0,0,0,0,998,998,0,0,0,1,12,999,999,999,9999999,999,999,999,7,0,2,9,0,3,0,998,2.0,999,999,999,4.2,2.0,4.8,22.3634104028693,10,4
14405,26,87,1-26-2019-087-02,2,2,JN1CV6AP9FM5,17,58,45,2015,4,1,4,0,1,F,2,1638,5,0,1,1,31,2,105,1,0,0,995,0,0,0,95330,2,2,1,3,1,1,2,1,2,1,1,1,0,0,1,1,0,0,1,0,14,4,60,3,1,1,6,M,98,0,0,0,0,0,0,0,0,0,0,35,265,0,0,0,3,3,27,-27,-5,43088,998,-36,25,0,4,1,1,0,6,0,995,9.8,998,998,998,99.8,99.8,99.8,22.3634104028693,10,4
14406,26,88,1-26-2019-088-05,5,1,JHLRE3H72BC0,17,37,402,2011,14,3,14,0,1,F,2,1597,5,0,1,1,13,2,64,1,0,0,995,0,0,0,95610,1,9,0,1,4,4,2,1,1,1,1,0,0,0,1,1,0,0,9,1,1,2,12,99,1,4,3,G,50,0,0,0,0,0,0,0,0,0,0,160,335,0,0,0,1,1,28,-28,0,32431,998,-7,22,0,1,1,1,0,99,0,995,9.8,998,998,998,99.8,99.8,99.8,53.6737149863376,10,4
14406,26,88,1-26-2019-088-05,5,2,3FAHP0HA8BR2,17,12,23,2011,4,1,3,0,1,F,2,1490,5,0,1,1,12,2,64,1,0,0,995,0,0,0,95624,1,2,0,1,4,4,2,1,1,1,1,0,0,0,1,1,0,0,1,0,2,4,63,2,1,1,3,G,51,0,0,0,0,0,0,0,0,0,0,335,160,0,0,0,1,1,31,-31,0,77879,998,-17,36,0,1,2,4,0,4,0,995,9.8,998,998,998,99.8,99.8,99.8,53.6737149863376,10,4
14408,29,79,1-29-2019-079-08,8,1,1FUJBBCG23LK,17,82,898,2003,66,8,67,0,1,F,9,,,,,,,2,89,1,0,0,995,0,0,0,02721,9,9,0,2,3,1,2,2,1,9,1,3,2,3,1,2,0,0,3,0,1,3,52,99,1,1,2,D,28,,,,,,,,,,,,,,,,,,,,,,,,,,,95,95,95,95,,,9.8,998,998,998,99.8,99.8,99.8,89.9777436231776,2,4
14408,29,79,1-29-2019-079-08,8,2,1G2ZF58B6741,17,22,22,2007,4,1,4,0,1,F,3,1507,5,9999,9,1,12,2,89,1,0,0,995,0,0,0,02720,9,9,0,2,3,1,2,2,1,9,1,3,2,3,1,2,0,0,1,0,2,3,53,99,1,1,2,D,29,0,0,0,0,0,0,0,0,0,0,80,90,0,0,0,2,1,52,-51,-9,245000,998,-6,63,0,4,9,97,0,8,0,995,3.7,999,999,999,0.0,0.0,0.0,89.9777436231776,2,4
14408,29,79,1-29-2019-079-08,8,3,1Z7HC28K37S1,17,52,472,2007,34,5,30,0,1,B,3,2011,8,0,1,1,7,2,89,1,0,0,995,0,0,0,02908,9,9,0,2,3,1,2,2,1,9,1,3,2,3,1,2,0,0,1,0,1,3,52,99,1,1,6,M,98,0,0,0,0,0,0,0,0,0,0,90,80,0,0,0,2,1,40,40,0,57771,998,47,26,0,4,0,0,0,0,0,995,9.8,998,998,998,99.8,99.8,99.8,89.9777436231776,2,4
14408,29,79,1-29-2019-079-08,8,4,2HGFC2F62KH5,17,37,31,2019,4,1,3,0,1,B,2,1252,5,0,2,6,13,5,89,1,0,0,995,0,0,9,02744,9,9,0,2,3,1,2,2,1,9,1,3,2,3,1,2,0,0,1,0,2,3,52,1,1,1,6,M,98,0,0,0,0,0,0,0,0,0,0,90,85,0,0,0,4,3,27,27,0,33917,998,0,26,0,4,95,95,95,95,0,995,9.8,998,998,998,99.8,99.8,99.8,89.9777436231776,2,4
14409,29,80,1-29-2019-080-03,3,1,1GNSKAEC4FR7,17,20,421,2015,15,3,15,0,1,F,1,2515,5,0,1,1,7,2,89,1,0,0,995,0,0,0,02717,1,2,0,2,3,2,2,1,1,9,3,3,0,3,1,1,0,0,1,0,1,3,52,4,1,1,2,D,28,0,0,0,0,0,0,0,0,0,0,280,270,0,0,0,1,1,9,-9,2,17236,998,16,13,0,4,1,1,0,4,0,995,9.8,998,998,998,99.8,99.8,99.8,115.691594779147,2,4
14409,29,80,1-29-2019-080-03,3,2,3CZRE48599G7,17,37,402,2009,14,3,14,0,1,B,1,1604,5,0,1,1,7,2,89,1,0,0,995,0,0,0,02744,1,2,0,2,3,2,2,1,1,9,3,3,0,3,1,1,0,0,1,0,2,3,53,2,1,1,2,D,29,0,0,0,0,0,0,0,0,0,0,270,280,0,0,0,1,1,15,15,0,6276,998,-33,10,0,4,1,1,0,4,0,995,9.8,998,998,998,99.8,99.8,99.8,115.691594779147,2,4
14409,29,80,1-29-2019-080-03,3,3,1FMDU73K44UA,17,12,401,2004,14,3,14,0,1,B,1,1984,5,0,1,2,37,5,89,1,0,0,995,0,0,0,02738,9,9,0,2,3,2,2,1,1,9,1,3,0,3,1,1,0,0,1,0,5,3,53,1,1,1,6,M,98,0,0,0,0,0,0,0,0,0,0,270,270,0,0,0,2,1,11,11,0,9131,998,-17,11,0,1,95,95,95,95,0,995,9.8,998,998,998,99.8,99.8,99.8,115.691594779147,2,4
14409,29,80,1-29-2019-080-03,3,4,2C3CDXBG1GH1,17,7,24,2016,4,1,5,0,1,B,1,1785,5,9999,9,0,998,5,89,1,0,0,995,0,0,0,02780,9,9,0,2,3,2,2,1,1,9,3,3,0,3,1,1,0,0,1,0,5,3,53,99,1,1,6,M,98,0,0,0,0,0,0,0,0,0,0,270,270,0,0,0,3,3,17,17,0,25168,998,0,19,0,4,95,95,95,95,0,995,9.8,998,998,998,99.8,99.8,99.8,115.691594779147,2,4
14410,29,81,1-29-2019-081-06,6,1,4T4BF3EK1BR0,17,49,40,2011,4,1,4,0,1,F,2,1500,5,0,1,1,11,2,56,1,8,0,995,0,7,0,33908,1,2,0,5,3,1,2,1,3,1,1,2,0,0,1,1,0,0,3,1,14,2,13,1,1,4,1,A,1,0,0,0,0,0,0,0,0,0,0,998,998,0,0,1,2,12,999,999,999,9999999,999,999,999,7,0,2,5,0,3,0,998,1.2,17,31,14,0.0,0.0,0.0,142.918310854577,2,4
14411,17,83,1-17-2019-083-03,3,1,JTMBFREV9GD1,17,49,402,2016,14,3,14,0,1,T,1,1610,5,0,1,1,28,2,48,1,1,1,208,2,9,0,61265,3,2,2,1,2,2,2,1,3,9,3,0,0,0,1,1,1,2,1,1,12,2,12,4,9,4,6,M,98,1,2,1,2,1,4,61,1,2,12,997,997,0,0,0,1,6,999,999,999,9999999,999,999,999,6,0,1,1,0,4,3,997,0.0,999,999,999,1.8,1.9,2.6,188.66161130899,4,4
14412,17,84,1-17-2019-084-06,6,1,2G1WF5E30C12,17,20,2,2012,4,1,4,0,1,L,1,1658,5,0,1,1,3,2,89,1,9,0,995,0,7,0,61273,1,2,0,4,2,1,4,1,2,2,0,0,0,0,1,1,0,0,1,1,14,2,13,4,3,4,1,A,2,0,0,0,0,0,0,0,0,0,0,998,998,0,0,2,2,10,999,999,999,9999999,999,-27,7,1,0,1,1,0,6,0,998,0.0,10,10,999,20.4,0.9,20.5,233.061000395496,4,4