CASEID,PSU,CASENO,CASENUMBER,CATEGORY,VEHNO,VIN,VINLENGTH,MAKE,MODEL,MODELYR,BODYTYPE,BODYCAT,VEHCLASS,SPECUSE,TRANSTAT,DAMPLANE,DAMSEV,CURBWT,CURBSRC,CARGOWT,CARGOSRC,INSPTYPE,INSPLAG,TOWED,SPEEDLIMIT,DRPRESENT,PARALCOHOL,ALCTEST,ALCTESTRESULT,ALCTESTSRC,PARDRUG,DRUGTEST,ZIP,RACE,ETHNICITY,RELTOJUNCT,TRAFFLOW,RDLANES,INITLANE,SURFTYPE,SURFCOND,ALIGNMENT,PROFILE,LINERIGHT,LINELEFT,RUMBINIT,RUMBROAD,LIGHTCOND,WEATHER,TRAFDEV,TRAFFUNCT,DISTRACT,PREFHE,PREMOVE,CRITCAT,CRITEVENT,MANEUVER,PRESTAB,PRELOC,CRASHCAT,CRASHCONF,CRASHTYPE,ROLLTYPE,ROLLTURN,ROLLINTRPT,ROLLPREMAN,ROLLINITYP,ROLLINLOC,ROLLOBJ,ROLLTRIP,ROLLDIR,ROLLDIST,DVANGTHIS,DVANGOTH,TOWHITCH,TRAJDOC,TREEPOLE,DVEVENT,DVBASIS,DVTOTAL,DVLONG,DVLAT,DVENERGY,DVSPEED,DVMOMENT,DVBES,DVEST,DVCONF,VAIS,VISS,VINJURED,VTREAT,INITOBJCLASS,HEADANGLECAT,SHLDRWIDTH,STRKLENGTH,STRKWIDTH,STRKHEIGHT,EDGEDISTX,EDGEDISTY,EDGEDISTZ,CASEWGT,PSUSTRAT,VERSION
14414,22,62,1-22-2019-062-03,3,1,3GNKBKRS5KS5,17,20,407,2019,14,3,14,0,1,L,1,1910,5,0,2,1,5,2,40,1,0,0,995,0,0,0,83501,1,2,2,4,5,2,2,1,1,1,1,2,0,0,1,1,2,2,2,0,11,2,15,1,1,1,4,K,82,0,0,0,0,0,0,0,0,0,0,5,125,0,0,0,1,1,9,-7,6,17360,998,-152,10,0,4,1,1,0,5,0,995,9.8,998,998,998,99.8,99.8,99.8,1233.1504774394,12,4
14414,22,62,1-22-2019-062-03,3,2,1FTCR10A6RUB,17,12,471,1994,34,5,30,0,1,F,1,1326,5,0,2,1,6,2,56,1,0,0,995,0,0,0,83501,1,2,2,4,3,2,2,1,3,1,1,2,0,0,1,1,0,0,1,0,14,4,67,1,1,1,4,K,83,0,0,0,0,0,0,0,0,0,0,125,5,0,0,0,1,1,13,-13,-5,14012,998,-118,12,0,4,1,2,0,6,0,995,9.8,998,998,998,99.8,99.8,99.8,1233.1504774394,12,4
14416,13,56,1-13-2019-056-05,5,1,2FMDK3JC6ABA,17,12,24,2010,6,1,4,0,1,F,2,1853,5,0,1,1,27,2,64,1,0,0,995,0,0,0,76017,2,9,2,1,3,2,1,1,1,4,3,1,0,0,1,1,1,2,1,1,3,1,8,99,1,2,2,F,49,0,0,0,0,0,0,0,0,0,0,998,998,0,0,1,2,12,999,999,999,9999999,999,999,999,7,0,2,5,0,4,0,998,0.0,34,34,120,27.8,11.1,29.9,277.305210732585,7,4
14416,13,56,1-13-2019-056-05,5,2,3GCRCSE02AG2,17,20,481,2010,34,5,31,0,1,L,9,2338,5,9999,9,0,998,5,64,1,0,0,995,0,0,0,76018,9,9,2,1,3,1,1,1,1,4,0,3,0,0,1,1,1,2,9,0,5,4,60,1,1,1,2,F,49,0,0,0,0,0,0,0,0,0,0,90,110,0,0,0,1,0,999,999,999,9999999,999,999,999,9,0,95,95,95,95,0,995,9.8,998,998,998,99.8,99.8,99.8,277.305210732585,7,4
14418,18,39,1-18-2019-039-08,8,1,1FAFP55S2YG1,17,12,17,2000,4,1,3,0,1,L,2,1515,5,0,1,1,8,2,40,1,0,1,0,2,0,0,54729,1,2,2,3,1,1,1,1,1,1,0,0,0,0,2,1,2,2,3,0,11,2,15,1,1,1,4,K,82,0,0,0,0,0,0,0,0,0,0,40,140,0,1,0,1,1,32,-11,31,90488,998,44,36,0,4,3,14,1,3,0,995,9.8,998,998,998,99.8,99.8,99.8,163.855697696748,6,4
14418,18,39,1-18-2019-039-08,8,2,5TELU42N46Z1,17,49,472,2006,34,5,30,0,1,F,2,1837,5,0,1,1,13,2,80,1,0,0,995,0,0,0,54729,1,2,2,1,3,2,1,1,1,1,1,3,0,0,2,1,0,0,1,0,1,4,67,1,1,1,4,K,83,0,0,0,0,0,0,0,0,0,0,140,40,0,0,0,1,1,28,-27,-5,42759,998,-37,23,0,4,1,1,0,0,0,995,9.8,998,998,998,99.8,99.8,99.8,163.855697696748,6,4
14419,18,40,1-18-2019-040-10,10,1,5KJJBHDR1JLJ,17,98,881,2018,66,8,68,0,1,R,9,,,,,,,5,113,1,0,0,995,0,0,0,00001,9,9,0,1,2,2,2,1,2,1,3,2,1,3,2,1,0,0,9,1,15,2,11,99,1,2,2,F,46,,,,,,,,,,,,,,,,,,,,,,,,,,,95,95,95,95,,,9.8,998,998,998,99.8,99.8,99.8,3708.34274299045,6,4
14419,18,40,1-18-2019-040-10,10,2,1HGCP26349A1,17,37,32,2009,4,1,4,0,1,R,1,1468,5,0,1,1,4,2,113,1,0,0,995,0,0,0,53717,2,2,0,1,2,1,2,1,2,1,1,3,2,3,2,1,0,0,1,0,14,4,60,1,1,1,2,F,45,0,0,0,0,0,0,0,0,0,0,998,998,0,0,0,2,10,999,999,999,9999999,999,93,14,2,0,0,0,0,0,0,998,3.4,120,30,81,9.7,0.0,9.7,3708.34274299045,6,4
14420,33,68,1-33-2019-068-01,1,1,1FTCR14U8PPB,17,12,471,1993,34,5,30,0,1,F,2,1458,5,0,1,1,13,2,89,1,9,1,0,7,9,2,96080,1,2,0,4,2,1,2,1,1,1,1,4,0,0,1,1,0,0,9,1,1,2,10,99,1,2,3,G,50,0,0,0,0,0,0,0,0,0,0,10,190,0,0,0,1,5,999,999,999,9999999,999,999,30,3,0,4,17,1,1,0,995,9.8,998,998,998,99.8,99.8,99.8,83.3833063978219,12,4
14420,33,68,1-33-2019-068-01,1,2,1NKZLP0X6HJ1,17,85,881,2017,63,8,60,0,1,F,9,,,,,,,2,89,1,0,0,995,0,0,0,90019,9,9,0,4,2,1,2,1,1,1,1,4,0,0,1,1,0,0,9,1,1,4,62,4,1,4,3,G,51,,,,,,,,,,,,,,,,,,,,,,,,,,,95,95,95,95,,,9.8,998,998,998,99.8,99.8,99.8,83.3833063978219,12,4
14420,33,68,1-33-2019-068-01,1,3,1FTEW1EGXGKE,17,12,481,2016,34,5,31,0,1,F,1,2130,9,9999,9,0,998,5,89,1,0,0,995,0,0,0,95965,9,9,0,4,2,1,2,1,1,1,1,4,0,0,1,1,0,0,9,0,1,4,60,99,1,1,6,M,98,0,0,0,0,0,0,0,0,0,0,190,230,0,0,0,2,3,6,-6,0,2528,998,0,6,0,4,95,95,95,95,0,995,9.8,998,998,998,99.8,99.8,99.8,83.3833063978219,12,4
14422,21,71,1-21-2019-071-02,2,1,5N1DR2MN0HC9,17,35,401,2017,14,3,14,0,1,F,3,1939,5,0,1,1,22,2,113,1,0,0,995,0,0,0,93555,1,1,0,2,5,4,2,1,3,9,3,3,0,1,2,1,0,0,1,0,14,3,50,3,1,1,2,D,20,0,0,0,0,0,0,0,0,0,0,80,85,0,0,0,1,1,45,-45,0,19921,998,0,16,0,1,2,5,0,4,0,995,9.8,998,998,998,99.8,99.8,99.8,15.9449852241138,11,4
14422,21,71,1-21-2019-071-02,2,2,1N4BL11D26N3,17,35,47,2006,4,1,4,0,1,B,3,1465,5,0,1,1,10,2,113,1,0,1,0,2,0,3,92308,9,1,0,2,5,4,2,1,2,9,3,3,0,1,2,1,0,0,1,0,7,3,53,1,1,1,2,D,21,0,0,0,0,0,0,0,0,0,0,85,80,0,0,0,1,1,60,59,-10,375619,998,40,76,0,1,2,6,0,3,0,995,4.5,999,999,999,5.3,3.0,6.1,15.9449852241138,11,4
14423,21,72,1-21-2019-072-03,3,1,1FDWE3FL6FDA,17,12,461,2015,28,4,28,0,1,F,2,9999,9,9999,9,1,16,2,89,1,0,0,995,0,0,0,77084,1,9,0,1,2,2,1,1,1,9,3,1,1,3,2,1,0,0,3,1,1,2,12,1,1,4,1,B,6,0,0,0,0,0,0,0,0,0,0,998,998,1,0,0,1,5,999,999,999,9999999,999,999,999,7,0,0,0,0,4,0,998,1.5,120,999,999,88.1,1.0,88.1,416.491965142025,11,4
14424,17,86,1-17-2019-086-04,4,1,1G1ZD5ST0JF1,17,20,37,2018,4,1,4,0,1,F,1,1400,5,0,1,1,5,2,72,1,9,0,995,0,9,0,61241,1,2,1,1,2,2,1,1,1,1,1,2,0,0,2,1,0,0,3,1,1,2,12,5,2,4,1,B,6,0,0,0,0,0,0,0,0,0,0,998,998,0,0,0,1,12,999,999,999,9999999,999,999,999,6,0,0,0,0,0,0,998,0.4,43,62,25,24.2,5.1,24.8,795.172865020669,4,4
14425,30,70,1-30-2019-070-03,3,1,1HGCR2F72HA0,17,37,32,2017,4,1,4,0,1,R,1,1496,5,9999,9,0,998,2,64,1,0,0,995,0,0,0,85083,3,2,2,5,6,3,2,1,1,1,3,2,0,0,3,1,0,0,2,1,10,2,16,1,1,2,4,J,70,0,0,0,0,0,0,0,0,0,0,30,0,0,0,0,1,3,8,-1,-8,3428,998,47,7,0,4,0,0,0,0,0,995,9.8,998,998,998,99.8,99.8,99.8,1882.68985550518,10,4
14425,30,70,1-30-2019-070-03,3,2,5TFBT54188X0,17,49,482,2008,34,5,31,0,1,L,1,2479,4,0,1,1,24,2,64,1,0,0,995,0,0,0,85308,1,2,2,5,6,1,2,1,1,1,1,3,0,0,3,1,0,0,1,0,1,4,60,1,1,1,4,J,71,0,0,0,0,0,0,0,0,0,0,0,30,0,1,0,1,3,5,-2,5,8133,998,-182,6,0,4,1,2,0,6,0,995,9.8,998,998,998,99.8,99.8,99.8,1882.68985550518,10,4
14426,20,34,1-20-2019-034-02,2,1,1C4RDJDG7KC7,17,7,422,2019,15,3,15,0,1,T,1,2262,5,68,1,1,15,2,89,1,0,1,0,2,0,2,94060,1,1,2,4,3,2,2,1,1,1,1,2,0,0,2,8,1,2,9,1,1,2,14,2,1,4,1,C,14,1,2,2,6,1,4,61,1,2,999,997,997,0,0,0,3,6,999,999,999,9999999,999,999,999,6,0,2,5,0,4,3,997,1.8,120,120,999,0.0,0.0,0.0,208.964218658911,11,4
14429,26,90,1-26-2019-090-03,3,1,2G11X5S3XK91,17,20,2,2019,4,1,4,5,1,F,1,1717,5,0,1,3,29,2,105,1,0,0,995,0,0,0,95630,1,9,0,2,4,3,2,1,1,1,3,3,0,3,1,1,0,0,1,0,1,3,52,1,1,1,2,D,28,0,0,0,0,0,0,0,0,0,0,65,65,0,0,0,1,3,17,-17,0,14545,998,0,14,0,4,1,1,0,4,0,995,9.8,998,998,998,99.8,99.8,99.8,576.33133315536,10,4
14429,26,90,1-26-2019-090-03,3,2,2GCEC19V6611,17,20,481,2006,34,5,30,0,1,B,1,1980,5,0,1,2,35,5,105,1,0,0,995,0,0,0,95630,9,9,0,2,4,3,2,1,1,1,3,3,0,3,1,1,0,0,1,0,2,3,53,99,1,1,2,D,29,0,0,0,0,0,0,0,0,0,0,65,65,0,0,0,1,3,15,15,0,24605,998,-34,18,0,4,95,95,95,95,0,995,9.8,998,998,998,99.8,99.8,99.8,576.33133315536,10,4
14436,11,78,1-11-2019-078-03,3,1,1N4AL3APXGN3,17,35,47,2016,4,1,4,0,1,F,1,1453,5,0,1,1,11,2,56,1,0,0,995,0,0,0,23875,1,1,2,1,4,4,2,1,3,1,1,2,0,0,3,1,1,2,1,0,11,2,15,1,1,1,4,J,68,0,0,0,0,0,0,0,0,0,0,10,230,0,0,0,1,1,18,-17,-6,10536,998,-41,13,0,1,0,0,0,0,0,995,9.8,998,998,998,99.8,99.8,99.8,342.535419855095,8,4
14436,11,78,1-11-2019-078-03,3,2,5NPEB4AC3DH5,17,55,33,2013,4,1,4,0,1,F,1,1475,5,0,1,1,11,2,56,1,0,1,0,2,0,2,23805,2,2,2,1,3,2,2,1,2,1,1,1,0,0,3,1,1,2,1,0,14,4,62,2,1,1,4,J,69,0,0,0,0,0,0,0,0,0,0,230,10,0,0,0,1,1,17,-16,6,31439,998,72,20,0,1,2,5,0,4,0,995,9.8,998,998,998,99.8,99.8,99.8,342.535419855095,8,4
14438,11,80,1-11-2019-080-07,7,1,JTHBK1GG5E20,17,59,34,2014,4,1,4,0,1,F,1,1610,5,0,1,1,6,2,97,1,0,0,995,0,0,0,20721,2,2,1,3,1,1,2,1,1,9,1,1,0,0,1,1,0,0,1,0,1,3,50,3,1,1,2,D,20,0,0,0,0,0,0,0,0,0,0,170,180,0,0,0,1,3,13,-11,-6,12175,998,-48,13,0,4,0,0,0,0,0,995,9.8,998,998,998,99.8,99.8,99.8,1414.97242668199,8,4
14438,11,80,1-11-2019-080-07,7,2,1N4AL3AP5JC1,17,35,47,2018,4,1,4,0,1,B,1,1453,5,0,1,2,20,5,97,1,0,0,995,0,0,0,23002,9,9,1,3,1,1,2,1,1,9,1,1,0,0,1,1,0,0,1,0,5,3,53,1,1,1,2,D,21,0,0,0,0,0,0,0,0,0,0,180,170,0,0,0,1,3,15,14,5,17019,998,-95,15,0,4,95,95,95,95,0,995,9.8,998,998,998,99.8,99.8,99.8,1414.97242668199,8,4
14439,24,83,1-24-2019-083-06,6,1,JN8AZ2NE4K92,17,58,422,2019,15,3,15,0,1,F,1,2671,5,9999,9,0,998,5,40,1,0,0,995,0,0,0,32819,9,9,2,4,2,1,2,1,1,1,0,0,0,0,1,1,2,2,9,0,1,2,17,99,1,1,5,L,88,0,0,0,0,0,0,0,0,0,0,275,180,0,0,0,1,3,9,-8,-5,9045,998,-123,7,0,4,95,95,95,95,0,995,9.8,998,998,998,99.8,99.8,99.8,422.944516176406,1,4
14439,24,83,1-24-2019-083-06,6,2,2T1BU4EE0BC5,17,49,32,2011,4,1,2,0,1,L,1,1255,5,0,1,1,11,2,40,1,0,0,995,0,0,0,08401,2,2,2,3,1,1,2,1,1,1,0,0,0,0,1,1,0,0,1,0,1,4,66,4,1,1,5,L,89,0,0,0,0,0,0,0,0,0,0,180,275,0,0,0,1,3,19,-9,16,23925,998,-38,21,0,4,1,2,0,4,0,995,0.0,9,6,68,1.6,1.0,2.2,422.944516176406,1,4
14440,24,84,1-24-2019-084-03,3,1,3KPFK4A75HE0,17,63,38,2017,4,1,3,0,1,F,1,1272,5,0,1,1,9,2,72,1,0,0,995,0,0,0,08330,1,2,0,4,2,1,2,1,1,1,1,2,0,0,1,1,0,0,1,0,1,3,52,99,1,1,2,D,28,0,0,0,0,0,0,0,0,0,0,305,305,0,0,0,1,3,21,-21,0,12580,998,0,16,0,4,1,1,0,4,0,995,9.8,998,998,998,99.8,99.8,99.8,317.517205696942,1,4
14440,24,84,1-24-2019-084-03,3,2,JTKDE1771600,17,49,50,2006,3,1,3,0,1,B,1,1377,5,0,1,1,17,2,72,1,0,0,995,0,0,0,08234,1,1,0,4,2,1,2,1,1,1,1,2,0,0,1,1,0,0,1,0,2,3,53,2,1,1,2,D,29,0,0,0,0,0,0,0,0,0,0,305,305,0,0,0,1,3,20,20,0,33162,998,0,24,0,4,1,1,0,4,0,995,9.8,998,998,998,99.8,99.8,99.8,317.517205696942,1,4
14441,24,85,1-24-2019-085-07,7,1,5XXGM4A78CG0,17,63,34,2012,4,1,4,0,1,B,1,1535,5,0,1,1,7,2,72,1,0,0,995,0,0,0,08244,1,2,3,4,3,1,2,1,1,1,1,1,0,0,3,1,2,2,1,0,10,2,16,8,1,1,4,K,78,0,0,0,0,0,0,0,0,0,0,300,310,0,0,0,1,3,9,9,-3,8194,998,90,10,0,4,0,0,0,0,0,995,9.8,998,998,998,99.8,99.8,99.8,1272.57562582259,1,4
14441,24,85,1-24-2019-085-07,7,2,3GYFNBE3XES6,17,19,20,2014,6,1,4,0,1,F,1,1940,5,0,1,2,16,5,72,1,0,0,995,0,0,0,08330,9,9,3,1,3,1,2,1,1,1,1,1,0,0,3,1,0,0,9,0,1,4,70,2,1,1,4,K,79,0,0,0,0,0,0,0,0,0,0,310,300,0,0,0,1,3,8,-7,4,5862,998,117,7,0,4,95,95,95,95,0,995,9.8,998,998,998,99.8,99.8,99.8,1272.57562582259,1,4
14442,77,77,1-77-2019-077-02,2,1,5XXGT4L32HG1,17,63,34,2017,4,1,4,0,1,L,2,1463,5,0,1,1,8,2,64,1,0,0,995,0,0,0,22901,9,9,3,4,2,1,2,1,1,1,0,0,0,0,5,1,0,0,1,0,11,2,15,99,1,1,4,K,82,0,0,0,0,0,0,0,0,0,0,200,325,0,0,0,1,1,35,-30,18,21135,998,8,19,0,4,9,97,0,99,0,995,9.8,998,998,998,99.8,99.8,99.8,82.9547267506105,9,4
14442,77,77,1-77-2019-077-02,2,2,2HNYD28249H5,17,54,421,2009,15,3,15,0,1,F,2,2064,5,0,1,1,8,2,64,1,0,0,995,0,0,0,22901,9,1,3,5,5,2,2,1,1,1,3,2,0,0,5,1,0,0,1,0,1,4,72,2,1,1,4,K,83,0,0,0,0,0,0,0,0,0,0,325,200,0,0,0,1,1,25,-24,-9,107548,998,-34,35,0,1,0,0,0,0,0,995,9.8,998,998,998,99.8,99.8,99.8,82.9547267506105,9,4
14443,77,78,1-77-2019-078-03,3,1,3KPF24AD3KE0,17,63,38,2019,4,1,3,0,1,F,3,1253,5,0,1,1,15,2,80,1,0,0,995,0,0,0,23093,9,9,0,4,2,1,2,1,3,1,1,2,1,0,2,8,0,0,9,1,14,2,13,7,4,4,1,B,7,1,4,2,4,1,4,68,1,1,21,998,998,0,0,0,1,11,999,999,999,9999999,999,999,999,8,0,0,0,0,4,3,998,0.5,120,40,54,4.5,2.6,5.2,686.560502943425,9,4
14445,59,53,1-59-2019-053-05,5,1,1FTSE3EL3BDB,17,12,461,2011,21,4,21,0,1,F,1,2419,5,9999,9,0,998,5,48,1,0,0,995,0,0,0,46222,9,9,2,4,2,1,2,1,1,1,0,0,0,0,1,1,2,2,9,0,1,2,17,99,1,1,5,L,88,0,0,0,0,0,0,0,0,0,0,10,280,0,0,0,1,3,5,-4,-4,2441,998,-164,4,0,4,95,95,95,95,0,995,9.8,998,998,998,99.8,99.8,99.8,84.215261247752,6,4
14445,59,53,1-59-2019-053-05,5,2,3C4PDDFGXET2,17,7,27,2014,6,1,4,0,1,L,1,1926,5,0,1,1,5,2,48,1,0,0,995,0,0,0,47842,1,2,2,4,2,1,2,1,1,1,0,2,0,0,1,1,0,0,1,0,1,4,66,4,1,1,5,L,89,0,0,0,0,0,0,0,0,0,0,280,10,0,0,0,1,3,7,-4,5,8281,998,-88,9,0,4,1,3,0,4,0,995,9.8,998,998,998,99.8,99.8,99.8,84.215261247752,6,4
14446,59,54,1-59-2019-054-02,2,1,4T1SK12C4SU5,17,49,40,1995,2,1,2,0,1,F,1,1320,5,0,1,1,4,2,48,1,0,0,995,0,0,0,46041,1,2,2,4,3,1,2,2,1,1,0,1,0,0,1,2,1,2,3,0,1,2,17,1,1,1,5,L,86,0,0,0,0,0,0,0,0,0,0,120,190,0,0,0,1,1,21,-18,11,58834,998,69,29,0,4,0,0,0,0,0,995,9.8,998,998,998,99.8,99.8,99.8,73.6841192868472,6,4
14446,59,54,1-59-2019-054-02,2,2,5NPE34AFXFH0,17,55,33,2015,4,1,4,0,1,R,1,1590,5,0,1,1,2,2,48,1,0,0,995,0,0,0,61944,1,2,2,4,3,1,2,2,1,1,0,1,0,0,1,2,1,2,1,0,1,4,66,1,1,1,5,L,87,0,0,0,0,0,0,0,0,0,0,190,120,0,0,0,1,1,17,-3,-17,5762,998,-122,7,0,1,1,2,0,4,0,995,9.8,998,998,998,99.8,99.8,99.8,73.6841192868472,6,4
14446,59,54,1-59-2019-054-02,2,3,1FMZU67E02UC,17,12,473,2002,34,5,30,0,1,F,1,1867,5,0,1,1,5,2,48,1,0,0,995,0,0,0,47885,1,2,2,4,3,2,2,2,1,1,1,2,0,0,1,2,1,2,1,0,5,4,62,1,1,1,6,M,98,0,0,0,0,0,0,0,0,0,0,5,150,0,0,0,3,3,18,-18,3,18543,998,93,13,0,4,2,4,0,6,0,995,9.8,998,998,998,99.8,99.8,99.8,73.6841192868472,6,4
14447,48,42,1-48-2019-042-06,6,1,4S3BH6758376,17,48,34,2003,6,1,3,0,1,F,1,1513,5,0,1,1,8,2,56,1,0,0,995,0,0,0,84312,9,9,2,1,4,2,2,1,1,1,1,1,0,0,1,1,1,2,9,0,1,2,17,99,1,1,5,L,86,0,0,0,0,0,0,0,0,0,0,85,175,0,1,0,1,1,19,-18,7,40763,998,73,23,0,1,99,99,0,99,0,995,9.8,998,998,998,99.8,99.8,99.8,145.700645988985,12,4
14447,48,42,1-48-2019-042-06,6,2,5J6RM4H75DL0,17,37,402,2013,14,3,14,0,1,R,1,1583,5,0,1,1,8,2,56,1,0,0,995,0,0,0,84337,1,2,2,1,3,1,2,1,1,1,0,2,0,0,1,1,1,2,1,0,1,4,66,2,1,1,5,L,87,0,0,0,0,0,0,0,0,0,0,175,85,0,0,0,1,1,18,-6,-17,13646,998,60,13,0,1,1,1,0,4,0,995,9.8,998,998,998,99.8,99.8,99.8,145.700645988985,12,4
14447,48,42,1-48-2019-042-06,6,3,4S3BD4357T72,17,48,34,1996,6,1,2,0,1,L,1,1340,5,0,1,2,9,5,56,1,0,0,995,0,0,0,84341,9,9,2,1,2,1,2,1,1,1,0,0,0,0,1,1,1,2,1,0,5,4,62,1,1,1,6,M,98,0,0,0,0,0,0,0,0,0,0,355,140,0,0,0,2,1,21,-16,14,4117,998,41,9,0,4,95,95,95,95,0,995,9.8,998,998,998,99.8,99.8,99.8,145.700645988985,12,4
14448,48,43,1-48-2019-043-08,8,1,YV1JW8832R11,17,51,40,1994,6,1,3,0,1,R,3,1489,5,0,2,1,7,2,64,1,1,1,0,2,1,2,84337,1,2,4,5,3,1,2,1,1,1,1,2,0,0,2,8,8,2,1,1,15,2,17,9,1,2,6,M,98,0,0,0,0,0,0,0,0,0,0,998,998,0,1,0,1,11,999,999,999,9999999,999,999,999,8,0,1,1,0,4,0,998,9.8,998,998,998,99.8,99.8,99.8,119.859999384599,12,4
14449,16,50,1-16-2019-050-06,6,1,5NPEB4AC7BH1,17,55,33,2011,4,1,4,0,1,F,1,1454,5,0,1,1,6,2,40,1,0,0,995,0,0,0,45238,9,9,0,4,2,1,2,1,1,2,0,0,0,0,1,1,0,0,1,1,1,2,11,1,1,4,1,C,12,1,2,2,5,1,1,61,1,2,7,998,998,0,0,0,1,12,999,999,999,9999999,999,999,999,2,0,1,2,0,8,3,998,9.8,998,998,998,99.8,99.8,99.8,231.345150457671,5,4
14450,16,51,1-16-2019-051-04,4,1,KMHFU45E04A3,17,55,38,2004,4,1,3,0,1,L,1,1656,5,0,1,1,8,2,89,1,0,0,995,0,0,0,45203,2,9,1,2,3,2,2,1,2,1,3,3,0,3,1,1,0,0,1,1,15,2,10,99,1,2,2,F,47,0,0,0,0,0,0,0,0,0,0,15,30,0,0,0,1,5,999,999,999,9999999,999,999,16,2,0,2,5,0,4,0,995,9.8,998,998,998,99.8,99.8,99.8,584.59677047951,5,4
14450,16,51,1-16-2019-051-04,4,2,1GB6GUCLXG12,17,20,870,2016,61,8,60,6,3,R,9,,,,,,,,,,,,,,,,,,,,,,,,,,,,,,,,,,,,,,,,,,,,,,,,,,,,,,,,,,,,,,,,,,,,,,,,95,95,95,95,,,,,,,,,,584.59677047951,5,4
14450,16,51,1-16-2019-051-04,4,3,5TDDKRFH7FS0,17,49,403,2015,14,3,14,0,1,L,1,1995,5,0,1,1,15,2,89,1,0,0,995,0,0,0,45245,1,2,1,3,3,1,2,1,2,1,1,3,2,3,1,1,0,0,1,0,14,4,60,4,1,2,6,M,98,0,0,0,0,0,0,0,0,0,0,55,60,0,0,0,2,3,8,-8,1,5352,998,40,8,0,4,0,0,0,0,0,995,9.9,999,999,999,21.0,1.7,21.1,584.59677047951,5,4
14451,54,27,1-54-2019-027-04,4,1,1GAFG35KXRF1,17,20,461,1994,21,4,21,0,1,F,9,2318,5,9999,9,0,998,5,105,1,9,0,995,0,9,0,99999,9,9,2,1,3,3,2,1,1,1,1,2,0,2,1,8,0,0,9,0,11,2,15,99,1,1,4,J,68,0,0,0,0,0,0,0,0,0,0,10,270,0,1,0,1,0,999,999,999,9999999,999,999,999,9,0,95,95,95,95,0,995,9.8,998,998,998,99.8,99.8,99.8,875.092745241507,9,4
14451,54,27,1-54-2019-027-04,4,2,5N1AR2MN4FC6,17,35,401,2015,14,3,14,0,1,L,1,2119,5,0,1,1,9,2,105,1,0,0,995,0,0,0,35653,1,2,2,1,2,1,2,1,1,1,1,3,2,0,1,8,0,0,1,0,1,4,62,4,1,1,4,J,69,0,0,0,0,0,0,0,0,0,0,270,10,0,1,0,1,8,999,999,999,9999999,999,999,999,6,0,0,0,0,0,0,995,9.8,998,998,998,99.8,99.8,99.8,875.092745241507,9,4
14452,28,40,1-28-2019-040-06,6,1,1G1AL12F5576,17,20,22,2005,2,1,2,0,1,T,3,1274,5,0,1,1,10,2,64,1,0,0,995,0,0,0,16936,1,2,2,4,2,1,2,2,1,4,0,0,0,0,1,2,2,2,1,0,1,2,17,1,1,1,5,L,89,1,4,2,2,1,4,61,1,2,21,997,997,0,0,0,2,6,999,999,999,9999999,999,999,999,8,0,0,0,0,0,3,997,9.8,998,998,998,99.8,99.8,99.8,193.340499672741,3,4
14452,28,40,1-28-2019-040-06,6,2,3FADP4EJ0BM1,17,12,32,2011,5,1,1,0,1,F,2,1160,5,0,1,1,14,2,64,1,0,1,0,2,0,0,16929,1,2,2,4,2,1,2,2,1,1,0,0,0,0,1,2,2,2,1,0,1,4,66,1,1,1,5,L,88,0,0,0,0,0,0,0,0,0,0,55,320,0,0,0,1,1,26,-23,-13,56632,998,-93,28,0,2,1,1,0,4,0,995,9.8,998,998,998,99.8,99.8,99.8,193.340499672741,3,4
14453,28,41,1-28-2019-041-05,5,1,1G4CW54K5142,17,18,3,2001,4,1,4,0,1,F,3,1724,5,0,1,1,34,2,89,1,0,1,0,2,0,1,16932,1,2,0,4,2,1,2,1,3,2,1,2,0,0,1,1,0,0,1,0,14,3,51,2,1,1,2,D,24,1,1,2,2,1,4,61,1,2,8,240,75,0,0,0,3,11,999,999,999,9999999,999,999,999,8,0,3,10,1,3,3,995,9.8,998,998,998,99.8,99.8,99.8,46.7855791031088,3,4
14453,28,41,1-28-2019-041-05,5,2,1GCEK14T0YE1,17,20,481,2000,34,5,31,0,1,B,1,1973,5,0,1,2,39,5,89,1,0,0,995,0,0,0,16933,9,9,0,4,2,1,2,1,3,2,1,2,0,0,1,1,0,0,1,0,14,3,53,1,1,1,2,D,25,0,0,0,0,0,0,0,0,0,0,270,270,0,0,0,1,12,999,999,999,9999999,999,999,999,6,0,95,95,95,95,0,995,9.8,998,998,998,99.8,99.8,99.8,46.7855791031088,3,4
14453,28,41,1-28-2019-041-05,5,3,4S4BRBCC2C32,17,48,45,2012,6,1,3,0,1,F,3,1542,5,0,1,1,33,2,89,1,0,1,0,2,0,1,16947,1,2,0,4,2,1,2,1,2,4,1,2,0,1,1,1,0,0,1,0,14,4,62,1,1,1,6,M,98,0,0,0,0,0,0,0,0,0,0,75,240,0,0,0,3,11,999,999,999,9999999,999,999,999,8,0,5,35,1,3,0,995,1.0,17,17,80,5.0,4.6,6.6,46.7855791031088,3,4