CASEID,PSU,CASENO,CASENUMBER,CATEGORY,VEHNO,VIN,VINLENGTH,MAKE,MODEL,MODELYR,BODYTYPE,BODYCAT,VEHCLASS,SPECUSE,TRANSTAT,DAMPLANE,DAMSEV,CURBWT,CURBSRC,CARGOWT,CARGOSRC,INSPTYPE,INSPLAG,TOWED,SPEEDLIMIT,DRPRESENT,PARALCOHOL,ALCTEST,ALCTESTRESULT,ALCTESTSRC,PARDRUG,DRUGTEST,ZIP,RACE,ETHNICITY,RELTOJUNCT,TRAFFLOW,RDLANES,INITLANE,SURFTYPE,SURFCOND,ALIGNMENT,PROFILE,LINERIGHT,LINELEFT,RUMBINIT,RUMBROAD,LIGHTCOND,WEATHER,TRAFDEV,TRAFFUNCT,DISTRACT,PREFHE,PREMOVE,CRITCAT,CRITEVENT,MANEUVER,PRESTAB,PRELOC,CRASHCAT,CRASHCONF,CRASHTYPE,ROLLTYPE,ROLLTURN,ROLLINTRPT,ROLLPREMAN,ROLLINITYP,ROLLINLOC,ROLLOBJ,ROLLTRIP,ROLLDIR,ROLLDIST,DVANGTHIS,DVANGOTH,TOWHITCH,TRAJDOC,TREEPOLE,DVEVENT,DVBASIS,DVTOTAL,DVLONG,DVLAT,DVENERGY,DVSPEED,DVMOMENT,DVBES,DVEST,DVCONF,VAIS,VISS,VINJURED,VTREAT,INITOBJCLASS,HEADANGLECAT,SHLDRWIDTH,STRKLENGTH,STRKWIDTH,STRKHEIGHT,EDGEDISTX,EDGEDISTY,EDGEDISTZ,CASEWGT,PSUSTRAT,VERSION
14454,73,43,1-73-2019-043-10,10,1,1GCRKTE78CZ1,17,20,498,2012,34,5,31,0,1,B,1,2408,5,0,1,2,6,5,40,1,8,0,995,0,7,0,04443,9,9,2,4,2,1,2,1,1,1,1,2,0,0,1,1,2,2,1,0,5,3,52,1,1,1,2,D,22,0,0,0,0,0,0,0,0,0,0,20,20,0,0,0,1,1,11,11,0,7280,998,-54,8,0,1,95,95,95,95,0,995,9.8,998,998,998,99.8,99.8,99.8,1234.59597441063,3,4
14454,73,43,1-73-2019-043-10,10,2,1GKDT13S5522,17,23,401,2005,14,3,14,0,1,F,1,2287,5,48,1,1,6,2,40,1,8,0,995,0,7,0,04479,9,9,2,4,2,1,2,1,1,1,1,1,0,0,1,1,2,2,9,0,1,3,50,99,1,1,2,D,20,0,0,0,0,0,0,0,0,0,0,20,20,0,0,0,1,1,11,-11,0,17847,998,-53,13,0,4,0,0,0,0,0,995,9.8,998,998,998,99.8,99.8,99.8,1234.59597441063,3,4
14455,73,44,1-73-2019-044-04,4,1,1J8FT47W67D1,17,2,1,2007,6,1,2,0,1,F,1,1404,5,0,1,1,7,2,48,1,8,0,995,0,7,0,04950,9,9,2,4,2,1,2,1,1,1,1,2,0,0,1,1,0,0,1,0,1,4,66,2,2,1,5,L,88,0,0,0,0,0,0,0,0,0,0,30,285,0,0,0,1,12,999,999,999,9999999,999,999,999,6,0,0,0,0,0,0,995,9.8,998,998,998,99.8,99.8,99.8,186.936194013242,3,4
14455,73,44,1-73-2019-044-04,4,2,JTEBU5JRXJ55,17,49,401,2018,14,3,14,0,1,L,1,2180,5,0,1,3,6,2,48,1,8,0,995,0,7,0,04976,1,2,2,4,2,1,2,1,2,1,1,2,0,0,1,1,2,2,1,0,1,2,17,2,1,1,5,L,89,0,0,0,0,0,0,0,0,0,0,285,30,0,0,0,1,8,999,999,999,9999999,999,999,999,6,0,0,0,0,0,0,995,9.8,998,998,998,99.8,99.8,99.8,186.936194013242,3,4
14456,52,36,1-52-2019-036-05,5,1,1FM5K8F80EGB,17,12,401,2014,14,3,14,0,1,F,1,2146,5,54,2,1,38,2,129,1,0,0,995,0,0,0,59102,1,2,0,1,2,2,2,1,1,1,3,2,1,3,2,1,0,0,1,0,1,6,87,1,1,1,1,C,13,0,0,0,0,0,0,0,0,0,0,998,998,0,0,0,1,10,999,999,999,9999999,999,39,15,2,0,1,2,0,4,0,998,9.8,998,998,998,99.8,99.8,99.8,88.240417309825,12,4
14457,32,88,1-32-2019-088-03,3,1,1GNERKKW0JJ1,17,20,423,2018,15,3,15,0,1,F,1,1978,5,0,1,5,39,2,72,1,0,1,0,2,0,1,75167,1,2,2,1,4,2,1,1,1,3,1,3,0,0,1,1,1,2,9,0,1,4,67,2,1,1,4,K,83,0,0,0,0,0,0,0,0,0,0,340,240,0,0,0,1,3,8,-8,-1,5033,998,-43,8,0,4,0,0,0,4,0,995,9.8,998,998,998,99.8,99.8,99.8,2004.84764575741,7,4
14457,32,88,1-32-2019-088-03,3,2,1HGCR2F81GA1,17,37,32,2016,4,1,4,0,1,L,1,1496,5,0,1,1,27,2,72,1,0,0,995,0,0,0,75104,3,2,2,1,2,2,1,1,3,1,1,0,0,0,1,1,1,2,1,0,11,2,15,4,1,1,4,K,82,0,0,0,0,0,0,0,0,0,0,240,340,0,0,0,1,3,11,-4,10,13312,998,139,11,0,4,1,2,0,6,0,995,9.8,998,998,998,99.8,99.8,99.8,2004.84764575741,7,4
14458,32,89,1-32-2019-089-02,2,1,3ALACWCY2FDG,17,82,881,2015,63,8,60,0,1,F,9,,,,,,,2,72,1,0,0,995,0,0,0,75052,9,9,2,1,3,3,1,1,2,2,1,1,0,0,1,1,1,2,9,0,14,2,17,99,1,1,4,K,83,,,,,,,,,,,,,,,,,,,,,,,,,,,95,95,95,95,,,9.8,998,998,998,99.8,99.8,99.8,81.0265634975965,7,4
14458,32,89,1-32-2019-089-02,2,2,7FARW1H85KE0,17,37,402,2019,14,3,14,0,1,L,1,1502,5,0,1,1,13,2,72,1,0,1,118,2,0,2,75104,1,9,2,4,3,2,1,1,3,4,0,2,0,0,1,1,1,2,9,0,11,4,66,11,1,1,4,K,82,0,0,0,0,0,0,0,0,0,0,30,135,0,0,0,1,5,999,999,999,9999999,999,999,22,2,0,2,9,0,3,0,995,9.8,998,998,998,99.8,99.8,99.8,81.0265634975965,7,4
14459,32,90,1-32-2019-090-03,3,1,1GCHSBEA0K12,17,20,473,2019,34,5,31,0,1,F,2,1791,5,0,1,1,24,2,48,1,0,0,995,0,0,0,75060,1,1,0,4,2,1,2,1,1,1,0,2,0,0,1,1,0,0,3,1,1,2,11,99,1,4,1,C,11,0,0,0,0,0,0,0,0,0,0,355,355,0,0,0,1,5,999,999,999,9999999,999,999,28,3,0,9,97,0,5,0,995,9.8,998,998,998,99.8,99.8,99.8,2004.84764574481,7,4
14459,32,90,1-32-2019-090-03,3,2,3FRNW7FC9DV0,17,12,881,2013,62,8,60,0,2,B,9,,,,,,,,,,,,,,,,,,,,,,,,,,,,,,,,,,,,,,,,,,,,,,,,,,,,,,,,,,,,,,,,,,,,,,,,95,95,95,95,,,,,,,,,,2004.84764574481,7,4
14460,11,79,1-11-2019-079-03,3,1,JTDBT9235710,17,49,51,2007,4,1,2,0,1,F,1,1050,5,0,1,2,31,5,72,1,0,0,995,0,0,0,28501,9,9,2,1,5,5,2,1,1,2,1,2,0,0,3,1,1,2,1,0,11,2,15,2,1,1,4,J,68,0,0,0,0,0,0,0,0,0,0,40,270,0,0,0,1,1,19,-19,-3,9453,998,-70,13,0,1,95,95,95,95,0,995,9.8,998,998,998,99.8,99.8,99.8,342.535419855095,8,4
14460,11,79,1-11-2019-079-03,3,2,KNMAT2MV8FP5,17,35,51,2015,6,1,3,0,1,L,1,1610,5,0,1,1,16,2,72,1,0,0,995,0,0,0,23002,2,2,2,1,6,3,2,1,1,4,1,1,0,0,3,1,1,2,1,0,1,4,62,4,1,1,4,J,69,0,0,0,0,0,0,0,0,0,0,270,40,0,0,0,1,1,11,-9,7,22036,998,-84,15,0,1,1,1,0,4,0,995,9.8,998,998,998,99.8,99.8,99.8,342.535419855095,8,4
14463,14,42,1-14-2019-042-06,6,1,JN8AZ2KR2DT3,17,35,52,2013,6,1,1,0,1,F,3,1286,5,0,1,1,4,2,64,1,0,0,995,0,0,0,78261,1,1,0,4,2,1,2,1,1,4,1,2,0,0,1,1,0,0,3,1,1,2,13,3,1,4,1,A,1,0,0,0,0,0,0,0,0,0,0,998,998,0,0,3,1,10,999,999,999,9999999,999,-44,46,4,0,1,1,0,5,0,998,0.0,60,60,120,9.9,2.8,10.8,2841.03722701177,8,4
14464,25,52,1-25-2019-052-09,9,1,3N1AB61E18L7,17,35,43,2008,4,1,3,0,1,F,2,1296,5,0,1,1,5,2,24,1,8,0,995,0,7,0,04103,9,9,3,4,2,1,2,1,1,1,0,0,0,0,1,1,0,0,9,1,11,2,12,99,1,4,1,B,6,0,0,0,0,0,0,0,0,0,0,998,998,0,0,7,2,10,999,999,999,9999999,999,9,29,3,0,99,99,0,99,0,998,0.0,40,40,999,14.5,0.6,14.6,390.621602855709,2,4
14465,25,53,1-25-2019-053-06,6,1,1NKZXPTX7JJ2,17,85,881,2018,63,8,60,0,1,R,9,,,,,,,5,56,1,8,0,995,0,7,0,04106,9,9,2,4,2,1,2,1,2,4,1,2,0,0,1,1,0,0,1,1,6,4,61,99,1,2,4,J,73,,,,,,,,,,,,,,,,,,,,,,,,,,,95,95,95,95,,,9.8,998,998,998,99.8,99.8,99.8,129.810236874676,2,4
14465,25,53,1-25-2019-053-06,6,2,1G1JD6SB1C41,17,20,28,2012,5,1,1,0,1,L,1,1220,5,0,1,1,6,2,56,1,8,0,995,0,7,0,04102,9,9,2,4,2,1,2,1,2,4,1,2,0,0,1,1,0,0,1,0,11,2,15,99,1,1,4,J,72,0,0,0,0,0,0,0,0,0,0,155,175,0,0,0,1,5,999,999,999,9999999,999,999,5,1,0,9,0,0,4,0,995,9.8,998,998,998,99.8,99.8,99.8,129.810236874676,2,4
14466,66,46,1-66-2019-046-09,9,1,5GADV33116D1,17,18,441,2006,20,4,20,0,1,T,1,2008,5,0,1,1,13,2,72,1,0,1,0,2,7,0,65712,1,2,0,4,2,1,2,1,1,1,1,4,0,0,1,1,0,0,1,1,1,2,12,4,2,4,1,B,7,1,2,2,2,1,4,61,1,2,21,997,997,0,1,0,1,6,999,999,999,9999999,999,999,999,6,0,2,5,0,4,3,997,9.8,998,998,998,99.8,99.8,99.8,120.823855191032,6,4
14467,27,46,1-27-2019-046-06,6,1,2G1WB58KX693,17,20,2,2006,4,1,4,0,1,R,1,1630,5,0,1,1,14,2,48,1,0,0,995,0,0,0,01238,1,2,2,4,2,1,2,1,1,4,0,0,0,0,1,1,2,2,3,0,1,2,17,1,1,1,5,L,87,0,0,0,0,0,0,0,0,0,0,190,100,0,0,0,1,1,16,-3,-16,5769,998,115,7,0,4,0,0,0,0,0,995,9.8,998,998,998,99.8,99.8,99.8,159.522960136086,3,4
14467,27,46,1-27-2019-046-06,6,2,3N1AB7AP8EY3,17,35,43,2014,4,1,3,0,1,F,1,1293,5,0,1,1,11,2,48,1,0,0,995,0,0,0,13326,1,2,2,4,2,1,2,1,1,1,1,2,0,0,1,1,0,0,1,0,1,4,66,3,1,1,5,L,86,0,0,0,0,0,0,0,0,0,0,100,190,0,0,0,1,1,20,-20,3,41695,998,14,28,0,4,1,1,0,4,0,995,9.8,998,998,998,99.8,99.8,99.8,159.522960136086,3,4
14468,27,47,1-27-2019-047-08,8,1,3LNHM26T39R6,17,13,13,2009,4,1,3,0,1,L,2,1603,5,91,1,1,4,2,48,1,0,1,0,2,0,2,01201,1,2,2,4,2,1,2,1,1,1,1,2,0,0,1,1,1,2,1,0,1,2,17,1,1,1,5,L,87,1,1,1,1,1,4,63,1,2,3,998,998,0,0,0,3,7,999,999,999,9999999,999,999,999,7,0,3,17,1,3,3,998,0.6,50,14,12,3.0,1.0,3.1,104.621471910836,3,4
14468,27,47,1-27-2019-047-08,8,2,5NPDH4AE1CH1,17,55,35,2012,4,1,3,0,1,F,1,1265,5,0,1,6,20,5,48,1,0,9,998,8,0,9,01201,9,9,2,1,3,1,2,1,3,2,1,1,0,0,1,1,1,2,1,0,14,4,66,99,1,1,5,L,86,0,0,0,0,0,0,0,0,0,0,30,105,0,0,0,1,3,4,-4,1,639,998,33,3,0,4,95,95,95,95,0,995,9.8,998,998,998,99.8,99.8,99.8,104.621471910836,3,4
14469,26,91,1-26-2019-091-03,3,1,KMHCT4AE3HU3,17,55,36,2017,4,1,2,0,1,F,1,1155,5,0,1,1,28,2,64,1,0,0,995,0,0,0,95843,1,2,0,1,4,1,2,1,1,1,3,3,0,0,1,1,0,0,3,0,1,3,52,7,1,1,2,D,28,0,0,0,0,0,0,0,0,0,0,160,165,0,0,0,1,3,15,-14,3,9587,998,76,12,0,4,1,1,0,4,0,995,9.8,998,998,998,99.8,99.8,99.8,541.918745608562,10,4
14469,26,91,1-26-2019-091-03,3,2,1FDBF2A6XKEC,17,12,481,2019,34,5,31,99,1,B,1,2578,5,9999,9,0,998,5,64,1,0,0,995,0,0,0,95630,9,9,0,1,4,1,2,1,1,1,3,3,0,0,1,1,0,0,1,0,2,3,53,1,1,1,2,D,29,0,0,0,0,0,0,0,0,0,0,165,160,0,0,0,1,3,7,7,-1,10962,998,114,9,0,4,95,95,95,95,0,995,9.8,998,998,998,99.8,99.8,99.8,541.918745608562,10,4
14470,26,92,1-26-2019-092-04,4,1,JTEBU5JR0H54,17,49,401,2017,14,3,14,0,1,F,9,2111,5,0,1,3,31,2,105,1,0,0,995,0,0,0,95695,1,2,0,2,4,4,2,1,1,1,3,2,0,0,1,1,0,0,1,0,1,3,52,2,2,1,2,D,28,0,0,0,0,0,0,0,0,0,0,340,340,0,0,0,1,12,999,999,999,9999999,999,999,999,9,0,1,1,0,0,0,995,9.8,998,998,998,99.8,99.8,99.8,1403.86466423745,10,4
14470,26,92,1-26-2019-092-04,4,2,3TMJU4GN6BM1,17,49,472,2011,34,5,30,0,1,B,1,1900,5,9999,9,4,37,5,105,1,0,0,995,0,0,0,95220,9,9,0,2,4,4,2,1,1,1,3,2,0,0,1,1,0,0,1,0,2,3,53,1,1,1,2,D,29,0,0,0,0,0,0,0,0,0,0,340,340,0,0,0,1,12,999,999,999,9999999,999,999,999,6,0,95,95,95,95,0,995,9.8,998,998,998,99.8,99.8,99.8,1403.86466423745,10,4
14470,26,92,1-26-2019-092-04,4,3,JT2BF28K4X01,17,49,40,1999,4,1,3,0,1,B,9,1475,5,9999,9,0,998,5,105,1,0,0,995,0,0,0,95758,9,9,0,2,4,4,2,1,1,1,3,2,0,0,1,1,0,0,1,0,2,3,53,1,1,1,6,M,98,0,0,0,0,0,0,0,0,0,0,340,340,0,0,0,2,0,999,999,999,9999999,999,999,999,9,0,95,95,95,95,0,995,9.8,998,998,998,99.8,99.8,99.8,1403.86466423745,10,4
14471,26,93,1-26-2019-093-02,2,1,1FMEU15N2LLB,17,12,421,1990,15,3,15,0,1,F,2,2069,5,9999,9,4,13,2,64,1,1,8,997,8,7,9,95610,1,9,2,1,5,3,2,1,1,1,3,1,0,0,1,1,1,2,9,0,1,2,17,2,1,1,4,K,83,0,0,0,0,0,0,0,0,0,0,60,305,0,0,0,1,3,32,-30,-11,98486,998,-73,30,0,4,0,0,0,0,0,995,9.8,998,998,998,99.8,99.8,99.8,35.6892101093093,10,4
14471,26,93,1-26-2019-093-02,2,2,1C4BJWDG2GL1,17,2,403,2016,14,3,14,0,1,L,2,1860,5,0,1,1,17,2,64,1,0,1,0,2,0,2,95621,1,9,2,1,4,3,2,1,1,1,1,1,0,0,1,1,1,2,1,0,11,4,66,2,1,1,4,K,82,0,0,0,0,0,0,0,0,0,0,305,60,0,0,0,1,3,35,-23,27,145055,998,-91,36,0,4,0,0,0,4,0,995,9.8,998,998,998,99.8,99.8,99.8,35.6892101093093,10,4
14472,17,87,1-17-2019-087-04,4,1,1FTBF2B60GEB,17,12,481,2016,34,5,31,0,1,T,2,3097,5,4536,1,1,7,2,113,1,8,0,995,0,7,0,52001,1,2,0,1,4,2,2,1,1,1,3,2,1,3,1,1,0,0,3,1,1,2,12,8,1,4,1,B,6,0,0,0,0,0,0,0,0,0,0,996,996,1,0,0,1,5,999,999,999,9999999,999,999,999,7,0,0,0,0,0,0,996,9.8,998,998,998,99.8,99.8,99.8,901.214422343502,4,4
14473,17,88,1-17-2019-088-03,3,1,4T1BF1FKXGU5,17,49,40,2016,4,1,4,0,1,R,1,1467,5,0,1,1,9,2,56,1,9,0,995,0,7,0,61282,1,2,2,4,5,3,1,1,1,1,3,2,0,0,1,1,0,0,2,0,11,2,15,1,1,1,4,J,68,0,0,0,0,0,0,0,0,0,0,200,90,0,0,0,1,1,21,-14,-16,35545,998,91,21,0,1,2,6,0,4,0,995,9.8,998,998,998,99.8,99.8,99.8,213.820884180185,4,4
14473,17,88,1-17-2019-088-03,3,2,1G6AH5SX1D01,17,19,24,2013,4,1,4,0,1,F,1,1607,8,0,1,1,8,2,56,1,9,0,995,0,7,0,61265,9,9,2,4,4,1,1,1,1,1,0,3,0,0,1,1,0,0,9,0,1,4,62,2,1,1,4,J,69,0,0,0,0,0,0,0,0,0,0,90,200,0,0,0,1,1,19,-18,7,32735,998,76,20,0,1,0,0,0,0,0,995,9.8,998,998,998,99.8,99.8,99.8,213.820884180185,4,4
14473,17,88,1-17-2019-088-03,3,3,1GB3CZCG7EF1,17,20,481,2014,40,6,45,0,1,F,1,2619,5,9999,9,0,998,5,48,1,9,0,995,0,7,0,61201,9,9,2,4,2,1,1,1,1,1,0,2,0,0,1,1,2,2,9,0,5,4,67,99,1,1,6,M,98,0,0,0,0,0,0,0,0,0,0,0,190,0,0,0,2,3,4,-3,2,2345,998,165,3,0,4,95,95,95,95,0,995,9.8,998,998,998,99.8,99.8,99.8,213.820884180185,4,4
14474,29,82,1-29-2019-082-10,10,1,4T4BF1FK2ER3,17,49,40,2014,4,1,3,0,1,B,1,1441,5,0,1,2,26,5,56,1,0,0,995,0,0,0,02914,9,9,0,4,4,2,2,1,1,1,3,2,0,0,1,1,0,0,1,0,2,3,53,1,1,1,2,D,29,0,0,0,0,0,0,0,0,0,0,215,215,0,0,0,1,1,12,12,0,6157,998,-9,10,0,1,95,95,95,95,0,995,9.8,998,998,998,99.8,99.8,99.8,3506.07109538148,2,4
14474,29,82,1-29-2019-082-10,10,2,JN8AS58V09W4,17,35,51,2009,6,1,3,0,1,F,1,1564,5,0,1,1,20,2,56,1,0,0,995,0,0,0,02907,7,1,0,4,4,2,2,1,1,1,3,2,0,0,1,1,0,0,1,0,1,3,52,2,1,1,2,D,28,0,0,0,0,0,0,0,0,0,0,215,215,0,0,0,1,1,10,-10,0,9610,998,3,12,0,1,0,0,0,0,0,995,9.8,998,998,998,99.8,99.8,99.8,3506.07109538148,2,4
14476,29,84,1-29-2019-084-03,3,1,1B4HS28N11F6,17,7,402,2001,14,3,14,0,1,L,1,2085,5,0,2,3,9,2,56,1,0,0,995,0,0,0,02745,1,2,3,4,2,1,2,1,1,1,0,0,0,0,1,8,0,0,1,0,10,2,16,4,1,7,4,K,78,0,0,0,0,0,0,0,0,0,0,220,290,0,0,0,1,3,11,2,11,20841,998,183,10,0,4,0,0,0,0,0,995,9.8,998,998,998,99.8,99.8,99.8,161.961689047479,2,4
14476,29,84,1-29-2019-084-03,3,2,3N63M0ZN5FK7,17,20,445,2015,20,4,20,0,1,F,1,1475,5,1924,2,1,11,2,56,1,0,0,995,0,0,0,02747,1,2,3,1,4,1,2,1,2,1,1,3,0,0,1,8,0,0,1,0,14,4,70,3,1,1,4,K,79,0,0,0,0,0,0,0,0,0,0,290,220,0,0,0,1,3,7,-7,-1,12405,998,-11,10,0,4,1,1,0,0,0,995,9.8,998,998,998,99.8,99.8,99.8,161.961689047479,2,4
14477,15,53,1-15-2019-053-04,4,1,1C4RJFAG6HC9,17,2,422,2017,15,3,15,0,1,R,9,2121,5,9999,9,0,998,5,48,1,8,9,998,8,7,0,11561,9,9,3,3,1,1,2,1,1,1,0,0,0,0,1,1,0,0,9,0,11,2,15,99,1,1,4,K,76,0,0,0,0,0,0,0,0,0,0,110,90,0,0,0,1,0,999,999,999,9999999,999,999,999,9,0,95,95,95,95,0,995,9.8,998,998,998,99.8,99.8,99.8,2516.46396459513,1,4
14477,15,53,1-15-2019-053-04,4,2,19XFC2F56JE2,17,37,31,2018,4,1,3,0,1,F,9,1244,5,9999,9,4,31,2,48,1,8,9,998,8,7,9,11790,9,9,3,4,4,1,2,1,3,1,1,3,0,0,1,1,0,0,9,0,14,4,70,99,1,1,4,K,77,0,0,0,0,0,0,0,0,0,0,90,110,0,0,0,1,12,999,999,999,9999999,999,999,999,9,0,0,0,0,99,0,995,9.8,998,998,998,99.8,99.8,99.8,2516.46396459513,1,4
14478,33,69,1-33-2019-069-03,3,1,JM3KE2DY5G08,17,41,403,2016,14,3,14,0,1,F,1,1629,5,0,1,1,23,2,56,1,0,0,995,0,0,0,95965,1,2,0,5,5,2,2,1,1,1,3,2,0,0,1,1,0,0,3,0,1,3,50,2,1,1,2,D,20,0,0,0,0,0,0,0,0,0,0,135,135,0,0,0,1,3,17,-17,0,18316,998,-12,17,0,4,1,1,0,0,0,995,9.8,998,998,998,99.8,99.8,99.8,71.5135197479547,12,4
14478,33,69,1-33-2019-069-03,3,2,19XFC2F71GE2,17,37,31,2016,4,1,3,0,1,B,1,1244,5,9999,9,0,998,5,56,1,0,0,995,0,0,0,95965,9,9,0,5,5,2,2,1,1,1,3,2,0,0,1,1,0,0,1,0,5,3,53,1,1,1,2,D,21,0,0,0,0,0,0,0,0,0,0,135,135,0,0,0,1,3,24,24,0,29071,998,0,25,0,4,95,95,95,95,0,995,9.8,998,998,998,99.8,99.8,99.8,71.5135197479547,12,4
14479,33,70,1-33-2019-070-03,3,1,2C4RDGBG3KR5,17,7,442,2019,20,4,20,0,1,F,1,2050,5,0,1,1,31,2,72,1,0,1,0,2,1,2,95914,1,2,2,1,2,2,2,1,3,1,1,2,0,0,1,1,1,2,9,0,14,3,52,7,1,2,2,F,48,1,4,2,5,7,1,3,3,2,43,55,60,0,0,0,2,3,9,-9,0,7398,998,55,9,0,4,2,5,0,3,1,995,9.8,998,998,998,99.8,99.8,99.8,71.5135197479547,12,4
14479,33,70,1-33-2019-070-03,3,2,JTHBF30G7250,17,59,31,2002,4,1,3,0,1,L,1,1560,5,0,1,2,38,5,72,1,0,0,995,0,0,0,95966,9,9,2,1,2,2,2,1,3,1,1,2,0,0,1,1,1,2,9,0,2,3,53,1,1,1,2,F,48,0,0,0,0,0,0,0,0,0,0,60,60,0,0,0,1,8,999,999,999,9999999,999,999,999,6,0,95,95,95,95,0,995,9.8,998,998,998,99.8,99.8,99.8,71.5135197479547,12,4
14479,33,70,1-33-2019-070-03,3,3,5TENL42N4YZ6,17,49,472,2000,34,5,30,0,1,B,1,1170,5,9999,9,1,25,2,72,1,0,0,995,0,0,0,95969,1,1,2,1,2,2,2,1,3,1,1,2,0,0,1,1,1,2,9,0,5,4,60,1,1,1,6,M,98,0,0,0,0,0,0,0,0,0,0,60,55,0,0,0,2,3,15,14,-3,15345,998,100,14,0,4,0,0,0,4,0,995,9.8,998,998,998,99.8,99.8,99.8,71.5135197479547,12,4
14481,22,64,1-22-2019-064-07,7,1,KNDJT2A19A71,17,63,37,2010,6,1,2,0,1,L,1,1190,5,0,2,1,10,2,105,1,0,0,995,0,0,0,98663,7,2,2,4,2,1,2,1,1,1,1,4,2,3,1,1,0,0,3,1,1,3,52,8,1,4,2,D,32,0,0,0,0,0,0,0,0,0,0,60,50,0,1,0,1,3,10,-10,0,8380,998,-85,10,0,4,1,2,0,6,0,995,9.8,998,998,998,99.8,99.8,99.8,37.4524942326431,12,4
14481,22,64,1-22-2019-064-07,7,2,JN8AS58VX8W1,17,35,51,2008,6,1,3,0,1,B,1,1485,5,0,2,1,10,2,105,1,0,0,995,0,0,0,83501,1,2,2,4,2,1,2,1,1,1,1,4,2,3,1,1,0,0,1,0,2,3,53,1,1,1,2,D,32,0,0,0,0,0,0,0,0,0,0,50,60,0,0,0,1,3,8,8,1,4448,998,-43,8,0,4,1,1,0,0,0,995,9.8,998,998,998,99.8,99.8,99.8,37.4524942326431,12,4
14482,31,48,1-31-2019-048-04,4,1,2C4RDGBG1JR1,17,7,442,2018,20,4,20,0,1,F,1,2050,5,0,2,1,4,2,89,1,0,0,995,0,0,0,62828,1,2,0,4,2,1,2,1,1,1,1,4,0,0,4,1,0,0,1,0,1,6,87,1,1,1,1,C,13,0,0,0,0,0,0,0,0,0,0,998,998,0,0,0,1,10,999,999,999,9999999,999,37,14,2,0,0,0,0,0,0,998,9.8,998,998,998,99.8,99.8,99.8,240.49101350779,6,4
14483,29,83,1-29-2019-083-04,4,1,JTEHD21A1200,17,49,403,2002,14,3,14,0,1,F,1,1760,5,9999,9,0,998,2,32,1,0,0,995,0,0,0,02703,9,9,2,4,2,1,2,1,1,1,1,2,0,0,1,1,2,2,9,0,1,2,17,99,1,1,4,K,83,0,0,0,0,0,0,0,0,0,0,315,195,0,0,0,1,3,4,-4,0,1837,998,0,5,0,4,0,0,0,3,0,995,2.3,23,5,120,0.0,3.3,3.3,427.995263992256,2,4
14483,29,83,1-29-2019-083-04,4,2,3GNAXWEX6JL3,17,20,404,2018,14,3,14,0,1,L,1,1580,5,0,1,1,7,2,72,1,0,0,995,0,0,0,02771,1,2,2,4,2,1,2,1,1,1,1,2,0,0,1,1,0,0,1,0,11,4,62,9,1,1,4,K,82,0,0,0,0,0,0,0,0,0,0,195,315,0,0,0,1,3,4,-2,4,3386,998,-205,4,0,4,0,0,0,0,0,995,9.8,998,998,998,99.8,99.8,99.8,427.995263992256,2,4
14484,13,57,1-13-2019-057-02,2,1,KL8CD6S97FC7,17,20,29,2015,5,1,1,0,1,F,3,1029,5,0,1,1,32,2,72,1,0,1,0,2,0,1,76001,1,2,2,1,4,2,1,1,1,2,3,3,0,0,1,1,1,2,1,0,1,2,17,2,1,1,4,J,69,0,0,0,0,0,0,0,0,0,0,0,130,0,0,0,1,3,69,-68,12,149236,998,24,56,0,4,3,14,1,3,0,995,9.8,998,998,998,99.8,99.8,99.8,76.4378672427031,7,4
14484,13,57,1-13-2019-057-02,2,2,3HGCM56455G7,17,37,32,2005,4,1,3,0,1,R,3,1389,5,0,1,1,21,2,72,1,0,0,995,0,0,0,76002,2,9,2,1,4,4,1,1,1,1,1,0,0,0,1,1,1,2,1,0,11,4,63,1,1,1,4,J,68,0,0,0,0,0,0,0,0,0,0,130,0,0,0,0,1,3,55,-42,-35,305284,998,89,63,0,4,99,99,0,5,0,995,9.8,998,998,998,99.8,99.8,99.8,76.4378672427031,7,4
14485,13,58,1-13-2019-058-02,2,1,1D4HD48N05F6,17,7,422,2005,15,3,15,0,1,F,9,2252,5,9999,9,0,998,2,999,1,0,0,995,0,0,0,76084,1,9,0,4,4,2,2,1,1,1,3,2,0,0,1,1,0,0,9,0,1,3,50,99,1,1,2,D,20,0,0,0,0,0,0,0,0,0,0,180,180,0,0,0,1,0,999,999,999,9999999,999,999,999,9,0,0,0,0,0,0,995,9.8,998,998,998,99.8,99.8,99.8,76.4378672427031,7,4
14485,13,58,1-13-2019-058-02,2,2,3N1AB7AP4FY3,17,35,43,2015,4,1,3,0,1,B,2,1293,5,0,1,5,8,2,999,1,0,0,995,0,0,0,76115,1,1,0,4,4,2,2,1,1,1,3,2,0,0,1,1,0,0,1,0,5,3,53,1,1,1,2,D,22,0,0,0,0,0,0,0,0,0,0,180,180,0,0,0,1,12,999,999,999,9999999,999,999,999,7,0,1,2,0,4,0,995,9.8,998,998,998,99.8,99.8,99.8,76.4378672427031,7,4
14486,18,41,1-18-2019-041-05,5,1,4T4BF1FK6DR2,17,49,40,2013,4,1,3,0,1,F,2,1441,5,0,1,1,7,2,105,1,1,1,469,2,0,1,54703,1,9,1,1,2,1,1,1,1,3,3,1,1,3,3,1,0,0,9,0,1,3,54,99,1,1,3,G,52,0,0,0,0,0,0,0,0,0,0,120,295,0,0,0,1,5,999,999,999,9999999,999,999,36,3,0,3,22,1,3,0,995,9.8,998,998,998,99.8,99.8,99.8,85.4917793516379,6,4