CASEID,PSU,CASENO,CASENUMBER,CATEGORY,VEHNO,VIN,VINLENGTH,MAKE,MODEL,MODELYR,BODYTYPE,BODYCAT,VEHCLASS,SPECUSE,TRANSTAT,DAMPLANE,DAMSEV,CURBWT,CURBSRC,CARGOWT,CARGOSRC,INSPTYPE,INSPLAG,TOWED,SPEEDLIMIT,DRPRESENT,PARALCOHOL,ALCTEST,ALCTESTRESULT,ALCTESTSRC,PARDRUG,DRUGTEST,ZIP,RACE,ETHNICITY,RELTOJUNCT,TRAFFLOW,RDLANES,INITLANE,SURFTYPE,SURFCOND,ALIGNMENT,PROFILE,LINERIGHT,LINELEFT,RUMBINIT,RUMBROAD,LIGHTCOND,WEATHER,TRAFDEV,TRAFFUNCT,DISTRACT,PREFHE,PREMOVE,CRITCAT,CRITEVENT,MANEUVER,PRESTAB,PRELOC,CRASHCAT,CRASHCONF,CRASHTYPE,ROLLTYPE,ROLLTURN,ROLLINTRPT,ROLLPREMAN,ROLLINITYP,ROLLINLOC,ROLLOBJ,ROLLTRIP,ROLLDIR,ROLLDIST,DVANGTHIS,DVANGOTH,TOWHITCH,TRAJDOC,TREEPOLE,DVEVENT,DVBASIS,DVTOTAL,DVLONG,DVLAT,DVENERGY,DVSPEED,DVMOMENT,DVBES,DVEST,DVCONF,VAIS,VISS,VINJURED,VTREAT,INITOBJCLASS,HEADANGLECAT,SHLDRWIDTH,STRKLENGTH,STRKWIDTH,STRKHEIGHT,EDGEDISTX,EDGEDISTY,EDGEDISTZ,CASEWGT,PSUSTRAT,VERSION
14486,18,41,1-18-2019-041-05,5,2,1XKWDB9XX5J0,17,85,881,2005,66,8,68,0,1,F,9,,,,,,,2,105,1,0,0,995,0,0,0,54727,9,9,1,1,2,1,1,1,1,3,1,3,2,3,3,1,0,0,9,0,1,3,54,3,1,2,3,G,52,,,,,,,,,,,,,,,,,,,,,,,,,,,95,95,95,95,,,1.4,999,999,999,99.9,99.9,99.9,85.4917793516379,6,4
14487,22,63,1-22-2019-063-10,10,1,1GTEK19J77Z5,17,23,481,2007,34,5,31,0,1,B,1,2389,5,0,2,1,4,2,56,1,1,1,308,1,0,0,83501,5,2,0,5,3,1,2,1,1,2,1,2,0,0,1,1,0,0,3,1,1,2,12,1,4,4,1,B,7,0,0,0,0,0,0,0,0,0,0,998,998,0,1,5,2,10,999,999,999,9999999,999,-71,11,2,0,0,0,0,0,0,998,0.8,10,10,96,15.6,2.8,15.9,87.3867664965293,12,4
14488,30,71,1-30-2019-071-02,2,1,1NXBR32E86Z6,17,49,32,2006,4,1,2,0,1,F,1,1135,5,0,2,4,36,2,105,1,0,0,995,0,0,0,85086,1,1,0,2,4,3,2,1,1,1,3,1,0,0,3,1,0,0,1,0,1,4,61,7,4,2,2,F,45,0,0,0,0,0,0,0,0,0,0,295,350,0,0,0,2,3,8,-7,4,2822,998,97,6,0,4,1,1,0,6,0,995,3.2,999,999,999,3.0,3.4,4.5,37.7186958829631,10,4
14488,30,71,1-30-2019-071-02,2,2,3TMCZ5AN2JM1,17,49,472,2018,34,5,31,0,1,L,2,1984,5,0,1,1,37,2,105,1,0,0,995,0,0,1,86305,1,2,0,2,4,4,2,1,1,1,3,2,0,0,3,1,0,0,1,0,1,4,61,1,1,1,6,M,98,1,5,2,5,1,1,61,1,1,23,997,997,0,0,0,4,6,999,999,999,9999999,999,999,999,7,0,2,12,0,3,3,997,9.8,998,998,998,99.8,99.8,99.8,37.7186958829631,10,4
14488,30,71,1-30-2019-071-02,2,3,999999999999,99,99,999,9999,99,10,99,99,1,L,9,,,,,,,5,105,1,9,0,995,0,9,0,99999,9,9,0,2,4,2,2,1,1,1,3,3,0,0,3,1,0,0,9,1,15,2,10,99,1,2,2,F,47,,,,,,,,,,,,,,,,,,,,,,,,,,,95,95,95,95,,,9.8,998,998,998,99.8,99.8,99.8,37.7186958829631,10,4
14489,30,72,1-30-2019-072-01,1,1,1N6AD07U16C4,17,35,472,2006,34,5,31,0,1,L,2,1925,5,0,1,1,35,2,56,1,0,1,0,3,0,2,85035,9,9,2,4,5,2,2,1,1,1,1,1,0,0,3,1,1,2,9,0,1,2,17,99,1,1,5,L,89,1,1,2,6,6,4,52,2,1,3,0,90,0,0,0,1,1,25,-13,22,42561,998,-74,21,0,1,2,5,0,1,3,995,0.0,50,50,120,3.6,2.3,4.4,74.5512035827328,10,4
14489,30,72,1-30-2019-072-01,1,2,1N6AD07U17C4,17,35,472,2007,34,5,31,0,1,F,1,1925,5,0,1,1,37,2,64,1,0,0,995,0,0,0,85303,1,2,2,4,5,1,2,1,1,1,0,3,0,0,3,1,1,2,1,0,1,4,66,2,1,1,5,L,88,0,0,0,0,0,0,0,0,0,0,90,0,0,0,0,1,1,24,-21,-12,83782,998,-103,27,0,1,2,6,0,4,0,995,9.8,998,998,998,99.8,99.8,99.8,74.5512035827328,10,4
14490,21,73,1-21-2019-073-02,2,1,JN8AZ1MU4CW1,17,35,49,2012,6,1,4,0,1,F,1,1742,8,9999,9,4,37,2,113,1,0,0,995,0,0,0,92509,9,1,0,3,5,5,1,1,3,9,3,2,1,3,4,1,0,0,3,0,14,3,50,7,1,1,2,D,20,0,0,0,0,0,0,0,0,0,0,45,70,0,0,0,1,12,999,999,999,9999999,999,999,999,2,0,1,1,0,99,0,995,9.8,998,998,998,99.8,99.8,99.8,17.7745052984276,11,4
14490,21,73,1-21-2019-073-02,2,2,MAJ3S2KE7KC2,17,12,403,2019,14,3,14,0,1,B,1,1370,5,9999,9,4,38,2,113,1,0,0,995,0,0,0,89117,3,2,0,3,5,5,1,1,3,9,3,2,1,3,4,1,0,0,3,0,5,3,53,1,1,1,2,D,21,0,0,0,0,0,0,0,0,0,0,70,45,0,0,0,1,12,999,999,999,9999999,999,999,999,2,0,1,1,0,4,0,995,9.8,998,998,998,99.8,99.8,99.8,17.7745052984276,11,4
14490,21,73,1-21-2019-073-02,2,3,3C4NJDCB9KT5,17,2,1,2019,6,1,2,0,1,B,1,1509,8,9999,9,4,31,2,113,1,0,0,995,0,0,0,89144,1,2,0,3,5,5,1,1,3,9,3,2,1,3,4,1,0,0,3,0,5,3,53,1,1,1,6,M,98,0,0,0,0,0,0,0,0,0,0,70,80,0,0,0,2,12,999,999,999,9999999,999,999,999,2,0,0,0,0,0,0,995,9.8,998,998,998,99.8,99.8,99.8,17.7745052984276,11,4
14490,21,73,1-21-2019-073-02,2,4,KM8J33A28GU0,17,55,402,2016,14,3,14,0,1,B,1,1560,5,9999,9,4,31,5,113,1,0,0,995,0,0,0,91010,9,9,0,3,5,5,1,1,3,9,3,2,1,3,4,1,0,0,3,0,5,3,53,1,1,1,6,M,98,0,0,0,0,0,0,0,0,0,0,70,55,0,0,0,3,12,999,999,999,9999999,999,999,999,1,0,95,95,95,95,0,995,9.8,998,998,998,99.8,99.8,99.8,17.7745052984276,11,4
14490,21,73,1-21-2019-073-02,2,5,1FDWW36P35EC,17,12,481,2005,40,6,45,0,1,F,1,9999,9,9999,9,4,31,5,113,1,0,0,995,0,0,0,92274,9,9,0,3,5,4,1,1,3,9,3,3,0,3,4,1,0,0,3,0,14,3,50,2,1,1,6,M,98,0,0,0,0,0,0,0,0,0,0,80,130,0,0,0,5,12,999,999,999,9999999,999,999,999,1,0,95,95,95,95,0,995,9.8,998,998,998,99.8,99.8,99.8,17.7745052984276,11,4
14491,21,74,1-21-2019-074-03,3,1,3VW2B7AJ3HM2,17,30,40,2017,4,1,3,0,1,F,1,1333,8,0,1,1,37,2,64,1,0,0,995,0,0,0,92404,9,9,0,4,4,2,2,1,1,1,3,2,0,0,1,1,0,0,1,0,1,4,62,1,1,1,6,M,98,0,0,0,0,0,0,0,0,0,0,190,240,0,0,0,1,98,999,999,999,9999999,999,999,999,6,0,0,0,0,4,0,995,9.8,998,998,998,99.8,99.8,99.8,464.280056554891,11,4
14491,21,74,1-21-2019-074-03,3,2,JNKBV61E07M7,17,58,37,2007,4,1,4,0,1,R,9,1587,5,9999,9,0,998,5,64,1,8,9,998,8,7,9,92410,9,9,0,4,4,2,2,1,1,1,3,2,0,0,1,1,0,0,9,1,12,2,21,99,1,2,6,M,98,0,0,0,0,0,0,0,0,0,0,240,190,0,0,0,1,0,999,999,999,9999999,999,999,999,9,0,95,95,95,95,0,995,9.8,998,998,998,99.8,99.8,99.8,464.280056554891,11,4
14492,21,75,1-21-2019-075-03,3,1,KL5JD56Z55K1,17,53,34,2005,4,1,2,0,1,L,9,1225,8,9999,9,0,998,5,56,1,0,0,995,0,0,0,92404,9,9,0,5,5,1,2,1,1,1,0,3,0,0,1,1,0,0,2,1,15,2,10,1,1,2,2,F,47,0,0,0,0,0,0,0,0,0,0,85,105,0,0,0,1,0,999,999,999,9999999,999,999,999,9,0,95,95,95,95,0,995,9.8,998,998,998,99.8,99.8,99.8,464.280056554891,11,4
14492,21,75,1-21-2019-075-03,3,2,5XXGM4A72FG4,17,63,34,2015,4,1,4,0,1,F,1,1468,5,9999,9,4,32,2,56,1,0,0,995,0,0,0,92410,2,9,0,5,5,2,2,1,1,1,0,3,0,0,1,1,0,0,9,0,1,4,61,99,1,1,2,F,45,0,0,0,0,0,0,0,0,0,0,105,85,0,0,0,1,98,999,999,999,9999999,999,999,999,6,0,0,0,0,99,0,995,9.8,998,998,998,99.8,99.8,99.8,464.280056554891,11,4
14494,12,47,1-12-2019-047-01,1,1,3C63RRML0EG1,17,7,482,2014,34,5,31,0,1,F,1,3341,5,136,1,1,24,2,89,1,0,0,995,0,0,0,73438,1,2,0,1,2,2,2,1,1,1,3,2,0,0,1,1,0,0,9,1,1,3,50,8,1,2,2,D,20,0,0,0,0,0,0,0,0,0,0,90,80,0,1,0,1,5,999,999,999,9999999,999,999,8,1,0,3,14,1,1,0,995,9.8,998,998,998,99.8,99.8,99.8,353.331729164077,9,4
14494,12,47,1-12-2019-047-01,1,2,1FDWF37Y36EC,17,12,481,2006,40,6,45,7,1,B,1,2606,5,272,1,5,28,2,89,1,0,0,995,0,0,0,73443,1,2,0,1,2,2,2,1,1,1,3,2,0,0,1,1,0,0,9,0,5,3,53,1,1,1,2,D,21,0,0,0,0,0,0,0,0,0,0,80,90,0,1,0,1,5,999,999,999,9999999,999,999,10,2,0,0,0,0,0,0,995,9.8,998,998,998,99.8,99.8,99.8,353.331729164077,9,4
14495,77,80,1-77-2019-080-07,7,1,5TDDK3DC6ES0,17,49,442,2014,20,4,20,0,1,F,1,2115,5,0,1,3,18,2,105,1,0,0,995,0,0,0,45247,9,9,0,1,2,2,2,1,1,9,3,2,1,3,1,1,0,0,1,0,1,6,87,99,1,1,1,C,13,0,0,0,0,0,0,0,0,0,0,998,998,0,0,0,1,12,999,999,999,9999999,999,999,999,6,0,0,0,0,0,0,998,9.8,998,998,998,99.8,99.8,99.8,3007.51595053688,9,4
14496,31,49,1-31-2019-049-07,7,1,5NPEB4AC9DH5,17,55,33,2013,4,1,4,0,1,F,1,1475,5,0,2,1,8,2,89,1,0,0,995,0,0,0,62984,1,2,0,4,2,1,2,1,1,1,1,4,0,0,5,1,0,0,1,0,1,6,87,1,1,1,1,C,13,0,0,0,0,0,0,0,0,0,0,998,998,0,0,0,1,10,999,999,999,9999999,999,2,13,2,0,0,0,0,0,0,998,9.8,998,998,998,99.8,99.8,99.8,276.905591523354,6,4
14503,11,81,1-11-2019-081-02,2,1,1FTPW14595KB,17,12,481,2005,34,5,31,0,1,F,1,2495,5,0,1,1,20,2,56,1,0,0,995,0,0,0,53186,1,2,2,1,3,2,2,1,1,1,1,1,0,0,4,1,2,2,2,0,1,2,17,1,1,1,5,L,88,0,0,0,0,0,0,0,0,0,0,110,20,0,0,0,1,1,24,-22,-8,105316,998,-67,30,0,1,0,0,0,0,0,995,9.8,998,998,998,99.8,99.8,99.8,131.262604555616,8,4
14503,11,81,1-11-2019-081-02,2,2,5FNRL6H29JB0,17,37,441,2018,20,4,20,0,1,L,2,2004,5,0,1,1,20,2,72,1,0,0,995,0,0,0,23888,2,2,2,1,4,3,2,1,1,1,3,1,0,0,4,1,0,0,1,0,1,4,66,8,1,1,5,L,89,0,0,0,0,0,0,0,0,0,0,20,110,0,0,0,1,1,29,-10,27,31541,998,-39,19,0,1,1,1,0,4,0,995,9.8,998,998,998,99.8,99.8,99.8,131.262604555616,8,4
14504,11,82,1-11-2019-082-05,5,1,JTMBF4DV4AD0,17,49,402,2010,14,3,14,0,1,F,3,1579,5,0,1,1,9,2,105,1,1,1,14,2,0,2,23238,1,2,1,1,2,1,1,1,3,1,1,3,0,3,2,1,0,0,1,1,14,2,13,1,1,4,1,A,1,0,0,0,0,0,0,0,0,0,0,998,998,0,0,0,1,10,999,999,999,9999999,999,-27,88,5,0,3,14,1,3,0,998,3.2,120,82,80,99.0,3.8,99.0,321.302244308154,8,4
14505,24,86,1-24-2019-086-05,5,1,1N4BL3APXDC1,17,35,47,2013,4,1,4,0,1,T,3,1524,5,0,1,1,10,2,40,1,1,1,151,2,9,2,08010,2,2,0,4,2,1,2,1,2,4,0,2,0,0,1,1,5,2,9,1,14,2,12,4,2,4,1,B,6,1,1,1,6,1,3,61,1,1,7,998,998,0,1,1,3,7,999,999,999,9999999,999,999,999,8,0,4,29,2,3,3,998,0.0,45,45,99,15.3,5.8,16.0,172.941259148601,1,4
14506,77,81,1-77-2019-081-03,3,1,5TFCZ5ANXGX0,17,49,472,2016,34,5,30,0,1,F,2,1984,5,9999,9,1,8,2,40,1,1,1,90,1,9,9,22974,1,2,2,1,2,1,2,1,3,1,1,2,0,0,1,1,0,0,1,1,14,2,13,98,9,4,1,A,1,0,0,0,0,0,0,0,0,0,0,295,135,1,0,0,2,5,999,999,999,9999999,999,999,999,3,0,0,0,0,0,0,995,0.0,6,6,999,99.9,99.9,99.9,312.707634476972,9,4
14506,77,81,1-77-2019-081-03,3,2,JT3HN86RXV01,17,49,401,1997,14,3,14,0,1,F,9,1746,5,9999,9,0,998,2,40,1,0,0,995,0,0,0,24590,1,2,2,1,2,1,2,1,1,4,1,2,0,0,1,1,0,0,1,0,1,3,54,99,1,1,6,M,98,0,0,0,0,0,0,0,0,0,0,135,295,0,0,0,2,0,999,999,999,9999999,999,999,999,9,0,0,0,0,0,0,995,9.8,998,998,998,99.8,99.8,99.8,312.707634476972,9,4
14507,77,82,1-77-2019-082-03,3,1,1N6AD0EV0GN7,17,35,472,2016,34,5,30,0,1,L,1,2085,5,0,1,1,8,2,72,1,1,0,995,0,0,0,22905,9,9,2,1,4,2,2,2,1,2,1,1,0,0,3,2,1,2,9,0,1,2,17,99,1,1,4,J,69,0,0,0,0,0,0,0,0,0,0,40,175,0,0,0,1,3,5,-4,3,4854,998,-174,5,0,4,99,99,0,0,0,995,9.8,998,998,998,99.8,99.8,99.8,312.707634476972,9,4
14507,77,82,1-77-2019-082-03,3,2,1N4BA41E86C8,17,35,39,2006,4,1,4,0,1,F,1,1576,5,9999,9,0,998,5,72,1,0,0,995,0,0,0,22980,9,9,2,1,4,4,2,2,1,4,1,2,0,0,3,2,1,2,1,0,11,4,63,2,1,1,4,J,68,0,0,0,0,0,0,0,0,0,0,175,40,0,0,0,1,3,6,-6,-1,1844,998,-39,5,0,4,95,95,95,95,0,995,9.8,998,998,998,99.8,99.8,99.8,312.707634476972,9,4
14508,77,83,1-77-2019-083-04,4,1,5FNYF6H52JB0,17,37,421,2018,15,3,15,0,1,F,1,1930,5,0,1,1,16,2,40,1,0,0,995,0,0,0,23921,3,2,0,4,3,1,2,1,1,1,1,2,0,0,1,1,0,0,3,0,1,3,50,3,1,1,2,D,20,0,0,0,0,0,0,0,0,0,0,105,115,0,0,0,1,1,12,-11,-4,14371,998,-18,14,0,1,0,0,0,0,0,995,9.8,998,998,998,99.8,99.8,99.8,1078.05257470961,9,4
14508,77,83,1-77-2019-083-04,4,2,KMHEC4A4XBA0,17,55,33,2011,4,1,4,0,1,B,1,1580,5,0,1,1,22,2,40,1,0,0,995,0,0,0,24401,1,2,0,4,3,1,2,1,1,1,1,2,0,0,1,1,0,0,1,0,5,3,53,1,1,1,2,D,21,0,0,0,0,0,0,0,0,0,0,115,105,0,0,0,1,1,14,14,3,10726,998,-10,13,0,1,0,0,0,0,0,995,9.8,998,998,998,99.8,99.8,99.8,1078.05257470961,9,4
14509,59,55,1-59-2019-055-02,2,1,2GTEC19T9113,17,23,481,2001,34,5,31,0,1,F,1,2112,5,0,1,5,5,2,72,1,0,0,995,0,0,0,47802,1,2,2,1,3,3,2,1,1,1,1,1,0,0,1,8,1,2,3,0,1,4,62,8,1,1,4,J,69,0,0,0,0,0,0,0,0,0,0,90,205,0,0,0,1,3,19,-19,3,31160,998,-24,19,0,4,1,1,0,4,0,995,9.8,998,998,998,99.8,99.8,99.8,159.325799516233,6,4
14509,59,55,1-59-2019-055-02,2,2,2T1BURHE7HC7,17,49,32,2017,4,1,3,0,1,R,2,1265,5,0,2,1,6,2,72,1,0,1,0,2,0,0,46221,1,2,2,1,3,3,2,1,1,1,1,2,0,0,1,8,1,2,1,0,11,2,15,2,1,2,4,J,68,0,0,0,0,0,0,0,0,0,0,205,90,0,0,0,1,3,30,-15,-26,73692,998,-94,30,0,4,3,10,1,3,0,995,9.8,998,998,998,99.8,99.8,99.8,159.325799516233,6,4
14509,59,55,1-59-2019-055-02,2,3,1G1JF5SB1K41,17,20,28,2019,4,1,1,0,1,L,9,1292,5,0,2,0,998,5,72,1,0,0,995,0,0,0,47834,9,9,2,1,3,3,2,1,1,1,1,2,0,0,1,8,1,2,1,0,5,4,62,1,1,1,6,M,98,0,0,0,0,0,0,0,0,0,0,255,15,0,0,0,2,0,999,999,999,9999999,999,999,999,9,0,95,95,95,95,0,995,9.8,998,998,998,99.8,99.8,99.8,159.325799516233,6,4
14510,12,48,1-12-2019-048-04,4,1,KM8J33A27HU3,17,55,402,2017,14,3,14,0,1,R,1,1560,5,0,1,1,6,2,40,1,0,0,995,0,0,0,73401,1,2,2,4,2,1,2,1,1,1,0,0,0,0,1,1,2,2,2,0,10,2,16,1,1,1,4,K,80,0,0,0,0,0,0,0,0,0,0,90,5,0,0,0,1,3,13,-2,-13,17507,998,22,17,0,4,0,0,0,0,0,995,9.8,998,998,998,99.8,99.8,99.8,389.13492396195,9,4
14510,12,48,1-12-2019-048-04,4,2,KNADC1238261,17,63,32,2002,4,1,1,0,1,F,1,977,5,0,1,1,6,2,64,1,0,0,995,0,0,0,73401,2,2,2,4,2,1,1,1,1,1,1,4,0,0,1,1,0,0,1,0,1,4,66,1,1,1,4,K,81,0,0,0,0,0,0,0,0,0,0,5,90,0,0,0,1,3,19,-18,7,10575,998,31,15,0,4,1,2,0,6,0,995,9.8,998,998,998,99.8,99.8,99.8,389.13492396195,9,4
14511,12,49,1-12-2019-049-09,9,1,1GKDT13Z2M25,17,23,401,1991,14,3,14,0,1,F,9,1691,5,0,2,0,998,2,56,1,0,0,995,0,0,0,73401,1,2,0,4,2,1,2,2,1,4,0,0,0,0,1,8,0,0,1,1,1,1,6,3,2,4,1,B,7,0,0,0,0,0,0,0,0,0,0,998,998,0,0,1,1,0,999,999,999,9999999,999,999,999,9,0,0,0,0,0,0,998,0.0,30,30,999,3.6,7.0,8.0,399.589277734295,9,4
14512,28,42,1-28-2019-042-03,3,1,ZACCJBBB1JPG,17,2,408,2018,14,3,14,0,1,F,1,1447,5,0,1,1,8,2,64,1,0,0,995,0,0,0,16701,1,2,0,4,2,1,2,1,3,1,1,2,0,0,3,1,0,0,3,1,14,2,12,2,1,4,1,B,6,0,0,0,0,0,0,0,0,0,0,998,998,0,0,0,1,10,999,999,999,9999999,999,-2,16,2,0,1,2,0,4,0,998,5.0,120,44,94,1.9,2.6,1.9,169.284877782637,3,4
14513,48,44,1-48-2019-044-07,7,1,JM3ER2WL7A03,17,41,53,2010,5,1,3,0,1,R,2,1588,5,0,2,1,10,2,129,1,0,0,995,0,0,0,84337,1,1,0,2,2,2,2,2,1,1,3,2,1,3,1,2,0,0,1,1,1,1,6,1,4,4,1,B,7,0,0,0,0,0,0,0,0,0,0,998,998,0,1,0,1,11,999,999,999,9999999,999,999,999,7,0,0,0,0,0,0,998,2.3,80,10,38,19.9,6.4,20.8,6736.32062422401,12,4
14514,52,37,1-52-2019-037-03,3,1,ZACCJBAB7JPH,17,2,408,2018,14,3,14,0,1,F,2,1447,5,0,1,1,4,2,56,1,0,0,995,0,0,0,59105,1,2,2,1,4,3,2,1,2,2,1,1,0,0,1,1,1,2,3,0,14,2,17,3,1,1,5,L,88,0,0,0,0,0,0,0,0,0,0,340,225,0,0,0,1,1,28,-24,-14,73669,998,-54,31,0,4,1,1,0,0,0,995,9.8,998,998,998,99.8,99.8,99.8,96.9371163847249,12,4
14514,52,37,1-52-2019-037-03,3,2,1GNEK13T41R1,17,20,421,2001,15,3,15,0,1,L,1,2317,5,0,1,1,4,2,56,1,0,0,995,0,0,0,59102,1,2,2,1,3,2,2,1,2,1,1,1,0,0,1,1,1,2,1,0,14,4,66,98,1,1,5,L,89,0,0,0,0,0,0,0,0,0,0,225,340,0,1,0,1,1,19,-15,12,23780,998,47,15,0,4,1,1,0,6,0,995,0.0,5,5,120,1.2,0.9,1.4,96.9371163847249,12,4
14515,52,38,1-52-2019-038-04,4,1,3TMCZ5AN4JM1,17,49,472,2018,34,5,30,0,1,R,1,2007,5,0,2,1,5,2,56,1,0,0,995,0,0,0,59106,1,2,3,1,2,1,2,1,1,1,1,2,0,0,1,1,0,0,1,1,1,4,67,3,1,1,4,K,83,0,0,0,0,0,0,0,0,0,0,5,240,0,0,0,1,3,19,-14,-12,85049,998,176,22,0,4,0,0,0,0,0,995,9.8,998,998,998,99.8,99.8,99.8,329.21009958543,12,4
14515,52,38,1-52-2019-038-04,4,2,5XYKTDA25BG0,17,63,402,2011,14,3,14,0,1,F,1,1837,5,0,1,2,6,5,56,1,0,0,995,0,0,0,59102,9,9,3,4,2,1,2,1,1,1,0,0,0,0,1,1,0,0,1,0,11,2,15,2,1,1,4,K,82,0,0,0,0,0,0,0,0,0,0,240,5,0,0,0,1,3,21,-20,7,28463,998,109,16,0,4,95,95,95,95,0,995,9.8,998,998,998,99.8,99.8,99.8,329.21009958543,12,4
14517,32,91,1-32-2019-091-07,7,1,3GTP2VE36BG2,17,23,481,2011,34,5,31,0,1,L,2,2397,5,9999,9,0,998,2,48,1,0,0,995,0,0,0,75224,1,1,2,4,2,1,2,1,1,1,0,0,0,0,1,1,2,2,9,0,1,2,17,1,1,1,5,L,89,0,0,0,0,0,0,0,0,0,0,110,200,0,0,0,1,3,25,-19,16,159959,998,-97,35,0,4,0,0,0,0,0,995,9.8,998,998,998,99.8,99.8,99.8,6336.31994417542,7,4
14517,32,91,1-32-2019-091-07,7,2,1FAHP24127G1,17,12,21,2007,4,1,4,0,1,F,2,1662,5,0,1,1,18,2,48,1,0,0,995,0,0,0,75237,2,2,2,4,2,1,2,1,1,2,0,0,0,0,1,1,0,0,9,0,1,4,66,2,1,1,5,L,88,0,0,0,0,0,0,0,0,0,0,200,110,0,0,0,1,3,36,-23,-27,60782,998,-124,23,0,4,1,2,0,6,0,995,0.0,50,15,20,3.2,4.5,5.3,6336.31994417542,7,4
14518,32,92,1-32-2019-092-06,6,1,3GNAL2EK7ES5,17,20,405,2014,14,3,14,0,1,R,1,1724,8,9999,9,0,998,2,72,1,0,0,995,0,0,0,75238,3,2,2,4,2,1,1,1,1,1,0,0,0,0,1,1,0,0,9,0,11,2,15,99,1,1,4,K,76,0,0,0,0,0,0,0,0,0,0,295,255,0,0,0,1,3,21,13,-16,50477,998,-54,24,0,4,99,99,0,8,0,995,9.8,998,998,998,99.8,99.8,99.8,1828.01322295631,7,4
14518,32,92,1-32-2019-092-06,6,2,1G1AK58H3971,17,20,22,2009,4,1,2,0,1,F,2,1261,5,0,1,1,14,2,72,1,0,0,995,0,0,0,75074,1,1,2,1,3,1,1,1,1,1,0,5,0,0,1,1,0,0,1,0,1,4,70,1,1,1,4,K,77,0,0,0,0,0,0,0,0,0,0,255,295,0,0,0,1,3,30,-29,5,31223,998,2,25,0,4,1,1,0,4,0,995,9.8,998,998,998,99.8,99.8,99.8,1828.01322295631,7,4
14519,32,93,1-32-2019-093-09,9,1,4T1BF28B03U3,17,49,43,2003,4,1,3,0,1,F,1,1560,5,0,1,1,13,2,72,1,0,1,0,2,0,2,76017,1,2,2,4,6,2,1,1,1,2,3,2,0,0,1,1,1,2,9,1,11,2,13,99,1,4,1,A,1,0,0,0,0,0,0,0,0,0,0,998,998,0,1,0,1,12,999,999,999,9999999,999,999,999,6,0,1,2,0,3,0,998,0.0,120,20,12,0.0,0.0,0.0,5741.35923704195,7,4
14520,14,43,1-14-2019-043-01,1,1,1FT7W2BT4EEA,17,12,481,2014,34,5,31,0,1,F,2,3099,5,0,1,1,27,2,105,1,0,0,995,0,0,0,77901,9,1,0,4,2,1,2,1,3,1,1,2,0,0,1,1,0,0,9,1,6,2,10,8,1,2,3,I,64,0,0,0,0,0,0,0,0,0,0,120,310,0,0,0,4,1,34,-34,0,29589,998,0,15,0,4,0,0,0,0,0,995,9.8,998,998,998,99.8,99.8,99.8,404.045672436521,8,4
14520,14,43,1-14-2019-043-01,1,2,2G1FD1E38F93,17,20,9,2015,2,1,4,0,1,L,2,1687,5,0,2,4,36,2,105,1,0,0,995,0,0,0,78239,9,1,0,4,2,1,2,1,2,1,1,2,0,0,1,1,0,0,3,0,14,4,62,1,1,1,3,I,65,0,0,0,0,0,0,0,0,0,0,330,140,0,0,0,1,12,999,999,999,9999999,999,999,999,7,0,0,0,0,0,0,995,9.8,998,998,998,99.8,99.8,99.8,404.045672436521,8,4
14520,14,43,1-14-2019-043-01,1,3,5GAKRDED7CJ2,17,18,24,2012,6,1,5,0,1,L,1,2168,5,0,1,1,32,2,105,1,0,0,995,0,0,0,78070,3,1,0,4,2,1,2,1,2,1,1,2,0,0,1,1,0,0,1,1,14,4,62,4,1,2,6,M,98,0,0,0,0,0,0,0,0,0,0,310,120,0,1,0,2,3,17,-17,0,38014,998,-93,18,0,4,2,4,0,3,0,995,5.3,110,9,110,4.6,2.5,4.9,404.045672436521,8,4
14520,14,43,1-14-2019-043-01,1,4,KMHCT4AE3GU1,17,55,36,2016,4,1,2,0,1,F,3,1159,5,0,1,1,27,2,105,1,0,1,0,3,0,1,78244,9,1,0,4,2,1,2,1,2,1,1,2,0,0,1,1,0,0,9,0,14,4,62,99,1,1,6,M,98,0,0,0,0,0,0,0,0,0,0,310,120,0,1,0,4,1,84,-83,15,502989,998,35,96,0,4,6,75,2,1,0,995,9.8,998,998,998,99.8,99.8,99.8,404.045672436521,8,4
14520,14,43,1-14-2019-043-01,1,5,4T1BF1FK3FU0,17,49,40,2015,4,1,4,0,1,F,1,1467,5,0,1,1,34,2,105,1,0,0,995,0,0,0,78023,1,9,0,4,2,1,2,1,2,1,1,2,0,0,1,1,0,0,9,0,14,3,54,3,1,1,6,M,98,0,0,0,0,0,0,0,0,0,0,310,310,0,1,0,5,1,13,-13,0,18789,998,49,17,0,1,0,0,0,0,0,995,9.8,998,998,998,99.8,99.8,99.8,404.045672436521,8,4
14521,16,52,1-16-2019-052-06,6,1,KMHDH4AE3EU0,17,55,35,2014,4,1,3,0,1,L,1,1305,5,0,1,1,17,2,80,1,0,0,995,0,0,0,45245,1,2,2,4,3,2,2,1,1,2,1,2,0,0,1,1,1,2,1,0,11,2,15,1,1,1,4,K,82,0,0,0,0,0,0,0,0,0,0,280,15,0,0,0,1,1,18,-6,16,12075,998,78,13,0,4,1,1,0,4,0,995,9.8,998,998,998,99.8,99.8,99.8,552.641166354152,5,4