CASEID,PSU,CASENO,CASENUMBER,CATEGORY,VEHNO,VIN,VINLENGTH,MAKE,MODEL,MODELYR,BODYTYPE,BODYCAT,VEHCLASS,SPECUSE,TRANSTAT,DAMPLANE,DAMSEV,CURBWT,CURBSRC,CARGOWT,CARGOSRC,INSPTYPE,INSPLAG,TOWED,SPEEDLIMIT,DRPRESENT,PARALCOHOL,ALCTEST,ALCTESTRESULT,ALCTESTSRC,PARDRUG,DRUGTEST,ZIP,RACE,ETHNICITY,RELTOJUNCT,TRAFFLOW,RDLANES,INITLANE,SURFTYPE,SURFCOND,ALIGNMENT,PROFILE,LINERIGHT,LINELEFT,RUMBINIT,RUMBROAD,LIGHTCOND,WEATHER,TRAFDEV,TRAFFUNCT,DISTRACT,PREFHE,PREMOVE,CRITCAT,CRITEVENT,MANEUVER,PRESTAB,PRELOC,CRASHCAT,CRASHCONF,CRASHTYPE,ROLLTYPE,ROLLTURN,ROLLINTRPT,ROLLPREMAN,ROLLINITYP,ROLLINLOC,ROLLOBJ,ROLLTRIP,ROLLDIR,ROLLDIST,DVANGTHIS,DVANGOTH,TOWHITCH,TRAJDOC,TREEPOLE,DVEVENT,DVBASIS,DVTOTAL,DVLONG,DVLAT,DVENERGY,DVSPEED,DVMOMENT,DVBES,DVEST,DVCONF,VAIS,VISS,VINJURED,VTREAT,INITOBJCLASS,HEADANGLECAT,SHLDRWIDTH,STRKLENGTH,STRKWIDTH,STRKHEIGHT,EDGEDISTX,EDGEDISTY,EDGEDISTZ,CASEWGT,PSUSTRAT,VERSION
14521,16,52,1-16-2019-052-06,6,2,JF1SG63667H7,17,48,401,2007,14,3,14,0,1,F,1,1480,5,0,1,1,17,2,80,1,0,0,995,0,0,0,45660,1,2,2,4,5,1,2,1,1,2,1,3,0,0,1,1,1,2,1,0,1,4,67,1,1,1,4,K,83,0,0,0,0,0,0,0,0,0,0,15,280,0,0,0,1,1,16,-15,-3,24045,998,5,20,0,4,1,1,0,5,0,995,9.8,998,998,998,99.8,99.8,99.8,552.641166354152,5,4
14522,31,50,1-31-2019-050-05,5,1,1C3CDFBA8DD3,17,7,29,2013,4,1,3,0,1,R,1,1471,5,9999,9,1,32,2,48,1,1,8,997,8,0,0,62938,1,2,0,4,2,1,2,1,3,3,0,0,0,0,1,1,0,0,9,1,14,1,6,3,2,4,1,A,2,0,0,0,0,0,0,0,0,0,0,998,998,0,0,1,1,1,18,-17,-6,26648,998,88,18,0,1,1,2,0,4,0,998,0.0,44,44,120,18.6,6.0,20.6,301.24556196969,6,4
14523,66,47,1-66-2019-047-01,1,1,5TDZT34A54S2,17,49,422,2004,15,3,15,0,1,T,2,2390,5,9999,9,1,12,2,113,1,0,1,0,2,7,0,77984,1,2,0,2,2,2,2,1,1,1,3,2,1,3,1,1,0,0,9,1,1,1,8,98,3,4,1,A,2,1,7,1,2,8,4,34,5,2,72,997,997,1,1,0,2,5,999,999,999,9999999,999,999,999,7,0,3,10,1,1,2,997,2.7,120,120,120,48.2,10.2,49.3,190.884214670747,6,4
14524,19,40,1-19-2019-040-08,8,1,2GCEK13M9715,17,20,481,2007,34,5,31,0,1,F,1,2397,5,0,1,1,4,2,72,1,0,0,995,0,0,0,35016,1,2,2,1,4,2,2,1,1,1,1,3,0,0,3,1,1,2,1,0,1,2,17,2,1,1,5,L,88,0,0,0,0,0,0,0,0,0,0,320,230,0,1,0,1,5,999,999,999,9999999,999,999,17,2,0,0,0,0,0,0,995,9.8,998,998,998,99.8,99.8,99.8,191.215437642263,9,4
14524,19,40,1-19-2019-040-08,8,2,1G4HP54K2142,17,18,2,2001,4,1,4,0,1,L,2,1618,5,0,1,1,5,2,72,1,0,1,81,2,0,2,36279,1,2,2,4,3,1,2,1,1,2,0,1,0,0,3,1,1,2,1,0,1,4,66,1,1,1,5,L,89,0,0,0,0,0,0,0,0,0,0,230,320,0,1,0,1,5,999,999,999,9999999,999,999,34,3,0,3,10,1,3,0,995,9.8,998,998,998,99.8,99.8,99.8,191.215437642263,9,4
14525,19,41,1-19-2019-041-08,8,1,3FAHP07Z68R2,17,12,23,2008,4,1,3,0,1,F,2,1429,5,0,1,1,9,2,72,1,0,0,995,0,0,0,35906,1,2,0,4,2,1,2,1,3,2,1,2,0,0,1,1,0,0,9,1,14,2,12,99,1,4,1,B,6,0,0,0,0,0,0,0,0,0,0,998,998,0,1,1,1,7,999,999,999,9999999,999,999,999,7,0,3,13,1,3,0,998,0.1,38,39,114,14.3,5.8,15.3,191.215437642263,9,4
14526,25,54,1-25-2019-054-06,6,1,3GSDL43N38S5,17,24,401,2008,14,3,14,0,1,R,2,1735,5,0,1,5,14,2,72,1,8,1,0,2,7,0,04072,9,9,2,4,2,1,2,1,2,1,1,2,0,0,3,1,2,2,9,0,14,2,17,99,1,1,5,L,87,0,0,0,0,0,0,0,0,0,0,260,155,0,0,0,1,3,29,-10,-27,85240,998,59,32,0,4,1,1,0,4,0,995,9.8,998,998,998,99.8,99.8,99.8,1156.3986856246,2,4
14526,25,54,1-25-2019-054-06,6,2,4S4BRBCC0C32,17,48,45,2012,4,1,3,0,1,F,2,1542,5,0,1,1,30,2,72,1,8,0,995,0,7,0,04074,9,9,2,4,2,1,2,1,1,2,1,2,0,0,3,1,0,0,1,0,1,4,66,99,1,1,5,L,86,0,0,0,0,0,0,0,0,0,0,155,260,0,0,0,1,3,32,-32,6,52726,998,37,28,0,4,1,1,0,6,0,995,9.8,998,998,998,99.8,99.8,99.8,1156.3986856246,2,4
14527,76,35,1-76-2019-035-02,2,1,3FA6P0HDXFR1,17,12,23,2015,4,1,4,0,1,F,1,1554,5,0,1,1,15,2,89,1,8,0,995,0,7,0,13815,1,2,0,4,2,1,2,1,3,2,1,2,0,0,2,8,0,0,3,1,14,2,13,7,1,4,1,A,1,0,0,0,0,0,0,0,0,0,0,998,998,0,1,0,2,11,999,999,999,9999999,999,999,999,6,0,2,5,0,4,0,998,1.2,6,4,93,33.5,1.6,33.5,18.1164349077004,3,4
14528,17,89,1-17-2019-089-03,3,1,1G4PP5SK0F41,17,18,25,2015,4,1,3,0,1,F,1,1497,5,0,1,1,16,2,89,1,1,1,200,2,9,2,61281,9,9,2,4,2,1,2,1,1,1,0,0,0,0,2,1,2,2,9,0,1,2,14,2,1,4,1,C,14,0,0,0,0,0,0,0,0,0,0,998,998,0,0,0,1,1,15,-15,-3,13780,998,-5,15,0,1,3,10,1,3,0,998,0.8,120,120,12,8.9,1.5,9.1,224.355490687911,4,4
14529,17,90,1-17-2019-090-06,6,1,2C3JA53G95H1,17,6,51,2005,4,1,5,0,1,F,1,1710,2,0,1,1,11,2,72,1,9,1,0,2,7,2,61201,2,2,2,1,4,4,1,1,1,1,1,2,0,0,1,1,1,2,3,0,1,3,50,1,1,1,2,D,20,0,0,0,0,0,0,0,0,0,0,250,250,0,0,0,1,1,10,-10,0,12895,998,-68,12,0,4,1,1,0,4,0,995,9.8,998,998,998,99.8,99.8,99.8,277.155032698721,4,4
14529,17,90,1-17-2019-090-06,6,2,3VW5X7AT4EM8,17,30,47,2014,1,1,2,0,1,B,1,1478,2,0,1,1,10,2,72,1,9,0,995,0,7,0,61265,1,2,2,1,4,4,1,1,1,1,1,2,0,0,1,1,1,2,1,0,5,3,53,1,1,1,2,D,21,0,0,0,0,0,0,0,0,0,0,250,250,0,0,0,1,1,12,12,0,5509,998,-58,9,0,4,0,0,0,4,0,995,9.8,998,998,998,99.8,99.8,99.8,277.155032698721,4,4
14530,17,91,1-17-2019-091-03,3,1,1B3LC56K58N1,17,7,26,2008,4,1,3,0,1,F,1,1542,5,0,2,1,14,2,48,1,9,1,0,2,9,2,61244,2,2,3,4,2,1,1,1,1,1,0,4,0,0,1,1,0,0,1,0,1,3,52,2,1,1,2,D,28,0,0,0,0,0,0,0,0,0,0,100,100,0,0,0,1,1,24,-24,0,67975,998,0,33,0,1,3,9,1,3,0,995,9.8,998,998,998,99.8,99.8,99.8,224.355490525343,4,4
14530,17,91,1-17-2019-091-03,3,2,1C4NJPFB2FD2,17,2,407,2015,14,3,14,0,1,B,2,1423,5,0,1,1,12,2,48,1,9,0,995,0,9,0,61254,1,2,3,4,2,1,1,1,1,1,0,4,0,0,1,1,0,0,1,0,2,3,53,1,1,1,2,D,30,0,0,0,0,0,0,0,0,0,0,100,100,0,0,0,1,1,26,26,0,10837,998,28,13,0,1,1,2,0,4,0,995,9.8,998,998,998,99.8,99.8,99.8,224.355490525343,4,4
14531,27,48,1-27-2019-048-06,6,1,5J6RE4H36BL0,17,37,402,2011,14,3,14,0,1,F,2,1604,5,0,1,1,5,2,64,1,0,0,995,0,0,0,01201,9,9,0,4,2,1,2,1,3,2,1,2,0,0,1,1,0,0,3,1,14,2,13,1,1,4,1,A,1,1,1,2,4,1,4,61,1,2,5,998,998,0,0,2,2,10,999,999,999,9999999,999,29,34,3,0,99,99,0,99,3,998,2.3,120,120,62,8.6,1.2,8.7,129.166078524303,3,4
14532,29,85,1-29-2019-085-02,2,1,3GTEK13388G1,17,23,481,2008,34,5,31,0,1,F,1,2416,5,0,1,2,10,5,48,1,8,9,998,8,7,9,02719,9,9,2,4,4,2,2,1,1,1,1,1,0,0,3,1,1,2,9,0,1,4,62,1,1,1,4,J,69,0,0,0,0,0,0,0,0,0,0,100,255,0,0,0,1,1,22,-22,4,56245,998,18,24,0,1,95,95,95,95,0,995,9.8,998,998,998,99.8,99.8,99.8,15.6010076995637,2,4
14532,29,85,1-29-2019-085-02,2,2,KMHCT4AE2GU1,17,55,36,2016,4,1,2,0,1,F,3,1155,5,0,1,1,10,2,48,1,8,9,998,8,7,9,02745,1,2,2,4,3,2,2,1,1,2,1,2,0,0,3,1,1,2,9,0,11,2,15,99,1,1,4,J,68,0,0,0,0,0,0,0,0,0,0,255,100,0,0,0,1,1,40,-38,-14,83519,998,-50,38,0,1,1,1,0,4,0,995,1.2,80,25,9,0.0,0.0,0.0,15.6010076995637,2,4
14533,29,86,1-29-2019-086-10,10,1,2T1BR18E4WC0,17,49,32,1998,4,1,1,0,1,F,1,1095,5,0,1,1,8,2,40,1,0,0,995,0,0,0,02720,9,9,0,4,2,1,2,1,3,1,0,2,0,0,1,1,0,0,3,1,14,2,13,99,1,4,1,A,1,0,0,0,0,0,0,0,0,0,0,998,998,0,0,7,2,10,999,999,999,9999999,999,-14,24,2,0,99,99,0,0,0,998,0.0,5,5,23,2.6,0.4,2.6,4851.91643385274,2,4
14534,29,87,1-29-2019-087-09,9,1,2HGFG11888H5,17,37,31,2008,2,1,3,0,1,F,1,1310,5,0,1,1,11,2,105,1,1,0,995,0,9,0,02748,9,9,0,2,3,2,2,1,1,9,3,3,0,3,1,1,0,0,3,0,1,3,51,8,1,1,2,D,24,1,6,2,2,1,4,63,1,1,29,300,290,0,0,0,1,5,999,999,999,9999999,999,999,13,2,0,9,97,0,8,3,995,3.9,999,999,999,0.0,0.0,0.0,862.601061458185,2,4
14534,29,87,1-29-2019-087-09,9,2,1FDXF46PX5EB,17,12,880,2005,67,8,60,0,1,B,9,,,,,,,5,105,1,0,0,995,0,0,0,02893,9,9,0,2,3,2,2,1,1,9,3,3,0,3,1,1,0,0,1,0,1,3,53,99,1,1,2,D,25,,,,,,,,,,,,,,,,,,,,,,,,,,,95,95,95,95,,,9.8,998,998,998,99.8,99.8,99.8,862.601061458185,2,4
14535,13,59,1-13-2019-059-09,9,1,1J8FT48W27D3,17,2,407,2007,14,3,14,0,1,F,2,1410,5,0,1,1,5,2,105,1,0,0,995,0,0,0,76010,2,2,1,2,4,2,2,1,1,1,3,3,0,3,1,1,0,0,1,0,1,3,50,2,1,1,2,D,20,0,0,0,0,0,0,0,0,0,0,85,85,0,0,0,1,3,31,-31,0,38134,998,0,26,0,2,1,1,0,6,0,995,9.8,998,998,998,99.8,99.8,99.8,8601.50692605775,7,4
14535,13,59,1-13-2019-059-09,9,2,1D7RV1GTXAS1,17,7,482,2010,34,5,31,0,1,B,1,2385,5,9999,9,0,998,5,105,1,0,0,995,0,0,0,76117,9,9,1,2,4,2,2,1,1,1,3,3,0,3,1,1,0,0,9,0,5,3,53,99,1,1,2,D,21,0,0,0,0,0,0,0,0,0,0,85,85,0,0,0,1,3,19,19,0,48386,998,0,23,0,4,95,95,95,95,0,995,9.8,998,998,998,99.8,99.8,99.8,8601.50692605775,7,4
14536,15,54,1-15-2019-054-04,4,1,1FDZX2CM6KKA,17,12,462,2019,21,4,21,0,1,F,9,2318,5,0,2,0,998,2,48,1,8,9,998,8,7,9,11434,2,2,0,1,4,1,2,2,1,1,1,3,0,0,1,8,0,0,1,0,1,3,50,1,1,1,2,D,20,0,0,0,0,0,0,0,0,0,0,0,0,9,0,0,1,0,999,999,999,9999999,999,999,999,9,0,0,0,0,0,0,995,9.8,998,998,998,99.8,99.8,99.8,343.4360221247,1,4
14536,15,54,1-15-2019-054-04,4,2,3FRNF65B79V1,17,12,880,2009,67,8,60,0,1,B,9,,,,,,,5,48,1,8,9,998,8,7,9,11756,9,9,0,1,2,2,2,2,1,1,1,3,0,0,1,8,0,0,9,0,5,3,53,99,1,1,2,D,21,,,,,,,,,,,,,,,,,,,,,,,,,,,95,95,95,95,,,9.8,998,998,998,99.8,99.8,99.8,343.4360221247,1,4
14537,15,55,1-15-2019-055-09,9,1,1HGCR6F55FA0,17,37,32,2015,4,1,4,0,1,R,2,1496,5,9999,9,0,998,5,64,1,8,9,998,8,7,9,11209,9,9,2,4,5,3,2,1,2,1,1,2,0,0,1,1,0,0,9,0,11,2,15,99,1,1,4,J,68,0,0,0,0,0,0,0,0,0,0,310,190,0,0,0,1,3,25,-19,-16,66866,998,91,29,0,4,95,95,95,95,0,995,9.8,998,998,998,99.8,99.8,99.8,391.223637378421,1,4
14537,15,55,1-15-2019-055-09,9,2,YV1RS64A6423,17,51,47,2004,4,1,3,0,1,F,2,1440,5,0,1,1,25,2,64,1,8,1,0,2,7,0,11001,9,9,2,2,2,1,2,1,2,1,1,3,0,0,1,1,0,0,9,0,14,4,62,99,1,1,4,J,69,0,0,0,0,0,0,0,0,0,0,190,310,0,0,0,1,3,25,-24,9,28822,998,66,20,0,4,0,0,0,4,0,995,9.8,998,998,998,99.8,99.8,99.8,391.223637378421,1,4
14539,26,95,1-26-2019-095-06,6,1,3N1CE2CP2EL3,17,35,50,2014,5,1,2,0,1,L,1,1127,5,0,1,1,13,2,999,1,9,0,995,0,9,0,99999,9,9,2,4,4,1,2,1,1,1,3,3,0,0,2,1,0,0,9,1,10,2,16,4,2,4,1,B,6,1,2,1,2,2,4,68,4,2,2,998,998,0,1,1,3,7,999,999,999,9999999,999,999,999,6,0,99,99,0,99,3,998,0.0,6,6,120,1.2,0.3,1.1,606.871422366684,10,4
14540,26,96,1-26-2019-096-10,10,1,4T1BE32K54U2,17,49,40,2004,4,1,3,0,1,R,9,1455,5,0,2,0,998,2,105,1,0,0,995,0,0,0,95834,3,2,0,2,4,2,2,1,1,1,3,3,0,0,1,1,0,0,1,1,15,2,10,1,1,1,6,M,99,0,0,0,0,0,0,0,0,0,0,999,999,0,0,0,99,0,999,999,999,9999999,999,999,999,9,0,1,2,0,6,0,999,3.5,999,999,999,99.9,99.9,99.9,7464.52724416651,10,4
14540,26,96,1-26-2019-096-10,10,2,3AKJGLDRXJSH,17,82,881,2018,66,8,67,0,1,9,9,,,,,,,5,105,1,0,0,995,0,0,0,92054,9,9,0,2,4,3,2,1,1,1,3,3,0,0,1,1,0,0,1,0,1,4,61,1,1,1,6,M,99,,,,,,,,,,,,,,,,,,,,,,,,,,,95,95,95,95,,,9.8,998,998,998,99.8,99.8,99.8,7464.52724416651,10,4
14541,33,71,1-33-2019-071-07,7,1,1J4RR4GG2BC7,17,2,404,2011,14,3,14,0,1,F,2,2114,5,0,1,1,19,2,40,1,1,8,997,8,0,0,95966,1,2,0,4,2,1,2,1,1,1,0,0,0,0,1,1,0,0,9,1,1,2,13,3,1,4,1,C,11,0,0,0,0,0,0,0,0,0,0,180,180,0,0,0,1,12,999,999,999,9999999,999,999,999,7,0,0,0,0,0,0,995,9.8,998,998,998,99.8,99.8,99.8,831.991413186228,12,4
14541,33,71,1-33-2019-071-07,7,2,JT3VN39W5R01,17,49,401,1994,14,3,14,0,2,B,9,1862,5,9999,9,0,998,,,,,,,,,,,,,,,,,,,,,,,,,,,,,,,,,,,,,,,,,,,,,,,,,,,,,,,,,,,,,,,,,,95,95,95,95,,,,,,,,,,831.991413186228,12,4
14542,18,42,1-18-2019-042-03,3,1,2C4RDGBG4GR1,17,7,442,2016,20,4,20,0,1,F,1,2050,5,0,1,1,6,2,40,1,0,0,995,0,0,0,54771,1,2,3,4,5,2,2,1,1,1,3,2,0,0,1,1,0,0,2,0,11,2,15,1,1,1,4,J,68,0,0,0,0,0,0,0,0,0,0,130,0,0,0,0,1,1,9,-9,-3,8702,998,-81,9,0,1,1,1,0,0,0,995,9.8,998,998,998,99.8,99.8,99.8,157.730828191165,6,4
14542,18,42,1-18-2019-042-03,3,2,1G1ZT62815F1,17,20,37,2005,5,1,4,0,1,L,1,1569,5,0,1,1,5,2,40,1,0,0,995,0,0,0,54703,5,2,3,4,5,1,2,1,1,1,0,3,0,0,1,1,0,0,1,0,1,4,62,8,1,1,4,J,69,0,0,0,0,0,0,0,0,0,0,0,130,0,0,0,1,1,11,-10,6,12292,998,-76,12,0,1,1,2,0,4,0,995,9.8,998,998,998,99.8,99.8,99.8,157.730828191165,6,4
14543,18,43,1-18-2019-043-04,4,1,4T1B11HK1KU7,17,49,40,2019,4,1,4,0,1,R,1,1495,5,0,1,1,11,2,89,1,0,0,995,0,0,0,54703,1,2,0,4,2,1,2,1,1,1,1,4,0,0,1,1,0,0,1,1,1,2,10,4,1,2,2,F,45,0,0,0,0,0,0,0,0,0,0,350,0,0,0,0,1,5,999,999,999,9999999,999,999,11,2,0,0,0,0,0,0,995,9.8,998,998,998,99.8,99.8,99.8,509.218916561729,6,4
14543,18,43,1-18-2019-043-04,4,2,1XPWPB0X7AD7,17,87,881,2010,66,8,68,0,2,L,9,,,,,,,,,,,,,,,,,,,,,,,,,,,,,,,,,,,,,,,,,,,,,,,,,,,,,,,,,,,,,,,,,,,,,,,,95,95,95,95,,,,,,,,,,509.218916561729,6,4
14543,18,43,1-18-2019-043-04,4,3,999999999999,99,99,884,9999,66,8,68,0,1,L,9,,,,,,,5,89,1,0,0,995,0,0,0,54729,9,9,0,4,2,1,2,1,1,1,1,4,0,0,1,1,0,0,1,0,1,4,62,99,1,1,6,M,98,,,,,,,,,,,,,,,,,,,,,,,,,,,95,95,95,95,,,9.8,998,998,998,99.8,99.8,99.8,509.218916561729,6,4
14544,30,73,1-30-2019-073-02,2,1,2C3CDXCTXKH5,17,7,24,2019,4,1,5,0,1,R,2,1996,5,0,1,1,73,2,40,1,1,1,164,1,0,1,85340,1,9,0,4,2,1,2,1,1,1,0,2,0,0,3,1,5,2,9,1,1,1,6,4,2,4,1,A,2,0,0,0,0,0,0,0,0,0,0,998,998,0,0,0,4,12,999,999,999,9999999,999,999,999,7,0,3,17,1,3,0,998,9.8,998,998,998,99.8,99.8,99.8,61.7371665507538,10,4
14545,22,65,1-22-2019-065-09,9,1,1N4AL21E47C1,17,35,47,2007,4,1,4,0,1,F,1,1429,5,9999,9,0,998,5,40,1,0,0,995,0,0,0,99403,9,9,3,4,2,1,2,1,1,1,0,4,0,0,1,1,0,0,3,0,1,3,50,99,1,1,2,D,20,0,0,0,0,0,0,0,0,0,0,50,50,0,0,0,1,3,17,-17,0,8948,998,0,13,0,4,95,95,95,95,0,995,9.8,998,998,998,99.8,99.8,99.8,244.740889431791,12,4
14545,22,65,1-22-2019-065-09,9,2,JT2BG22K9W01,17,49,40,1998,4,1,3,0,1,B,1,1360,5,0,2,1,6,2,40,1,0,0,995,0,0,0,99403,1,2,3,4,2,1,2,1,1,1,0,4,0,0,1,1,0,0,1,0,5,3,53,1,1,1,2,D,22,0,0,0,0,0,0,0,0,0,0,50,50,0,0,0,1,3,17,17,0,23587,998,-41,20,0,4,0,0,0,4,0,995,9.8,998,998,998,99.8,99.8,99.8,244.740889431791,12,4
14546,73,45,1-73-2019-045-09,9,1,1FTEF15Y4TLB,17,12,481,1996,34,5,31,0,1,9,9,1841,5,9999,9,0,998,2,113,1,8,1,0,2,7,0,04457,9,9,0,3,2,1,2,1,3,1,1,3,2,3,4,1,0,0,9,1,14,2,13,99,1,4,1,A,1,0,0,0,0,0,0,0,0,0,0,998,998,0,0,0,1,0,999,999,999,9999999,999,999,999,9,0,2,4,0,4,0,998,2.5,999,999,999,99.9,99.9,99.9,1089.3321243153,3,4
14548,21,76,1-21-2019-076-01,1,1,1GNEC13V74J2,17,20,421,2004,15,3,15,0,1,L,2,2190,5,0,1,1,43,2,113,1,0,0,995,0,0,0,90262,9,9,0,1,2,1,2,1,1,9,1,3,2,3,1,1,0,0,9,1,1,1,1,99,4,4,1,B,7,1,4,2,2,1,4,61,1,1,28,997,997,0,0,0,1,6,999,999,999,9999999,999,999,999,7,0,2,5,0,1,3,997,9.8,998,998,998,99.8,99.8,99.8,34.4649228608809,11,4
14550,21,78,1-21-2019-078-06,6,1,5N1AR1NBXCC6,17,35,401,2012,14,3,14,0,1,L,1,2132,5,0,2,5,26,2,999,1,0,0,995,0,0,0,99999,1,1,2,4,3,2,2,1,1,1,1,2,0,0,3,1,1,2,1,0,11,2,15,1,1,1,4,K,82,0,0,0,0,0,0,0,0,0,0,0,90,0,0,0,1,3,24,-15,18,134476,998,-81,34,0,4,1,1,0,0,0,995,9.8,998,998,998,99.8,99.8,99.8,379.482580632139,11,4
14550,21,78,1-21-2019-078-06,6,2,3N1AB7AP1DL7,17,35,43,2013,4,1,3,0,1,F,3,1283,5,0,1,1,22,2,999,1,0,0,995,0,0,0,91761,9,9,2,4,5,2,2,1,1,1,1,1,0,0,3,1,1,2,9,0,1,4,67,3,1,2,4,K,83,0,0,0,0,0,0,0,0,0,0,90,0,0,0,0,1,3,41,-31,-26,83181,998,-121,30,0,4,0,0,0,0,0,995,9.8,998,998,998,99.8,99.8,99.8,379.482580632139,11,4
14552,26,97,1-26-2019-097-01,1,1,JTDKB20U7732,17,49,46,2007,5,1,3,0,1,R,3,1335,5,0,2,5,12,2,56,1,9,1,166,3,9,2,95673,1,2,0,4,2,1,2,1,1,1,0,4,0,0,1,1,0,0,9,1,1,2,13,99,4,4,1,B,7,0,0,0,0,0,0,0,0,0,0,998,998,0,1,1,1,1,69,-24,-65,433634,998,110,69,0,4,6,75,1,1,0,998,0.0,55,55,120,0.5,2.4,2.5,32.2752321015473,10,4
14553,21,79,1-21-2019-079-03,3,1,5YFBURHE3FP3,17,49,32,2015,4,1,3,0,1,F,1,1265,5,0,1,1,8,2,89,1,0,0,995,0,0,0,93535,3,2,0,4,2,1,2,1,1,1,1,4,0,0,1,1,0,0,1,1,1,2,13,7,4,4,1,A,2,0,0,0,0,0,0,0,0,0,0,998,998,0,0,0,1,1,14,-14,3,11902,998,34,14,0,2,3,14,2,3,0,998,3.5,999,999,999,99.9,99.9,99.9,284.889019830546,11,4
14557,24,87,1-24-2019-087-06,6,1,5XXGM4A71DG1,17,63,34,2013,4,1,4,0,1,F,1,1454,5,0,1,1,13,2,40,1,0,0,995,0,0,0,25405,1,2,2,3,1,1,2,1,3,2,1,2,0,0,3,1,2,2,1,0,11,2,15,7,1,1,4,K,82,0,0,0,0,0,0,0,0,0,0,130,250,0,0,0,1,1,14,-14,2,10487,998,84,11,0,1,2,9,0,4,0,995,9.8,998,998,998,99.8,99.8,99.8,441.67059858251,1,4
14557,24,87,1-24-2019-087-06,6,2,2C3CDXBG2EH2,17,7,24,2014,4,1,5,0,1,R,1,1797,5,0,1,1,13,2,80,1,0,0,995,0,0,0,08330,2,2,2,4,2,1,2,1,1,4,1,2,0,0,3,1,0,0,1,0,1,4,67,3,1,1,4,K,83,0,0,0,0,0,0,0,0,0,0,250,130,0,0,0,1,1,12,-8,-9,18732,998,67,15,0,1,1,2,0,3,0,995,0.0,120,38,45,1.7,6.3,6.3,441.67059858251,1,4
14558,24,88,1-24-2019-088-09,9,1,1N4AL11D35C2,17,35,47,2005,4,1,4,0,1,F,1,1378,5,0,1,1,15,2,80,1,1,1,155,2,0,0,08401,1,1,0,2,2,1,2,1,2,9,1,3,0,0,1,1,0,0,1,1,14,1,9,5,4,4,1,B,7,0,0,0,0,0,0,0,0,0,0,998,998,0,0,0,1,1,23,-20,12,41069,998,85,23,0,1,1,2,0,4,0,998,9.9,999,999,999,99.9,99.9,99.9,1253.79056887962,1,4
14559,24,89,1-24-2019-089-03,3,1,KNDCB3LC2K52,17,63,403,2019,14,3,14,0,1,F,2,1436,5,0,1,1,11,2,80,1,0,1,0,2,0,1,08201,2,2,0,4,2,1,2,1,1,1,1,4,0,0,1,1,0,0,9,1,1,2,12,99,1,4,1,B,6,0,0,0,0,0,0,0,0,0,0,998,998,0,0,1,1,12,999,999,999,9999999,999,999,999,7,0,2,5,0,3,0,998,1.1,28,28,97,10.5,2.2,10.7,331.575440653061,1,4
14561,11,84,1-11-2019-084-06,6,1,1G1JC5SB7D42,17,20,28,2013,4,1,1,0,1,F,1,1237,5,0,1,1,20,2,72,1,0,1,0,2,0,1,23832,1,2,0,1,3,2,2,1,1,1,3,3,0,0,5,1,0,0,9,1,1,2,12,99,1,4,1,B,6,0,0,0,0,0,0,0,0,0,0,998,998,0,0,2,5,11,999,999,999,9999999,999,999,999,6,0,1,2,0,3,0,998,0.0,120,30,15,0.0,0.0,0.0,459.296589681387,8,4
14562,77,84,1-77-2019-084-09,9,1,3MEFM15P7XR6,17,14,36,1999,6,1,1,0,1,F,1,1150,9,0,1,1,6,2,97,1,0,0,995,0,0,0,22937,9,9,0,1,2,1,2,1,2,1,1,3,2,3,1,1,0,0,1,1,14,2,12,99,1,4,1,B,6,0,0,0,0,0,0,0,0,0,0,998,998,0,0,1,3,12,999,999,999,9999999,999,999,999,6,0,0,0,0,0,0,998,0.8,120,120,120,99.0,3.8,99.0,1237.66608398993,9,4
14563,77,85,1-77-2019-085-06,6,1,2T1BU4EE5AC3,17,49,32,2010,4,1,2,0,1,F,2,1279,5,0,1,1,5,2,72,1,0,0,995,0,0,0,22932,1,2,0,4,2,1,2,1,3,1,0,2,0,0,5,1,0,0,1,1,14,2,13,7,1,4,1,A,1,0,0,0,0,0,0,0,0,0,0,998,998,0,0,1,5,11,999,999,999,9999999,999,999,999,7,0,0,0,0,0,0,998,0.0,5,5,999,21.7,1.4,21.8,488.55296690465,9,4
14565,48,45,1-48-2019-045-03,3,1,5TDDZRFH3KS9,17,49,403,2019,14,3,14,0,1,F,1,2030,5,0,2,3,21,2,129,1,0,0,995,0,0,0,83002,1,1,0,1,2,2,1,1,1,1,3,2,1,3,2,1,0,0,1,0,1,6,87,4,1,1,1,C,13,0,0,0,0,0,0,0,0,0,0,998,998,0,0,0,1,12,999,999,999,9999999,999,999,999,6,0,1,1,0,5,0,998,9.8,998,998,998,99.8,99.8,99.8,130.50504291263,12,4
14566,48,46,1-48-2019-046-09,9,1,1GT121E8XBF2,17,23,481,2011,34,5,31,0,1,R,2,2892,5,9999,9,4,16,5,89,1,0,0,995,0,0,0,83120,9,9,2,3,1,1,2,1,3,1,1,2,0,0,1,1,2,2,2,0,14,2,17,1,1,1,5,L,87,0,0,0,0,0,0,0,0,0,0,70,10,1,0,0,1,5,999,999,999,9999999,999,999,999,3,0,95,95,95,95,0,995,9.8,998,998,998,99.8,99.8,99.8,496.713545276747,12,4