CASEID,PSU,CASENO,CASENUMBER,CATEGORY,VEHNO,VIN,VINLENGTH,MAKE,MODEL,MODELYR,BODYTYPE,BODYCAT,VEHCLASS,SPECUSE,TRANSTAT,DAMPLANE,DAMSEV,CURBWT,CURBSRC,CARGOWT,CARGOSRC,INSPTYPE,INSPLAG,TOWED,SPEEDLIMIT,DRPRESENT,PARALCOHOL,ALCTEST,ALCTESTRESULT,ALCTESTSRC,PARDRUG,DRUGTEST,ZIP,RACE,ETHNICITY,RELTOJUNCT,TRAFFLOW,RDLANES,INITLANE,SURFTYPE,SURFCOND,ALIGNMENT,PROFILE,LINERIGHT,LINELEFT,RUMBINIT,RUMBROAD,LIGHTCOND,WEATHER,TRAFDEV,TRAFFUNCT,DISTRACT,PREFHE,PREMOVE,CRITCAT,CRITEVENT,MANEUVER,PRESTAB,PRELOC,CRASHCAT,CRASHCONF,CRASHTYPE,ROLLTYPE,ROLLTURN,ROLLINTRPT,ROLLPREMAN,ROLLINITYP,ROLLINLOC,ROLLOBJ,ROLLTRIP,ROLLDIR,ROLLDIST,DVANGTHIS,DVANGOTH,TOWHITCH,TRAJDOC,TREEPOLE,DVEVENT,DVBASIS,DVTOTAL,DVLONG,DVLAT,DVENERGY,DVSPEED,DVMOMENT,DVBES,DVEST,DVCONF,VAIS,VISS,VINJURED,VTREAT,INITOBJCLASS,HEADANGLECAT,SHLDRWIDTH,STRKLENGTH,STRKWIDTH,STRKHEIGHT,EDGEDISTX,EDGEDISTY,EDGEDISTZ,CASEWGT,PSUSTRAT,VERSION
14566,48,46,1-48-2019-046-09,9,2,1GBHK33D76F2,17,20,481,2006,40,6,45,0,1,F,1,2868,5,322,2,1,18,2,89,1,0,0,995,0,0,0,84337,1,2,2,4,2,1,2,1,1,1,1,2,0,0,1,1,0,0,1,0,1,4,66,4,1,1,5,L,86,0,0,0,0,0,0,0,0,0,0,10,70,0,0,0,1,5,999,999,999,9999999,999,999,16,2,0,1,1,0,4,0,995,9.8,998,998,998,99.8,99.8,99.8,496.713545276747,12,4
14567,11,85,1-11-2019-085-07,7,1,19UUA9F59CA0,17,54,35,2012,4,1,4,0,1,F,1,1807,5,0,1,1,10,2,72,1,0,0,995,0,0,0,23234,1,2,0,4,2,1,2,1,3,1,1,2,0,0,2,1,0,0,1,1,14,6,87,3,1,4,1,A,3,0,0,0,0,0,0,0,0,0,0,998,998,0,1,0,1,1,17,-17,0,23293,998,3,17,0,1,0,0,0,0,0,998,3.6,95,95,47,12.1,5.7,13.8,1535.85297914549,8,4
14568,77,87,1-77-2019-087-03,3,1,JTEBU5JRXG53,17,49,401,2016,14,3,14,0,1,R,1,2180,5,0,1,1,25,2,89,1,0,0,995,0,0,0,32459,1,2,0,4,2,1,2,1,3,9,1,2,1,0,1,1,0,0,9,1,14,2,13,8,9,4,1,A,3,0,0,0,0,0,0,0,0,0,0,998,998,0,0,9,3,10,999,999,999,9999999,999,212,12,2,0,0,0,0,0,0,998,9.9,999,999,999,99.9,99.9,99.9,340.101224281227,9,4
14569,66,48,1-66-2019-048-07,7,1,3GYFNGEY7AS5,17,19,20,2010,6,1,4,0,1,F,2,1907,5,0,1,1,23,2,64,1,0,0,995,0,7,0,65705,1,2,0,4,2,1,2,1,1,1,0,0,0,0,1,8,0,0,3,1,1,2,12,1,1,4,1,B,6,1,4,1,2,1,4,61,1,1,21,998,998,0,0,7,1,8,999,999,999,9999999,999,999,999,7,0,0,0,0,0,3,998,0.0,30,30,999,7.7,2.2,8.0,299.604795441816,6,4
14570,66,49,1-66-2019-049-09,9,1,1B3ES46C81D1,17,7,20,2001,4,1,3,0,1,T,2,1164,5,0,1,1,9,2,89,1,0,0,995,0,7,0,65605,1,2,0,4,2,1,2,1,1,1,1,4,2,3,1,1,0,0,1,1,1,1,5,98,3,4,1,A,2,1,4,2,2,1,4,61,1,2,21,997,997,0,1,0,1,6,999,999,999,9999999,999,999,999,7,0,0,0,0,0,3,997,9.8,998,998,998,99.8,99.8,99.8,248.894288709932,6,4
14571,52,39,1-52-2019-039-07,7,1,KMHHU6KH3AU0,17,55,41,2010,2,1,4,0,1,R,1,1547,5,0,1,1,8,2,56,1,0,0,995,0,0,0,59101,9,9,2,1,2,1,2,1,3,1,0,3,0,0,1,1,1,2,9,0,14,2,17,99,1,1,5,L,87,0,0,0,0,0,0,0,0,0,0,0,270,0,0,0,1,1,10,-5,-9,7628,998,179,7,0,4,0,0,0,0,0,995,9.8,998,998,998,99.8,99.8,99.8,715.535270222749,12,4
14571,52,39,1-52-2019-039-07,7,2,1C6RR7KG7KS6,17,7,482,2019,34,5,31,0,1,F,1,2327,5,0,1,2,11,5,56,1,0,0,995,0,0,0,82009,9,9,2,3,3,1,2,1,1,1,0,1,0,0,1,1,1,2,9,0,1,4,66,99,1,1,5,L,86,0,0,0,0,0,0,0,0,0,0,270,0,0,0,0,1,1,7,-6,4,16885,998,130,11,0,4,95,95,95,95,0,995,9.8,998,998,998,99.8,99.8,99.8,715.535270222749,12,4
14572,32,94,1-32-2019-094-02,2,1,2C3CDXBG2JH2,17,7,24,2018,4,1,5,0,1,F,1,1785,5,0,1,1,28,2,113,1,0,0,995,0,0,0,75149,1,1,0,2,4,2,2,1,1,9,3,3,0,0,1,1,0,0,1,0,1,3,52,2,1,1,2,D,28,0,0,0,0,0,0,0,0,0,0,90,90,0,0,0,1,1,23,-23,0,51824,998,22,26,0,4,1,1,0,4,0,995,9.8,998,998,998,99.8,99.8,99.8,55.8598012067067,7,4
14572,32,94,1-32-2019-094-02,2,2,2G1FC3DD5B91,17,20,9,2011,1,1,4,0,1,B,1,1701,5,0,1,1,38,2,113,1,0,0,995,0,0,0,75052,1,1,0,2,4,2,2,1,1,9,3,3,0,0,1,1,0,0,9,0,2,3,53,99,1,1,2,D,29,0,0,0,0,0,0,0,0,0,0,90,90,0,0,0,1,1,24,24,0,31839,998,0,21,0,4,1,1,0,4,0,995,9.8,998,998,998,99.8,99.8,99.8,55.8598012067067,7,4
14572,32,94,1-32-2019-094-02,2,3,2B3KA43G26H4,17,7,24,2006,4,1,5,0,1,F,2,1733,5,0,1,1,26,2,113,1,0,0,995,0,0,0,75051,1,1,0,2,4,1,2,1,1,9,1,3,0,0,1,1,0,0,1,0,1,4,60,4,1,1,6,M,98,0,0,0,0,0,0,0,0,0,0,100,200,0,0,0,2,1,26,-26,5,87293,998,56,33,0,1,1,1,0,0,0,995,9.8,998,998,998,99.8,99.8,99.8,55.8598012067067,7,4
14573,32,95,1-32-2019-095-01,1,1,1FTNE2427YHB,17,12,461,2000,21,4,21,0,1,T,2,2304,5,136,1,1,23,2,113,1,0,1,188,3,0,1,75061,9,1,0,1,4,1,2,1,1,9,1,3,0,0,2,1,0,0,9,1,1,2,13,99,1,4,1,A,1,1,6,2,2,1,3,61,1,2,31,997,997,0,0,0,2,6,999,999,999,9999999,999,999,999,7,0,4,26,1,1,3,997,4.0,120,999,999,4.3,19.9,20.4,108.287728866858,7,4
14574,32,96,1-32-2019-096-01,1,1,JTDFR3202100,17,49,41,2001,1,1,1,0,1,T,2,996,8,0,1,1,14,2,89,1,0,1,0,3,0,2,76021,1,9,0,1,3,3,1,1,2,1,3,2,0,0,1,1,0,0,9,1,14,2,12,99,1,4,1,B,6,2,98,8,8,98,8,32,8,8,998,997,997,0,0,0,2,6,999,999,999,9999999,999,999,999,7,0,4,24,1,1,8,997,9.8,998,998,998,99.8,99.8,99.8,108.287728840612,7,4
14575,76,36,1-76-2019-036-07,7,1,1GNEL19W1VB1,17,20,441,1997,20,4,20,0,1,F,2,2079,5,9999,9,1,15,2,89,1,8,9,998,8,7,9,12477,9,9,0,4,2,1,2,2,2,4,1,2,0,0,1,2,5,2,9,0,14,4,62,99,2,1,3,I,65,0,0,0,0,0,0,0,0,0,0,220,100,1,1,0,1,5,999,999,999,9999999,999,999,999,3,0,0,0,0,0,0,995,9.8,998,998,998,99.8,99.8,99.8,19.6051639236429,3,4
14575,76,36,1-76-2019-036-07,7,2,1GC0KVCGXCZ1,17,20,481,2012,34,5,31,0,1,L,1,2685,5,0,2,1,10,2,89,1,8,9,998,8,7,9,48044,1,2,0,4,2,1,2,2,2,1,1,2,0,0,1,2,5,2,9,1,14,1,6,2,3,2,3,I,64,0,0,0,0,0,0,0,0,0,0,100,220,0,1,0,1,5,999,999,999,9999999,999,999,999,1,0,0,0,0,0,0,995,9.8,998,998,998,99.8,99.8,99.8,19.6051639236429,3,4
14576,76,37,1-76-2019-037-07,7,1,4S3BMBA65B32,17,48,34,2011,4,1,3,0,1,F,1,1485,5,0,1,1,18,2,89,1,8,9,998,8,7,9,12093,9,9,0,4,2,1,2,1,1,1,1,2,0,0,1,1,0,0,9,1,1,2,13,99,1,4,1,A,1,0,0,0,0,0,0,0,0,0,0,998,998,0,0,0,2,8,999,999,999,9999999,999,999,999,6,0,0,0,0,0,0,998,1.1,999,24,999,0.0,0.0,0.0,19.6051639236429,3,4
14577,28,43,1-28-2019-043-09,9,1,1FVHG3DV9HHH,17,82,881,2017,63,8,60,0,1,F,9,,,,,,,5,89,1,0,0,995,0,0,0,17740,9,9,3,4,2,1,2,2,3,1,1,4,0,0,1,2,0,0,2,0,11,2,15,99,1,1,4,J,72,,,,,,,,,,,,,,,,,,,,,,,,,,,95,95,95,95,,,9.8,998,998,998,99.8,99.8,99.8,330.942733947479,3,4
14577,28,43,1-28-2019-043-09,9,2,5TEUU42N15Z1,17,49,472,2005,34,5,30,0,1,R,1,1791,5,794,1,1,25,2,89,1,0,0,995,0,0,0,17870,1,2,3,4,2,1,2,2,3,1,4,1,0,0,1,2,0,0,1,1,6,4,61,1,1,1,4,J,73,0,0,0,0,0,0,0,0,0,0,315,305,1,0,0,1,5,999,999,999,9999999,999,999,999,1,0,1,1,0,4,0,995,1.1,999,999,999,10.8,8.0,13.7,330.942733947479,3,4
14578,28,44,1-28-2019-044-08,8,1,2GCEK19T8X11,17,20,481,1999,34,5,31,0,1,T,2,2096,5,68,2,1,28,2,56,1,1,1,0,2,1,2,16915,1,2,0,4,2,1,4,98,1,1,0,0,0,0,2,1,0,0,1,1,1,1,6,1,3,4,1,A,2,1,4,2,2,1,4,61,1,2,15,997,997,0,0,0,2,6,999,999,999,9999999,999,999,999,7,0,3,17,2,3,3,997,9.8,998,998,998,99.8,99.8,99.8,73.4790451329552,3,4
14580,16,54,1-16-2019-054-07,7,1,5XXGN4A70EG3,17,63,34,2014,4,1,4,0,1,L,1,1484,5,0,1,1,8,2,40,1,1,8,997,8,0,0,45211,9,9,2,4,2,1,2,2,2,1,0,0,0,0,3,8,2,2,1,1,14,2,12,1,1,4,1,B,6,0,0,0,0,0,0,0,0,0,0,998,998,0,0,7,1,12,999,999,999,9999999,999,999,999,1,0,99,99,0,99,0,998,0.0,8,8,999,3.6,0.4,3.7,1681.85494300962,5,4
14581,27,49,1-27-2019-049-03,3,1,3VW5T7AUXGM0,17,30,42,2016,5,1,2,0,1,F,2,1378,5,50,2,1,28,2,40,1,0,0,995,0,0,0,01247,1,2,0,4,2,1,2,1,2,1,1,2,0,0,3,1,0,0,1,1,14,1,6,4,2,4,1,B,7,0,0,0,0,0,0,0,0,0,0,998,998,0,0,1,2,1,29,-29,0,52618,998,-34,29,0,1,1,1,0,6,0,998,1.9,89,15,9,0.0,0.0,0.0,35.3876665065111,3,4
14581,27,49,1-27-2019-049-03,3,2,1GT42XE87GF2,17,23,481,2016,34,5,31,0,2,B,1,2998,5,54,1,5,20,,,,,,,,,,,,,,,,,,,,,,,,,,,,,,,,,,,,,,,,,,,,,,,,,,,,,,,,,,,,,,,,,,95,95,95,95,,,,,,,,,,35.3876665065111,3,4
14582,27,50,1-27-2019-050-03,3,1,1VWAT7A30FC0,17,30,46,2015,4,1,4,0,1,F,1,1439,5,0,1,1,8,2,48,1,0,0,995,0,0,0,01201,1,2,2,4,2,1,2,1,1,1,1,2,0,0,1,1,1,2,1,0,1,4,66,4,1,1,5,L,86,0,0,0,0,0,0,0,0,0,0,315,40,0,0,0,1,1,14,-14,5,11499,998,63,13,0,4,1,1,0,4,0,995,9.8,998,998,998,99.8,99.8,99.8,35.3876665252817,3,4
14582,27,50,1-27-2019-050-03,3,2,1FMCU9J96EUD,17,12,402,2014,14,3,14,0,1,R,1,1713,5,0,1,1,9,2,48,1,0,0,995,0,0,0,01264,1,2,2,4,2,1,2,1,1,4,1,2,0,0,1,1,2,2,2,0,1,2,17,3,1,1,5,L,87,0,0,0,0,0,0,0,0,0,0,40,315,0,0,0,1,1,12,-4,-11,12668,998,6,13,0,4,1,1,0,0,0,995,9.8,998,998,998,99.8,99.8,99.8,35.3876665252817,3,4
14583,25,55,1-25-2019-055-04,4,1,KNMAT2MV8JP6,17,35,51,2018,6,1,3,0,1,L,1,1610,5,0,1,1,10,2,56,1,8,0,995,0,7,0,04008,9,9,3,1,2,1,2,1,1,1,0,0,0,0,1,1,0,0,2,0,11,2,15,1,1,1,4,K,82,0,0,0,0,0,0,0,0,0,0,175,280,0,0,0,1,3,16,-5,15,25071,998,-93,16,0,4,0,0,0,99,0,995,9.8,998,998,998,99.8,99.8,99.8,388.498628539318,2,4
14583,25,55,1-25-2019-055-04,4,2,3GCUKREC7GG1,17,20,481,2016,34,5,31,0,1,F,1,2394,5,9999,9,0,998,5,56,1,8,0,995,0,7,0,01757,9,9,3,4,4,2,2,1,1,1,3,2,0,0,1,1,0,0,1,0,1,4,72,99,1,1,4,K,83,0,0,0,0,0,0,0,0,0,0,280,175,0,0,0,1,3,11,-11,-2,10601,998,-44,10,0,4,95,95,95,95,0,995,9.8,998,998,998,99.8,99.8,99.8,388.498628539318,2,4
14584,25,56,1-25-2019-056-04,4,1,5FNYF6H3XJB0,17,37,421,2018,15,3,15,0,1,F,1,1930,5,0,1,1,5,2,64,1,8,0,995,0,7,0,04038,1,2,2,4,2,1,2,1,1,1,1,2,0,0,1,1,0,0,2,0,1,3,50,2,1,4,2,D,20,0,0,0,0,0,0,0,0,0,0,350,350,0,0,0,1,1,19,-19,0,20583,998,39,16,0,1,1,1,0,6,0,995,1.1,6,6,80,15.8,8.7,17.9,388.498628615714,2,4
14584,25,56,1-25-2019-056-04,4,2,1N6AD07WX6C4,17,35,472,2006,34,5,30,0,1,B,1,2013,5,0,1,1,14,2,64,1,8,0,995,0,7,0,04038,1,2,2,4,2,1,2,1,1,1,1,2,0,0,1,1,0,0,1,0,5,3,53,8,1,1,2,D,22,0,0,0,0,0,0,0,0,0,0,350,350,0,0,0,1,1,17,17,0,35160,998,37,20,0,1,0,0,0,0,0,995,9.8,998,998,998,99.8,99.8,99.8,388.498628615714,2,4
14585,31,51,1-31-2019-051-03,3,1,JF2SJAKC8GH5,17,48,401,2016,14,3,14,0,1,L,1,1498,5,0,2,1,8,2,113,1,0,0,995,0,0,0,42303,3,2,0,1,2,2,2,2,3,1,3,2,1,1,1,2,0,0,1,1,14,1,6,1,4,4,1,A,2,0,0,0,0,0,0,0,0,0,0,998,998,0,0,2,2,10,999,999,999,9999999,999,-53,15,2,0,1,1,0,4,0,998,2.0,37,37,120,22.4,12.1,25.4,227.270424528455,6,4
14586,31,52,1-31-2019-052-10,10,1,1B7HL2AX11S2,17,7,472,2001,34,5,30,0,1,F,1,1870,5,0,1,1,5,2,89,1,0,0,995,0,0,0,47712,9,9,0,4,2,1,2,1,1,1,1,4,0,0,1,1,0,0,3,1,1,2,12,7,2,4,1,B,8,0,0,0,0,0,0,0,0,0,0,998,998,0,0,2,3,10,999,999,999,9999999,999,-8,14,2,0,0,0,0,0,0,998,0.9,30,30,83,6.5,9.0,11.3,903.63656551844,6,4
14587,19,42,1-19-2019-042-03,3,1,999999999999,99,99,499,9999,48,6,48,0,1,9,9,9999,9,9999,9,0,998,5,56,1,9,0,995,0,9,0,99999,9,9,2,4,2,1,2,1,1,2,1,0,0,0,2,1,2,2,9,0,11,2,15,99,1,1,4,K,82,0,0,0,0,0,0,0,0,0,0,250,350,1,0,0,1,0,999,999,999,9999999,999,999,999,9,0,95,95,95,95,0,995,9.8,998,998,998,99.8,99.8,99.8,1592.91341100426,9,4
14587,19,42,1-19-2019-042-03,3,2,1C3CDFCB8GD5,17,7,29,2016,4,1,3,0,1,F,1,1445,5,0,1,1,5,2,89,1,0,0,995,0,0,0,35962,1,2,2,1,3,2,2,1,1,1,1,3,0,3,2,1,0,0,1,0,2,4,67,4,1,1,4,K,83,0,0,0,0,0,0,0,0,0,0,350,250,0,1,0,1,5,999,999,999,9999999,999,999,13,2,0,0,0,0,0,0,995,9.8,998,998,998,99.8,99.8,99.8,1592.91341100426,9,4
14588,16,53,1-16-2019-053-03,3,1,1GCWGAFP8J11,17,20,461,2018,21,4,21,0,1,F,1,2400,5,544,1,1,15,2,64,1,0,0,995,0,0,0,45245,1,1,2,4,6,3,2,1,1,1,3,1,0,0,1,8,1,2,1,0,1,4,62,2,1,1,4,J,69,0,0,0,0,0,0,0,0,0,0,260,50,0,0,0,1,1,13,-13,2,42108,998,22,19,0,1,1,2,0,4,0,995,9.8,998,998,998,99.8,99.8,99.8,386.412755754774,5,4
14588,16,53,1-16-2019-053-03,3,2,JTDKB20U7732,17,49,46,2007,5,1,3,0,1,F,2,1335,5,0,1,2,15,5,64,1,0,0,995,0,0,0,45237,9,9,2,4,6,3,2,1,1,1,1,2,0,0,1,8,1,2,1,0,11,2,15,2,1,1,4,J,68,0,0,0,0,0,0,0,0,0,0,50,260,0,0,0,1,1,31,-29,-10,31562,998,-39,24,0,1,95,95,95,95,0,995,9.8,998,998,998,99.8,99.8,99.8,386.412755754774,5,4
14589,12,50,1-12-2019-050-10,10,1,1FTYR10U24PA,17,12,471,2004,34,5,30,0,1,9,9,1392,5,9999,9,0,998,2,56,1,0,0,995,0,0,0,73443,9,9,0,4,2,1,2,1,1,1,0,0,0,0,1,1,0,0,9,1,1,1,9,99,3,4,1,B,7,1,2,2,2,1,4,61,1,2,4,997,997,0,0,0,1,0,999,999,999,9999999,999,999,999,9,0,99,99,0,99,3,997,9.8,998,998,998,99.8,99.8,99.8,13221.853731538,9,4
14590,26,98,1-26-2019-098-06,6,1,1GCCS14W5182,17,20,471,2001,34,5,30,0,1,F,1,1408,5,0,1,1,26,2,72,1,0,0,995,0,0,0,95815,1,9,2,1,5,2,2,1,1,4,3,3,0,0,1,1,1,2,9,0,1,2,17,2,1,1,4,K,83,0,0,0,0,0,0,0,0,0,0,85,5,0,0,0,1,1,24,-23,-8,62577,998,-63,30,0,1,99,99,0,99,0,995,9.8,998,998,998,99.8,99.8,99.8,1229.79240724493,10,4
14590,26,98,1-26-2019-098-06,6,2,WDDGF5HB9ER3,17,42,42,2014,4,1,3,0,1,L,1,1610,5,0,1,1,18,2,72,1,0,0,995,0,0,0,95608,1,9,2,1,5,5,2,1,1,1,1,0,0,0,1,1,1,2,1,0,11,4,66,1,1,1,4,K,82,0,0,0,0,0,0,0,0,0,0,5,85,0,0,0,1,1,22,-4,21,9177,998,40,11,0,1,99,99,0,99,0,995,9.8,998,998,998,99.8,99.8,99.8,1229.79240724493,10,4
14591,26,99,1-26-2019-099-01,1,1,3FAHP0JA3CR3,17,12,23,2012,4,1,3,0,1,T,1,1490,5,0,1,1,37,2,56,1,0,0,995,0,0,0,95821,1,9,0,4,4,1,2,1,1,1,0,3,0,0,1,1,0,0,9,1,1,2,11,99,9,4,1,C,11,1,2,2,1,7,2,2,3,2,9,997,997,0,1,0,2,6,999,999,999,9999999,999,999,999,6,0,4,26,1,1,1,997,9.8,998,998,998,99.8,99.8,99.8,65.4040278017379,10,4
14591,26,99,1-26-2019-099-01,1,2,1FADP3E29JL3,17,12,37,2018,4,1,3,0,2,B,2,1340,5,9999,9,4,41,,,,,,,,,,,,,,,,,,,,,,,,,,,,,,,,,,,,,,,,,,,,,,,,,,,,,,,,,,,,,,,,,,95,95,95,95,,,,,,,,,,65.4040278017379,10,4
14592,26,100,1-26-2019-100-09,9,1,1C4BJWDGXDL5,17,2,403,2013,14,3,14,0,1,F,1,1940,5,9999,9,5,8,5,64,1,0,0,995,0,0,0,95621,9,9,3,4,2,1,2,1,1,4,0,0,0,0,1,1,0,0,9,0,11,2,15,99,1,1,4,K,84,0,0,0,0,0,0,0,0,0,0,230,340,0,0,0,1,3,10,-8,5,6361,998,104,7,0,4,95,95,95,95,0,995,9.8,998,998,998,99.8,99.8,99.8,3299.47822062322,10,4
14592,26,100,1-26-2019-100-09,9,2,1NXBR12E41Z5,17,49,32,2001,4,1,1,0,1,F,2,1145,5,0,1,1,15,2,64,1,0,0,995,0,0,0,95864,1,2,3,5,5,2,2,1,1,1,3,2,0,0,1,1,0,0,1,0,1,4,72,2,1,1,4,K,84,0,0,0,0,0,0,0,0,0,0,998,998,0,0,1,3,1,35,-35,0,61759,998,36,35,0,1,1,2,0,6,0,998,1.2,999,999,999,2.9,1.2,3.0,3299.47822062322,10,4
14593,14,44,1-14-2019-044-04,4,1,4JGDA5JB6GA7,17,42,404,2016,14,3,14,0,1,F,1,2175,5,0,1,1,12,2,97,1,1,8,997,8,0,0,77024,1,9,0,1,1,1,2,1,3,1,1,2,0,0,2,1,0,0,9,1,14,2,13,2,1,4,1,A,1,0,0,0,0,0,0,0,0,0,0,998,998,0,1,0,1,10,999,999,999,9999999,999,43,14,2,0,0,0,0,0,0,998,1.9,120,120,74,27.0,2.3,27.5,5180.82195270971,8,4
14594,29,88,1-29-2019-088-07,7,1,JF2GPACC5D28,17,48,403,2013,14,3,14,0,1,B,1,1425,5,0,2,4,29,5,72,1,0,0,995,0,0,0,02721,9,9,2,2,4,3,2,1,1,9,3,1,0,0,1,1,1,2,1,0,5,3,52,1,1,1,2,D,21,0,0,0,0,0,0,0,0,0,0,185,185,0,0,0,1,3,14,14,0,8705,998,0,13,0,4,95,95,95,95,0,995,9.8,998,998,998,99.8,99.8,99.8,354.186513433768,2,4
14594,29,88,1-29-2019-088-07,7,2,19UUA8F20CA0,17,54,35,2012,4,1,4,0,1,F,1,1695,5,0,1,1,7,2,72,1,0,0,995,0,0,0,02740,2,2,2,2,4,3,2,1,1,9,3,1,0,0,1,1,1,2,3,0,1,3,50,2,1,1,2,D,20,0,0,0,0,0,0,0,0,0,0,185,185,0,0,0,1,3,11,-11,0,11518,998,24,13,0,4,1,1,0,6,0,995,9.8,998,998,998,99.8,99.8,99.8,354.186513433768,2,4
14595,29,89,1-29-2019-089-10,10,1,2T1BR32E46C5,17,49,32,2006,4,1,2,0,1,F,2,1135,5,0,1,1,7,2,48,1,8,9,998,8,7,9,02558,1,2,0,4,2,1,2,1,1,1,0,2,0,0,1,1,0,0,3,1,1,2,13,1,1,4,1,A,1,0,0,0,0,0,0,0,0,0,0,998,998,0,0,1,2,12,999,999,999,9999999,999,999,999,7,0,0,0,0,0,0,998,0.0,23,9,7,0.0,0.0,0.0,1805.14863615122,2,4
14596,29,90,1-29-2019-090-06,6,1,2B3CA3CV8AH2,17,7,24,2010,4,1,5,0,1,R,1,1719,5,68,2,1,11,2,48,1,0,0,995,0,0,0,02740,7,1,2,4,2,1,2,1,1,1,0,0,0,0,1,1,2,2,2,0,1,2,17,10,1,1,5,L,87,0,0,0,0,0,0,0,0,0,0,0,270,0,0,0,1,1,24,-8,-23,53607,998,15,27,0,1,0,0,0,0,0,995,9.8,998,998,998,99.8,99.8,99.8,103.012662780178,2,4
14596,29,90,1-29-2019-090-06,6,2,2HGFA1F66BH5,17,37,31,2011,4,1,3,0,1,F,2,1199,5,0,1,1,9,2,48,1,0,0,995,0,0,0,02740,9,1,2,3,1,1,2,1,1,1,0,0,0,0,1,1,0,0,1,0,1,4,66,1,1,1,5,L,86,0,0,0,0,0,0,0,0,0,0,270,0,0,0,0,1,1,37,-35,13,83111,998,82,35,0,1,1,2,0,4,0,995,9.8,998,998,998,99.8,99.8,99.8,103.012662780178,2,4
14597,17,92,1-17-2019-092-03,3,1,WDCTG4GB2GJ2,17,42,55,2016,5,1,3,0,1,F,1,1505,5,0,1,1,4,2,48,1,9,0,995,0,7,0,61265,1,2,1,4,5,1,2,1,1,1,0,3,0,0,1,1,1,2,2,0,1,2,17,3,1,1,5,L,88,0,0,0,0,0,0,0,0,0,0,230,150,0,0,0,1,1,16,-13,-8,25141,998,-103,16,0,1,1,1,0,0,0,995,9.8,998,998,998,99.8,99.8,99.8,210.15117360855,4,4
14597,17,92,1-17-2019-092-03,3,2,5J6RM4H93FL0,17,37,402,2015,14,3,14,0,1,L,1,1586,5,0,1,1,6,2,48,1,9,0,995,0,7,0,61264,1,2,1,3,5,4,2,1,1,2,1,3,0,0,1,1,1,2,1,0,1,4,66,8,1,1,5,L,89,0,0,0,0,0,0,0,0,0,0,150,230,0,0,0,1,1,14,-5,14,12381,998,-33,13,0,1,1,1,0,4,0,995,9.8,998,998,998,99.8,99.8,99.8,210.15117360855,4,4
14598,17,93,1-17-2019-093-08,8,1,2G4WS52J4411,17,18,7,2004,4,1,3,0,1,F,1,1528,5,0,1,5,9,2,105,1,1,1,329,2,9,1,61201,2,2,0,2,2,1,2,1,2,1,3,2,2,3,1,1,0,0,1,1,14,2,12,2,2,4,1,B,7,0,0,0,0,0,0,0,0,0,0,998,998,0,0,0,1,1,21,-18,11,34419,998,43,21,0,4,2,5,0,3,0,998,1.7,999,999,999,3.2,1.7,3.6,163.442542709383,4,4
14599,17,94,1-17-2019-094-08,8,1,1HGEJ6121YL1,17,37,31,2000,2,1,2,0,1,R,3,1067,2,0,1,1,7,2,56,1,9,0,995,0,7,0,61201,9,9,2,4,2,1,2,1,1,1,0,0,0,0,1,1,2,2,9,0,1,2,17,99,1,1,5,L,87,0,0,0,0,0,0,0,0,0,0,100,10,0,0,0,1,4,47,-16,-45,119898,998,87,42,0,4,2,6,0,4,0,995,0.0,22,999,14,0.0,0.0,0.0,163.442542709383,4,4
14599,17,94,1-17-2019-094-08,8,2,1GCGG25V6712,17,20,461,2007,22,4,28,0,1,F,2,2272,5,272,2,1,6,2,56,1,9,0,995,0,7,0,61273,1,1,2,4,5,1,2,1,1,1,0,3,0,0,1,1,0,0,1,0,1,4,66,2,1,1,5,L,86,0,0,0,0,0,0,0,0,0,0,998,998,0,0,1,3,11,999,999,999,9999999,999,999,999,7,0,1,2,0,4,0,998,0.0,30,30,47,2.2,0.6,2.2,163.442542709383,4,4
14600,33,72,1-33-2019-072-06,6,1,1GC1KYC84DF1,17,20,481,2013,34,5,31,0,1,R,1,2918,5,0,1,1,15,2,89,1,9,0,995,0,9,0,95916,1,2,0,4,2,1,2,1,3,1,1,2,0,0,2,1,0,0,1,1,14,1,1,2,2,4,1,A,2,0,0,0,0,0,0,0,0,0,0,998,998,0,0,1,4,1,16,-15,-5,29411,998,18,16,0,4,1,1,0,0,0,998,0.6,12,12,120,33.0,4.9,33.6,162.085748367866,12,4
14601,33,73,1-33-2019-073-08,8,1,4F4YR12U13TM,17,41,471,2003,34,5,30,0,1,T,3,1374,5,0,1,1,16,2,56,1,1,1,53,2,0,2,95945,1,2,0,4,2,1,2,1,1,1,1,2,0,0,1,1,0,0,3,1,1,2,12,1,4,4,1,B,7,1,6,1,5,1,3,61,1,1,21,996,996,0,0,0,2,7,999,999,999,9999999,999,999,999,8,0,2,5,0,3,3,996,0.9,120,120,95,23.1,8.1,24.5,106.302249880201,12,4
14602,15,56,1-15-2019-056-05,5,1,JM3ER2WM5A03,17,41,53,2010,5,1,3,0,1,L,1,1588,5,0,1,1,27,2,48,1,8,9,998,8,7,9,11518,1,2,2,4,2,1,2,1,1,1,0,0,0,0,1,1,0,0,1,0,11,2,15,1,1,1,4,K,82,0,0,0,0,0,0,0,0,0,0,345,90,0,0,0,1,3,14,-5,13,18501,998,-26,17,0,4,1,1,0,4,0,995,9.8,998,998,998,99.8,99.8,99.8,36.2994194941562,1,4