CASEID,PSU,CASENO,CASENUMBER,CATEGORY,VEHNO,VIN,VINLENGTH,MAKE,MODEL,MODELYR,BODYTYPE,BODYCAT,VEHCLASS,SPECUSE,TRANSTAT,DAMPLANE,DAMSEV,CURBWT,CURBSRC,CARGOWT,CARGOSRC,INSPTYPE,INSPLAG,TOWED,SPEEDLIMIT,DRPRESENT,PARALCOHOL,ALCTEST,ALCTESTRESULT,ALCTESTSRC,PARDRUG,DRUGTEST,ZIP,RACE,ETHNICITY,RELTOJUNCT,TRAFFLOW,RDLANES,INITLANE,SURFTYPE,SURFCOND,ALIGNMENT,PROFILE,LINERIGHT,LINELEFT,RUMBINIT,RUMBROAD,LIGHTCOND,WEATHER,TRAFDEV,TRAFFUNCT,DISTRACT,PREFHE,PREMOVE,CRITCAT,CRITEVENT,MANEUVER,PRESTAB,PRELOC,CRASHCAT,CRASHCONF,CRASHTYPE,ROLLTYPE,ROLLTURN,ROLLINTRPT,ROLLPREMAN,ROLLINITYP,ROLLINLOC,ROLLOBJ,ROLLTRIP,ROLLDIR,ROLLDIST,DVANGTHIS,DVANGOTH,TOWHITCH,TRAJDOC,TREEPOLE,DVEVENT,DVBASIS,DVTOTAL,DVLONG,DVLAT,DVENERGY,DVSPEED,DVMOMENT,DVBES,DVEST,DVCONF,VAIS,VISS,VINJURED,VTREAT,INITOBJCLASS,HEADANGLECAT,SHLDRWIDTH,STRKLENGTH,STRKWIDTH,STRKHEIGHT,EDGEDISTX,EDGEDISTY,EDGEDISTZ,CASEWGT,PSUSTRAT,VERSION
14602,15,56,1-15-2019-056-05,5,2,4T1BF28B9YU0,17,49,43,2000,4,1,3,0,1,F,1,1560,5,0,2,0,998,2,48,1,8,9,998,8,7,9,11520,1,1,2,4,4,1,2,1,1,1,1,3,0,0,1,1,0,0,1,0,1,4,67,99,1,1,4,K,83,0,0,0,0,0,0,0,0,0,0,90,345,0,0,0,1,3,14,-14,-2,7975,998,-37,11,0,4,1,1,0,4,0,995,9.8,998,998,998,99.8,99.8,99.8,36.2994194941562,1,4
14603,18,44,1-18-2019-044-07,7,1,1D4SE6GT6BC6,17,7,422,2011,15,3,15,0,1,F,1,2418,5,0,1,1,5,2,40,1,0,0,995,0,0,0,54724,1,2,3,4,2,1,2,1,3,1,0,2,0,0,1,1,0,0,3,0,14,3,50,8,1,1,2,D,20,0,0,0,0,0,0,0,0,0,0,90,80,0,0,0,1,8,999,999,999,9999999,999,999,999,6,0,0,0,0,0,0,995,9.8,998,998,998,99.8,99.8,99.8,1492.15391593265,6,4
14603,18,44,1-18-2019-044-07,7,2,KNAGM4AD5D50,17,63,34,2013,4,1,4,0,1,B,9,1583,5,9999,9,0,998,5,40,1,0,0,995,0,0,0,53589,9,9,3,4,2,1,2,1,3,1,0,2,0,0,1,1,0,0,9,0,5,3,53,1,1,1,2,D,22,0,0,0,0,0,0,0,0,0,0,80,90,0,0,0,1,0,999,999,999,9999999,999,999,999,9,0,95,95,95,95,0,995,9.8,998,998,998,99.8,99.8,99.8,1492.15391593265,6,4
14604,22,66,1-22-2019-066-04,4,1,2HGFC3B36GH3,17,37,31,2016,2,1,3,0,1,F,2,1313,5,0,1,1,12,2,32,1,0,0,995,0,0,0,83501,9,9,0,3,2,1,2,1,2,1,0,3,0,0,3,1,0,0,3,1,14,2,13,1,1,4,1,A,1,1,4,2,2,6,4,31,3,2,999,998,998,0,1,1,2,8,999,999,999,9999999,999,999,999,7,0,9,97,0,5,2,998,0.0,4,15,12,0.0,0.0,0.0,87.2061823048744,12,4
14606,13,60,1-13-2019-060-05,5,1,JN8AZ2KR2AT1,17,35,52,2010,6,1,2,0,1,L,2,1268,5,0,1,5,28,2,72,1,0,0,995,0,0,0,76021,9,1,2,1,2,2,2,1,1,1,1,1,0,0,3,1,2,2,9,0,1,2,17,99,1,1,5,L,89,0,0,0,0,0,0,0,0,0,0,350,95,0,0,0,1,3,39,-19,34,113922,998,-45,44,0,4,2,5,0,4,0,995,9.8,998,998,998,99.8,99.8,99.8,216.384980089458,7,4
14606,13,60,1-13-2019-060-05,5,2,JTEZU14R2800,17,49,401,2008,14,3,14,0,1,F,2,1930,8,0,1,1,8,2,72,1,0,0,995,0,0,0,76053,3,2,2,1,3,2,2,1,1,1,1,3,0,0,3,1,0,0,1,0,1,4,66,4,1,1,5,L,88,0,0,0,0,0,0,0,0,0,0,95,350,0,0,0,1,3,25,-24,-4,38098,998,-77,19,0,2,1,1,0,0,0,995,9.8,998,998,998,99.8,99.8,99.8,216.384980089458,7,4
14607,13,61,1-13-2019-061-03,3,1,3HGCM56407G7,17,37,32,2007,4,1,3,0,1,R,2,1440,5,0,1,4,7,2,56,1,0,0,995,0,0,0,76116,1,2,2,4,2,1,2,1,1,4,0,0,0,0,1,8,2,2,9,0,1,2,17,99,1,1,5,L,87,0,0,0,0,0,0,0,0,0,0,270,210,0,0,0,1,12,999,999,999,9999999,999,999,999,7,0,0,0,0,0,0,995,9.8,998,998,998,99.8,99.8,99.8,2267.30354352822,7,4
14607,13,61,1-13-2019-061-03,3,2,1G4PR5SK4F42,17,18,25,2015,4,1,3,0,1,F,2,1497,5,0,1,5,8,2,56,1,0,0,995,0,0,0,76116,9,1,2,3,2,1,2,1,2,1,5,0,0,0,1,8,0,0,9,0,14,4,66,99,1,1,5,L,86,0,0,0,0,0,0,0,0,0,0,210,270,0,0,0,1,12,999,999,999,9999999,999,999,999,7,0,99,99,0,0,0,995,9.8,998,998,998,99.8,99.8,99.8,2267.30354352822,7,4
14608,21,80,1-21-2019-080-01,1,1,3N1BC13E09L3,17,35,50,2009,5,1,2,0,1,L,2,1235,5,0,1,1,71,2,89,1,0,1,0,3,0,1,92398,1,2,0,4,2,1,2,1,2,1,1,2,0,0,1,1,0,0,9,1,14,2,10,4,3,6,3,I,64,1,2,9,5,1,3,61,1,1,10,135,215,0,1,0,1,5,999,999,999,9999999,999,999,26,3,0,6,75,3,1,3,995,9.9,999,999,999,99.9,99.9,99.9,71.0311959576465,11,4
14608,21,80,1-21-2019-080-01,1,2,JKAZRBC15YA0,17,73,706,2000,80,9,80,0,1,F,9,,,,,,,2,89,1,0,0,995,0,0,0,92308,9,9,0,4,2,1,2,1,3,1,1,2,0,0,1,1,0,0,1,0,14,4,62,3,1,1,3,I,65,,,,,,,,,,,,,,,,,,,,,,,,,,,95,95,95,95,,,9.8,998,998,998,99.8,99.8,99.8,71.0311959576465,11,4
14609,21,81,1-21-2019-081-01,1,1,1FMRU15WX3LA,17,12,422,2003,15,3,15,0,1,T,2,2524,5,68,2,5,17,2,113,1,9,1,0,4,9,1,90031,1,1,0,1,2,2,1,1,1,9,3,2,1,3,1,1,0,0,9,1,1,1,8,7,4,4,1,B,7,1,4,2,2,1,4,61,1,1,999,997,997,0,0,0,1,6,999,999,999,9999999,999,999,999,7,0,6,75,3,1,3,997,9.8,998,998,998,99.8,99.8,99.8,71.0311959576465,11,4
14610,30,74,1-30-2019-074-06,6,1,JTKJF5C77GJ0,17,67,32,2016,3,1,3,0,1,R,1,1377,5,9999,9,0,998,5,89,1,0,0,995,0,0,0,85037,9,9,1,2,5,4,2,1,1,1,3,1,0,0,1,8,0,0,2,1,15,2,11,99,1,2,2,F,46,0,0,0,0,0,0,0,0,0,0,25,5,0,0,0,1,3,7,-7,0,2075,998,90,5,0,4,95,95,95,95,0,995,9.8,998,998,998,99.8,99.8,99.8,839.649605352279,10,4
14610,30,74,1-30-2019-074-06,6,2,1D4PU5GK5BW5,17,7,403,2011,14,3,14,0,1,B,2,1862,5,0,1,1,28,2,89,1,0,1,0,2,0,1,85051,4,2,1,2,5,1,2,1,1,1,2,1,0,0,1,8,0,0,1,0,1,4,60,1,1,1,2,F,45,0,0,0,0,0,0,0,0,0,0,998,998,0,0,0,3,10,999,999,999,9999999,999,51,35,3,0,2,6,0,3,0,998,1.4,999,999,999,6.1,1.4,6.3,839.649605352279,10,4
14613,22,68,1-22-2019-068-04,4,1,JT3AC22S8M00,17,49,441,1991,20,4,20,0,1,9,9,1668,5,9999,9,0,998,5,40,1,0,0,995,0,7,0,99347,9,9,3,4,2,1,2,1,1,1,0,0,0,0,1,1,0,0,9,0,10,2,16,99,1,1,4,K,78,0,0,0,0,0,0,0,0,0,0,350,0,0,0,0,1,0,999,999,999,9999999,999,999,999,9,0,95,95,95,95,0,995,9.8,998,998,998,99.8,99.8,99.8,91.5589332329339,12,4
14613,22,68,1-22-2019-068-04,4,2,JTHCF1D27F50,17,59,35,2015,4,1,4,0,1,F,1,1655,5,0,1,1,6,2,40,1,0,0,995,0,7,0,99403,9,9,3,4,2,1,2,1,1,1,1,4,0,0,1,1,0,0,9,0,1,4,70,99,1,1,4,K,79,0,0,0,0,0,0,0,0,0,0,0,350,0,0,0,1,8,999,999,999,9999999,999,999,999,6,0,99,99,0,99,0,995,9.8,998,998,998,99.8,99.8,99.8,91.5589332329339,12,4
14614,30,76,1-30-2019-076-03,3,1,KNMAT2MT9KP5,17,35,404,2019,14,3,14,0,1,9,9,1550,5,9999,9,0,998,2,72,1,0,0,995,0,0,0,85323,2,9,1,3,1,1,2,1,1,1,1,2,0,0,1,1,0,0,9,1,98,2,13,99,1,7,6,M,99,0,0,0,0,0,0,0,0,0,0,999,999,0,0,0,2,0,999,999,999,9999999,999,999,999,9,0,1,1,0,99,0,995,2.6,999,999,999,19.1,2.6,19.2,679.691785654847,10,4
14614,30,76,1-30-2019-076-03,3,2,1GDHK23182F1,17,23,481,2002,39,5,39,0,1,9,9,9999,9,9999,9,0,998,5,72,1,0,0,995,0,0,0,85310,9,9,1,3,2,2,2,1,1,1,3,1,0,0,1,1,0,0,1,0,1,4,74,99,1,1,6,M,99,0,0,0,0,0,0,0,0,0,0,999,999,0,0,0,1,0,999,999,999,9999999,999,999,999,9,0,95,95,95,95,0,995,9.8,998,998,998,99.8,99.8,99.8,679.691785654847,10,4
14614,30,76,1-30-2019-076-03,3,3,1GNFC13J27R1,17,20,421,2007,15,3,15,0,1,9,9,2469,5,9999,9,0,998,5,72,1,9,0,995,0,9,0,99999,9,9,1,3,2,1,2,1,1,1,1,3,0,0,1,1,0,0,9,0,1,4,60,99,1,1,6,M,98,0,0,0,0,0,0,0,0,0,0,999,999,0,0,0,2,0,999,999,999,9999999,999,999,999,9,0,95,95,95,95,0,995,9.8,998,998,998,99.8,99.8,99.8,679.691785654847,10,4
14623,24,90,1-24-2019-090-05,5,1,2T1BU4EE8DC0,17,49,32,2013,4,1,2,0,1,F,1,1260,5,0,1,1,24,2,80,1,9,8,997,8,9,3,08360,1,1,0,4,2,1,2,1,1,1,1,4,1,0,1,1,0,0,3,1,1,2,13,7,1,4,1,A,1,1,2,2,5,1,1,61,1,2,27,998,998,0,0,9,1,1,12,-12,0,9546,998,62,12,0,4,2,5,0,4,3,998,3.0,999,999,999,7.4,0.9,7.5,119.268379052752,1,4
14624,24,91,1-24-2019-091-05,5,1,1HGCR2F35EA1,17,37,32,2014,4,1,4,0,1,T,1,1496,5,0,1,1,15,2,40,1,1,8,997,8,9,3,08330,3,2,0,4,2,1,2,1,1,1,0,0,0,0,2,1,0,0,3,1,1,2,11,7,1,4,1,C,11,1,5,2,5,7,1,2,3,2,22,997,997,0,0,0,2,6,999,999,999,9999999,999,999,999,6,0,2,5,0,4,1,997,9.8,998,998,998,99.8,99.8,99.8,119.268379052752,1,4
14624,24,91,1-24-2019-091-05,5,2,1N4AL3AP6JC2,17,35,47,2018,4,1,4,0,2,B,9,1453,5,9999,9,0,998,,,,,,,,,,,,,,,,,,,,,,,,,,,,,,,,,,,,,,,,,,,,,,,,,,,,,,,,,,,,,,,,,,95,95,95,95,,,,,,,,,,119.268379052752,1,4
14625,24,92,1-24-2019-092-02,2,1,JT3HN86R4203,17,49,401,2002,14,3,14,0,1,L,2,1846,5,0,1,1,15,2,56,1,0,0,995,0,0,0,08205,3,2,2,4,2,1,2,1,1,1,0,0,0,0,1,1,2,2,2,0,11,2,15,7,1,1,4,K,82,0,0,0,0,0,0,0,0,0,0,200,295,0,0,0,1,3,29,-15,25,119674,998,5,39,0,4,0,0,0,0,0,995,9.8,998,998,998,99.8,99.8,99.8,124.474254510263,1,4
14625,24,92,1-24-2019-092-02,2,2,3N1CN7AP4KL8,17,35,50,2019,4,1,2,0,1,F,3,1131,5,0,1,5,22,2,80,1,0,0,995,0,0,0,77055,1,2,2,4,4,2,2,1,1,1,3,2,0,0,1,1,0,0,1,0,1,4,67,3,1,1,4,K,83,0,0,0,0,0,0,0,0,0,0,295,200,0,0,0,1,3,47,-44,-16,74025,998,-48,36,0,4,2,5,0,4,0,995,9.8,998,998,998,99.8,99.8,99.8,124.474254510263,1,4
14626,11,86,1-11-2019-086-07,7,1,5NPEC4AC2CH3,17,55,33,2012,4,1,4,0,1,F,3,1454,5,0,1,1,10,2,105,1,0,0,995,0,0,0,10032,2,2,0,2,2,1,2,1,1,1,1,3,2,3,2,1,0,0,1,1,15,2,13,4,1,4,1,A,1,0,0,0,0,0,0,0,0,0,0,998,998,0,0,1,2,1,50,-49,-9,147325,998,-7,50,0,4,0,0,0,0,0,998,3.2,999,999,999,99.9,99.9,99.9,5875.41900979417,8,4
14627,11,87,1-11-2019-087-03,3,1,JTJBARBZ2F20,17,59,405,2015,14,3,14,0,1,F,1,1755,5,0,1,1,16,2,72,1,0,0,995,0,0,0,23112,2,2,0,1,2,1,2,1,3,1,1,2,0,0,3,1,0,0,1,1,14,2,13,98,1,4,1,A,1,0,0,0,0,0,0,0,0,0,0,998,998,0,0,1,1,12,999,999,999,9999999,999,999,999,6,0,1,1,0,4,0,998,0.0,26,24,80,20.9,4.5,21.2,1422.31684476264,8,4
14628,14,45,1-14-2019-045-04,4,1,JTMZFREV7JJ2,17,49,402,2018,14,3,14,0,1,B,1,1555,5,0,1,1,17,2,72,1,0,0,995,0,0,0,75126,1,1,2,3,4,3,2,1,1,9,1,1,0,0,1,1,1,2,1,1,1,2,11,8,1,2,2,F,48,0,0,0,0,0,0,0,0,0,0,65,999,0,0,0,2,12,999,999,999,9999999,999,999,999,6,0,1,1,0,0,0,995,9.8,998,998,998,99.8,99.8,99.8,6810.05182839429,8,4
14628,14,45,1-14-2019-045-04,4,2,2LMTJ6LRXGBL,17,13,14,2016,6,1,4,0,1,9,9,1990,5,0,2,6,32,2,72,1,0,0,995,0,0,0,78130,1,2,2,3,4,2,2,1,1,9,1,1,0,0,1,1,1,2,1,0,11,4,60,1,1,1,2,F,48,0,0,0,0,0,0,0,0,0,0,999,65,0,0,0,2,12,999,999,999,9999999,999,999,999,9,0,1,1,0,6,0,995,9.8,998,998,998,99.8,99.8,99.8,6810.05182839429,8,4
14630,77,88,1-77-2019-088-02,2,1,KNDJP3A51J75,17,63,37,2018,6,1,2,0,1,R,2,1287,5,0,1,1,20,2,72,1,0,1,0,2,0,0,22902,9,9,1,1,3,3,2,1,1,1,1,2,0,0,1,1,0,0,1,0,11,2,15,99,1,1,4,J,68,0,0,0,0,0,0,0,0,0,0,205,85,0,0,0,1,1,29,-5,-29,30821,998,40,23,0,3,1,3,0,3,0,995,0.0,45,10,12,0.0,0.0,0.0,82.9547267506105,9,4
14630,77,88,1-77-2019-088-02,2,2,JM1BK3233717,17,41,51,2007,4,1,2,0,1,F,2,1249,5,0,1,1,21,2,72,1,0,0,995,0,0,0,22003,9,9,1,1,2,1,2,1,1,1,1,3,0,0,1,1,0,0,1,0,1,4,62,2,1,1,4,J,69,0,0,0,0,0,0,0,0,0,0,85,205,0,0,0,1,1,31,-29,-11,81665,998,-68,36,0,3,1,1,0,5,0,995,9.8,998,998,998,99.8,99.8,99.8,82.9547267506105,9,4
14631,77,89,1-77-2019-089-02,2,1,5UXTR9C50JLD,17,34,402,2018,14,3,14,0,1,F,2,1883,5,0,1,1,15,2,72,1,0,0,995,0,0,0,22901,1,2,0,4,2,1,2,1,2,4,0,2,0,0,1,1,6,2,3,1,14,2,10,1,1,2,3,I,64,0,0,0,0,0,0,0,0,0,0,130,320,0,0,0,1,5,999,999,999,9999999,999,999,999,7,0,0,0,0,0,0,995,0.0,20,20,-20,0.4,0.4,0.1,82.9547267506105,9,4
14631,77,89,1-77-2019-089-02,2,2,1NPALU0X21N5,17,87,999,2001,99,10,99,0,1,L,9,,,,,,,5,72,1,0,0,995,0,1,0,23936,9,9,0,4,2,1,2,1,3,2,0,2,0,0,1,1,6,2,1,0,14,4,62,99,1,1,3,I,65,,,,,,,,,,,,,,,,,,,,,,,,,,,95,95,95,95,,,9.8,998,998,998,99.8,99.8,99.8,82.9547267506105,9,4
14632,77,90,1-77-2019-090-05,5,1,JT8BD69S4301,17,59,34,2003,4,1,4,0,1,F,1,1670,5,0,1,1,5,2,72,1,0,0,995,0,0,0,24590,1,2,0,4,2,1,2,1,1,2,1,2,0,0,1,1,6,2,3,1,1,2,10,3,1,2,3,G,50,0,0,0,0,0,0,0,0,0,0,80,255,0,0,0,1,3,15,-15,3,15273,998,-28,15,0,4,0,0,0,0,0,995,9.8,998,998,998,99.8,99.8,99.8,228.166270909303,9,4
14632,77,90,1-77-2019-090-05,5,2,WBAPH7C58AE1,17,34,34,2010,4,1,3,0,1,F,1,1525,5,0,1,1,12,2,72,1,0,0,995,0,0,0,22902,1,2,0,4,2,1,2,1,3,4,1,2,0,0,1,1,6,2,1,0,14,4,62,4,1,1,3,G,51,0,0,0,0,0,0,0,0,0,0,255,80,0,0,0,1,3,15,-15,0,15273,998,0,15,0,4,0,0,0,0,0,995,9.8,998,998,998,99.8,99.8,99.8,228.166270909303,9,4
14634,16,55,1-16-2019-055-04,4,1,2HKYF18574H5,17,37,421,2004,15,3,15,0,1,F,1,2007,5,9999,9,0,998,5,40,1,0,0,995,0,0,0,45140,9,9,2,4,2,1,2,1,1,4,0,0,0,0,2,1,2,2,1,0,1,2,17,1,1,1,5,L,88,0,0,0,0,0,0,0,0,0,0,130,40,0,0,0,1,3,7,-3,-6,4005,998,-191,4,0,4,95,95,95,95,0,995,9.8,998,998,998,99.8,99.8,99.8,1894.53885063253,5,4
14634,16,55,1-16-2019-055-04,4,2,4T1BF1FK8HU3,17,49,40,2017,4,1,4,0,1,L,1,1550,5,0,1,1,6,2,40,1,0,0,995,0,0,0,45251,9,9,2,4,2,1,2,1,1,1,0,0,0,0,2,1,2,2,1,0,1,4,66,1,1,1,5,L,89,0,0,0,0,0,0,0,0,0,0,40,130,0,0,0,1,3,8,-7,4,10594,998,-52,12,0,4,99,99,0,99,0,995,9.8,998,998,998,99.8,99.8,99.8,1894.53885063253,5,4
14635,32,97,1-32-2019-097-07,7,1,5YFBU4EE6DP1,17,49,32,2013,4,1,2,0,1,F,1,1260,5,0,1,1,22,2,64,1,0,0,995,0,0,0,73032,1,2,0,3,3,1,1,1,1,4,0,3,0,0,1,1,0,0,1,0,1,4,60,1,1,1,2,F,45,0,0,0,0,0,0,0,0,0,0,285,25,0,0,0,2,3,24,-22,8,16574,998,67,16,0,4,0,0,0,0,0,995,9.8,998,998,998,99.8,99.8,99.8,6210.64626328117,7,4
14635,32,97,1-32-2019-097-07,7,2,1GCEC14X03Z3,17,20,481,2003,34,5,31,0,1,R,1,1878,9,9999,9,0,998,5,64,1,0,0,995,0,0,0,75472,9,9,0,3,3,3,1,1,1,4,0,3,0,0,1,1,0,0,9,1,15,2,11,1,1,2,2,F,46,0,0,0,0,0,0,0,0,0,0,25,285,0,0,0,2,3,17,-8,-15,43436,998,60,23,0,4,95,95,95,95,0,995,9.8,998,998,998,99.8,99.8,99.8,6210.64626328117,7,4
14636,32,98,1-32-2019-098-01,1,1,1FTPW12V26FB,17,12,481,2006,34,5,31,0,1,F,3,2363,5,75,1,5,24,2,113,1,1,1,0,3,1,2,75137,1,2,0,1,3,2,1,1,1,1,3,3,0,0,1,1,0,0,9,1,1,2,12,99,1,4,1,B,6,0,0,0,0,0,0,0,0,0,0,998,998,0,0,0,1,1,94,-94,0,872248,998,-8,93,0,1,6,75,2,1,0,998,3.2,120,120,87,52.2,17.7,55.1,113.63676616615,7,4
14637,32,99,1-32-2019-099-08,8,1,1G6DP57VX801,17,19,18,2008,4,1,4,0,1,L,3,1751,5,0,1,1,18,2,64,1,1,8,997,8,1,3,75217,2,2,3,4,2,1,1,1,1,1,0,0,0,0,5,1,0,0,1,0,11,2,15,1,1,1,4,K,82,0,0,0,0,0,0,0,0,0,0,350,80,0,0,0,1,1,40,-7,40,172644,998,-29,46,0,4,3,10,2,3,0,995,9.8,998,998,998,99.8,99.8,99.8,1128.04455145391,7,4
14637,32,99,1-32-2019-099-08,8,2,2MEFM75V86X6,17,14,6,2006,4,1,5,0,1,F,3,1876,5,0,1,1,17,2,64,1,0,0,995,0,0,0,75180,1,1,3,1,4,2,1,1,1,1,3,3,0,0,5,1,0,0,1,0,1,4,72,3,1,1,4,K,83,0,0,0,0,0,0,0,0,0,0,80,350,0,0,0,1,1,41,-40,-7,91317,998,-39,34,0,1,3,10,1,3,0,995,9.8,998,998,998,99.8,99.8,99.8,1128.04455145391,7,4
14638,66,50,1-66-2019-050-08,8,1,1G1AK12F2576,17,20,22,2005,2,1,2,0,1,F,2,1274,5,50,1,1,13,2,64,1,0,0,995,0,7,0,65807,1,2,2,4,2,1,2,1,1,1,0,0,0,0,1,1,2,1,3,0,1,2,17,1,1,1,5,L,86,0,0,0,0,0,0,0,0,0,0,90,175,0,1,0,1,1,33,-28,16,92203,998,94,33,0,4,1,1,0,0,0,995,0.0,17,17,90,8.4,3.3,8.9,215.645389750959,6,4
14638,66,50,1-66-2019-050-08,8,2,1HGEJ8149VL0,17,37,31,1997,2,1,2,0,1,R,3,1064,5,0,1,1,13,2,64,1,0,0,995,0,7,0,65708,1,1,2,4,2,1,2,1,1,1,0,0,0,0,1,1,0,0,1,0,1,4,66,1,1,1,5,L,87,0,0,0,0,0,0,0,0,0,0,175,90,0,1,0,1,1,42,-14,-39,115158,998,98,41,0,4,3,14,1,3,0,995,0.0,12,12,100,2.1,3.2,3.8,215.645389750959,6,4
14639,48,47,1-48-2019-047-03,3,1,1C3CCCBB2FN7,17,6,18,2015,4,1,3,0,1,F,2,1575,5,0,2,1,2,2,48,1,1,8,997,8,1,3,84302,1,2,0,5,3,1,2,1,1,1,0,2,0,0,1,1,0,0,3,1,1,2,13,7,1,4,1,C,11,0,0,0,0,0,0,0,0,0,0,0,0,0,0,0,1,12,999,999,999,9999999,999,999,999,7,0,1,1,0,4,0,995,9.8,998,998,998,99.8,99.8,99.8,130.710194606792,12,4
14639,48,47,1-48-2019-047-03,3,2,ZACCJBBB1HPF,17,2,408,2017,14,3,14,0,2,B,2,1447,5,0,1,5,2,,,,,,,,,,,,,,,,,,,,,,,,,,,,,,,,,,,,,,,,,,,,,,,,,,,,,,,,,,,,,,,,,,95,95,95,95,,,,,,,,,,130.710194606792,12,4
14640,10,36,1-10-2019-036-03,3,1,2C3KA43R97H8,17,6,51,2007,4,1,5,0,1,R,1,1683,5,0,1,2,21,5,56,1,0,0,995,0,0,0,45426,9,9,2,4,4,1,2,1,1,1,0,1,0,0,1,1,1,2,9,0,1,2,17,1,1,1,5,L,87,0,0,0,0,0,0,0,0,0,0,100,10,0,0,0,1,3,20,-7,-18,58037,998,123,22,0,4,95,95,95,95,0,995,9.8,998,998,998,99.8,99.8,99.8,226.191266346189,4,4
14640,10,36,1-10-2019-036-03,3,2,JF1GPAP60G83,17,48,38,2016,5,1,3,0,1,F,2,1365,5,0,1,1,15,2,56,1,0,0,995,0,0,0,45405,1,2,2,3,3,2,2,1,1,1,1,1,0,0,1,1,1,2,1,0,1,4,66,2,1,1,5,L,86,0,0,0,0,0,0,0,0,0,0,10,100,0,0,0,1,3,25,-24,9,28757,998,58,21,0,4,0,0,0,5,0,995,9.8,998,998,998,99.8,99.8,99.8,226.191266346189,4,4
14641,10,37,1-10-2019-037-03,3,1,1G1ZB5ST2JF1,17,20,37,2018,4,1,4,0,1,F,1,1400,5,0,1,1,8,2,105,1,0,0,995,0,0,0,45431,2,2,0,3,3,1,2,1,1,1,1,3,2,3,3,1,0,0,1,0,1,3,50,1,1,1,2,D,20,0,0,0,0,0,0,0,0,0,0,185,185,0,0,0,1,1,24,-24,0,37058,998,20,25,0,1,1,1,0,4,0,995,9.8,998,998,998,99.8,99.8,99.8,226.191266371796,4,4
14641,10,37,1-10-2019-037-03,3,2,JF1ZNAA15D27,17,67,35,2013,2,1,2,0,1,B,2,1255,5,0,1,1,9,2,105,1,0,0,995,0,0,0,45342,1,2,0,3,3,1,2,1,1,1,1,3,2,3,3,1,0,0,1,0,5,3,53,1,1,1,2,D,21,0,0,0,0,0,0,0,0,0,0,185,185,0,0,0,1,1,28,28,0,37171,998,0,27,0,1,0,0,0,0,0,995,9.8,998,998,998,99.8,99.8,99.8,226.191266371796,4,4
14642,52,40,1-52-2019-040-09,9,1,1N4BL21E98N5,17,35,47,2008,4,1,4,0,1,F,1,1500,5,0,1,1,32,2,105,1,0,0,995,0,0,0,59101,9,9,0,4,2,1,2,1,2,1,1,2,1,0,2,1,0,0,3,1,14,2,12,99,2,4,1,B,7,0,0,0,0,0,0,0,0,0,0,998,998,0,0,0,1,10,999,999,999,9999999,999,96,12,2,0,9,97,0,99,0,998,0.5,120,81,999,18.4,6.0,19.3,668.411870604685,12,4
14643,52,41,1-52-2019-041-05,5,1,1G4HP54K91U2,17,18,2,2001,4,1,4,0,1,F,3,1618,5,54,1,1,6,2,40,1,9,0,995,0,9,0,59101,9,9,2,3,3,1,2,1,1,1,1,0,0,0,3,1,1,2,9,0,1,4,66,99,1,1,5,L,86,0,0,0,0,0,0,0,0,0,0,55,145,0,0,0,1,1,45,-42,15,251407,998,46,57,0,4,3,17,1,3,0,995,9.8,998,998,998,99.8,99.8,99.8,23.8196852515216,12,4
14643,52,41,1-52-2019-041-05,5,2,2FMHK6DT1BBD,17,12,25,2011,6,1,5,0,1,R,2,2105,5,0,1,1,6,2,40,1,0,0,995,0,0,0,59029,1,2,2,4,5,2,2,1,1,1,1,1,0,0,3,1,1,2,1,0,1,4,66,1,1,1,5,L,87,0,0,0,0,0,0,0,0,0,0,145,55,0,0,0,1,1,37,-13,-35,23191,998,-27,16,0,4,1,2,0,3,0,995,0.0,120,120,55,7.4,1.7,7.6,23.8196852515216,12,4
14644,76,38,1-76-2019-038-04,4,1,3C6UR5DJ7GG2,17,7,482,2016,34,5,31,0,1,F,1,3005,5,0,1,1,17,2,89,1,8,9,998,8,7,9,12418,1,2,0,4,2,1,2,1,1,1,0,2,0,0,2,1,0,0,1,1,1,6,87,4,1,4,1,A,3,0,0,0,0,0,0,0,0,0,0,998,998,0,1,1,1,1,24,-24,0,68693,998,33,23,0,1,1,1,0,0,0,998,0.0,43,43,120,8.0,2.9,8.5,404.395023223213,3,4
14645,15,57,1-15-2019-057-03,3,1,3N1AB7AP9JY3,17,35,43,2018,4,1,3,0,1,R,1,1300,5,0,1,1,41,2,48,1,8,9,998,8,7,9,13820,9,9,2,4,2,1,2,1,1,1,0,2,0,0,1,1,2,2,9,0,1,2,17,3,1,1,5,L,87,0,0,0,0,0,0,0,0,0,0,295,180,0,0,0,1,3,15,-5,-14,16053,998,42,16,0,4,1,2,0,6,0,995,9.8,998,998,998,99.8,99.8,99.8,64.2639224315777,1,4