CASEID,PSU,CASENO,CASENUMBER,CATEGORY,VEHNO,VIN,VINLENGTH,MAKE,MODEL,MODELYR,BODYTYPE,BODYCAT,VEHCLASS,SPECUSE,TRANSTAT,DAMPLANE,DAMSEV,CURBWT,CURBSRC,CARGOWT,CARGOSRC,INSPTYPE,INSPLAG,TOWED,SPEEDLIMIT,DRPRESENT,PARALCOHOL,ALCTEST,ALCTESTRESULT,ALCTESTSRC,PARDRUG,DRUGTEST,ZIP,RACE,ETHNICITY,RELTOJUNCT,TRAFFLOW,RDLANES,INITLANE,SURFTYPE,SURFCOND,ALIGNMENT,PROFILE,LINERIGHT,LINELEFT,RUMBINIT,RUMBROAD,LIGHTCOND,WEATHER,TRAFDEV,TRAFFUNCT,DISTRACT,PREFHE,PREMOVE,CRITCAT,CRITEVENT,MANEUVER,PRESTAB,PRELOC,CRASHCAT,CRASHCONF,CRASHTYPE,ROLLTYPE,ROLLTURN,ROLLINTRPT,ROLLPREMAN,ROLLINITYP,ROLLINLOC,ROLLOBJ,ROLLTRIP,ROLLDIR,ROLLDIST,DVANGTHIS,DVANGOTH,TOWHITCH,TRAJDOC,TREEPOLE,DVEVENT,DVBASIS,DVTOTAL,DVLONG,DVLAT,DVENERGY,DVSPEED,DVMOMENT,DVBES,DVEST,DVCONF,VAIS,VISS,VINJURED,VTREAT,INITOBJCLASS,HEADANGLECAT,SHLDRWIDTH,STRKLENGTH,STRKWIDTH,STRKHEIGHT,EDGEDISTX,EDGEDISTY,EDGEDISTZ,CASEWGT,PSUSTRAT,VERSION
14691,48,49,1-48-2019-049-06,6,1,KNDJT2A26A70,17,63,37,2010,6,1,2,0,1,T,2,1315,5,0,2,1,6,2,89,1,0,0,995,0,0,0,84340,1,2,0,1,2,1,2,1,3,1,1,1,0,0,1,1,0,0,3,1,14,2,13,1,1,4,1,A,1,1,4,2,2,1,4,61,1,2,24,997,997,0,0,0,1,6,999,999,999,9999999,999,999,999,7,0,2,5,0,6,3,997,9.8,998,998,998,99.8,99.8,99.8,431.883155547513,12,4
14692,52,42,1-52-2019-042-03,3,1,2GNALBEKXF61,17,20,404,2015,14,3,14,0,1,F,1,1706,5,0,1,1,6,2,40,1,0,0,995,0,0,0,59102,1,2,2,1,1,1,2,1,1,1,0,2,0,0,1,1,1,2,3,0,1,3,52,3,1,1,2,D,28,0,0,0,0,0,0,0,0,0,0,170,180,0,0,0,1,1,17,-17,0,48502,998,49,25,0,1,1,1,0,0,0,995,9.8,998,998,998,99.8,99.8,99.8,82.3017862061525,12,4
14692,52,42,1-52-2019-042-03,3,2,WVWLK73C67E0,17,30,46,2007,6,1,3,0,1,B,1,1499,5,0,2,1,7,2,40,1,0,0,995,0,0,0,59101,1,2,2,1,1,1,2,1,1,1,0,2,0,0,1,1,1,2,3,0,2,3,53,1,1,1,2,D,29,0,0,0,0,0,0,0,0,0,0,180,170,0,0,0,1,1,19,19,-3,7270,998,94,9,0,1,1,1,0,4,0,995,9.8,998,998,998,99.8,99.8,99.8,82.3017862061525,12,4
14692,52,42,1-52-2019-042-03,3,3,999999999999,99,99,399,9999,9,1,9,99,1,B,9,9999,9,9999,9,0,998,5,40,1,9,9,998,8,7,0,99999,9,9,2,1,1,1,2,1,1,1,0,2,0,0,1,1,1,2,9,0,99,3,52,99,9,9,6,M,98,0,0,0,0,0,0,0,0,0,0,180,180,0,0,0,2,0,999,999,999,9999999,999,999,999,9,0,95,95,95,95,0,995,9.8,998,998,998,99.8,99.8,99.8,82.3017862061525,12,4
14694,77,94,1-77-2019-094-03,3,1,1GCPTDE19G13,17,20,473,2016,34,5,30,0,1,F,9,2032,5,9999,9,0,998,2,72,1,0,0,995,0,0,0,22935,9,9,2,4,2,1,2,1,1,1,1,2,0,0,4,1,5,9,3,0,1,3,50,99,1,1,2,D,20,0,0,0,0,0,0,0,0,0,0,225,225,0,0,0,1,0,999,999,999,9999999,999,999,999,9,0,9,97,0,99,0,995,9.8,998,998,998,99.8,99.8,99.8,1203.24720890534,9,4
14694,77,94,1-77-2019-094-03,3,2,1GCCS1444VK2,17,20,471,1997,34,5,30,0,1,B,2,1375,5,0,1,4,16,2,72,1,0,1,0,2,0,0,22935,9,1,2,4,2,1,2,1,1,1,1,2,0,0,4,1,5,9,1,0,5,3,53,1,1,1,2,D,21,0,0,0,0,0,0,0,0,0,0,225,225,0,0,0,1,12,999,999,999,9999999,999,999,999,7,0,3,13,1,3,0,995,9.8,998,998,998,99.8,99.8,99.8,1203.24720890534,9,4
14694,77,94,1-77-2019-094-03,3,3,JTEEP21A6400,17,49,403,2004,14,3,14,0,1,B,9,1760,5,9999,9,0,998,5,72,1,0,0,995,0,0,0,22973,9,9,2,4,2,1,2,1,1,1,1,2,0,0,4,1,5,9,1,0,5,3,53,1,1,1,6,M,98,0,0,0,0,0,0,0,0,0,0,225,225,0,0,0,2,0,999,999,999,9999999,999,999,999,9,0,95,95,95,95,0,995,9.8,998,998,998,99.8,99.8,99.8,1203.24720890534,9,4
14695,54,28,1-54-2019-028-06,6,1,1G1ZA5E05AF2,17,20,37,2010,4,1,4,0,1,F,2,1549,5,0,2,1,24,2,72,1,0,0,995,0,0,0,35581,2,2,0,4,2,1,2,1,3,1,1,2,0,0,2,8,0,0,3,1,14,2,13,3,2,4,1,A,1,0,0,0,0,0,0,0,0,0,0,998,998,0,1,1,1,1,32,-31,-5,64187,998,20,32,0,4,2,5,0,4,0,998,9.7,25,75,85,70.0,9.0,70.0,460.1044935838,9,4
14696,14,46,1-14-2019-046-07,7,1,JN8AF5MR2DT2,17,35,403,2013,14,3,14,0,1,R,1,1324,5,0,1,1,11,2,105,1,0,0,995,0,0,0,78163,1,2,2,4,2,1,2,1,1,9,0,0,0,0,1,1,3,2,1,0,11,2,15,1,1,1,4,J,74,0,0,0,0,0,0,0,0,0,0,85,60,0,0,0,1,1,8,6,-5,6004,998,-149,7,0,4,0,0,0,0,0,995,9.8,998,998,998,99.8,99.8,99.8,13136.7969469251,8,4
14696,14,46,1-14-2019-046-07,7,2,KM8JU3AC4BU2,17,55,402,2011,14,3,14,0,1,L,1,1505,5,0,1,1,12,2,105,1,0,0,995,0,0,0,78163,1,2,2,4,2,1,2,1,1,9,0,0,0,0,1,1,3,2,1,0,11,2,15,1,1,1,4,J,74,0,0,0,0,0,0,0,0,0,0,60,85,0,0,0,1,1,7,-7,2,6333,998,-92,8,0,4,0,0,0,0,0,995,9.8,998,998,998,99.8,99.8,99.8,13136.7969469251,8,4
14697,76,39,1-76-2019-039-03,3,1,3N1AB7AP7JL6,17,35,43,2018,4,1,3,0,1,F,2,1300,5,0,1,1,10,2,89,1,8,9,998,8,7,9,13905,9,9,0,2,2,1,2,1,3,9,1,3,2,3,2,8,0,0,9,1,14,1,6,99,4,4,1,B,7,1,3,2,5,4,4,48,4,2,15,998,998,0,0,0,1,10,999,999,999,9999999,999,-67,34,3,0,1,2,0,4,3,998,1.8,999,999,999,0.0,0.0,0.0,20.8616703268261,3,4
14698,76,40,1-76-2019-040-07,7,1,4T1BF1FKXCU5,17,49,40,2012,4,1,3,0,1,F,2,1441,5,0,1,1,11,2,89,1,8,9,998,8,7,9,13753,2,1,0,4,2,1,2,1,1,1,1,4,0,0,2,1,0,0,9,0,1,6,87,99,1,1,1,C,13,0,0,0,0,0,0,0,0,0,0,998,998,0,0,0,1,10,999,999,999,9999999,999,3,26,3,0,1,1,0,0,0,998,9.8,998,998,998,99.8,99.8,99.8,49.0869847357708,3,4
14699,10,38,1-10-2019-038-05,5,1,1G1PC5SBXE73,17,20,25,2014,4,1,3,0,1,F,3,1407,5,0,1,5,8,2,80,1,1,1,241,2,1,2,45417,1,2,3,4,2,1,2,1,1,1,1,4,2,3,2,1,0,0,1,0,1,3,56,1,1,1,6,M,98,0,0,0,0,0,0,0,0,0,0,100,5,0,0,0,1,5,999,999,999,9999999,999,999,59,5,0,3,27,2,3,0,995,9.8,998,998,998,99.8,99.8,99.8,24.5034076585228,4,4
14699,10,38,1-10-2019-038-05,5,2,1HTTGAXT4XJ0,17,84,999,1999,79,8,79,99,1,L,9,,,,,,,3,80,1,0,0,995,0,0,0,45414,9,9,3,4,2,1,2,1,1,1,1,4,2,3,2,1,0,0,1,0,13,2,20,1,1,2,6,M,98,,,,,,,,,,,,,,,,,,,,,,,,,,,95,95,95,95,,,9.8,998,998,998,99.8,99.8,99.8,24.5034076585228,4,4
14700,10,39,1-10-2019-039-09,9,1,5TDZA22C75S3,17,49,442,2005,20,4,20,0,1,F,2,1870,5,0,1,1,7,2,56,1,0,0,995,0,0,0,99999,9,9,2,4,2,1,2,1,1,1,0,2,0,0,5,1,1,2,9,1,1,2,13,1,1,4,1,A,1,0,0,0,0,0,0,0,0,0,0,998,998,0,0,1,2,1,37,-37,0,97414,998,5,37,0,4,99,99,0,0,0,998,0.0,23,13,13,0.0,0.0,0.0,661.155760204082,4,4
14701,32,100,1-32-2019-100-03,3,1,1FTMF1CBXJKF,17,12,481,2018,34,5,31,0,1,R,1,1884,5,0,1,1,11,2,56,1,0,0,995,0,0,0,75203,2,9,2,4,3,2,2,1,1,4,1,1,0,0,1,1,1,2,9,0,1,4,66,7,1,1,5,L,87,0,0,0,0,0,0,0,0,0,0,255,160,0,0,0,1,3,5,-3,-4,6492,998,207,6,0,4,9,97,0,5,0,995,0.0,999,999,999,0.0,0.0,0.0,790.096575026951,7,4
14701,32,100,1-32-2019-100-03,3,2,1N4BL21E18N5,17,35,47,2008,4,1,4,0,1,F,1,1500,5,9999,9,0,998,2,56,1,0,0,995,0,0,0,75211,1,1,2,1,4,2,2,1,1,1,1,1,0,0,1,1,1,2,9,0,1,2,17,99,1,1,5,L,86,0,0,0,0,0,0,0,0,0,0,160,255,0,0,0,1,3,6,-5,3,2477,998,110,5,0,4,9,97,0,5,0,995,9.8,998,998,998,99.8,99.8,99.8,790.096575026951,7,4
14702,32,101,1-32-2019-101-09,9,1,3GNEC16R1TG1,17,20,431,1996,16,3,16,0,1,F,1,2239,5,0,1,1,16,2,56,1,0,0,995,0,0,0,75211,1,1,2,1,4,4,1,1,1,4,1,0,0,0,3,1,1,2,1,0,11,2,15,1,1,1,4,J,68,0,0,0,0,0,0,0,0,0,0,130,340,0,0,0,1,1,15,-14,-5,33998,998,-22,19,0,4,1,1,0,0,0,995,0.0,100,25,17,0.0,0.0,0.0,3065.50221910529,7,4
14702,32,101,1-32-2019-101-09,9,2,JNRAS08U55X1,17,58,39,2005,6,1,4,0,1,F,1,1917,5,0,1,1,16,2,56,1,0,0,995,0,0,0,75062,2,9,2,1,4,1,1,1,1,2,0,3,0,0,3,1,1,2,9,0,1,4,62,99,1,1,4,J,69,0,0,0,0,0,0,0,0,0,0,340,130,0,0,0,1,1,19,-18,3,22228,998,85,15,0,4,99,99,0,5,0,995,9.8,998,998,998,99.8,99.8,99.8,3065.50221910529,7,4
14703,32,102,1-32-2019-102-06,6,1,1FTSW21R88EB,17,12,481,2008,34,5,31,0,1,F,2,2907,5,9999,9,0,998,5,56,1,0,0,995,0,0,0,75216,9,9,2,1,5,2,2,1,1,4,3,3,0,0,1,1,1,2,9,0,1,3,50,1,1,1,2,D,20,0,0,0,0,0,0,0,0,0,0,285,285,0,0,0,1,3,31,-31,0,168193,998,0,39,0,4,95,95,95,95,0,995,9.8,998,998,998,99.8,99.8,99.8,976.036920576304,7,4
14703,32,102,1-32-2019-102-06,6,2,NM0LS7AN7AT0,17,12,444,2010,20,4,20,0,1,B,3,1524,5,91,1,1,7,2,56,1,0,0,995,0,0,0,75039,2,2,2,1,5,2,2,1,1,4,3,3,0,0,1,1,1,2,9,0,5,3,53,1,1,1,2,D,21,0,0,0,0,0,0,0,0,0,0,285,285,0,0,0,1,3,54,54,0,129588,998,0,45,0,4,1,1,0,5,0,995,9.8,998,998,998,99.8,99.8,99.8,976.036920576304,7,4
14703,32,102,1-32-2019-102-06,6,3,WBAPH5G52BNM,17,34,34,2011,4,1,3,0,1,R,9,1525,5,9999,9,0,998,5,56,1,0,0,995,0,0,0,75228,9,9,2,1,5,3,2,1,1,4,3,1,0,0,1,1,1,2,9,0,5,4,61,1,1,1,6,M,98,0,0,0,0,0,0,0,0,0,0,280,275,0,0,0,2,0,999,999,999,9999999,999,999,999,9,0,95,95,95,95,0,995,9.8,998,998,998,99.8,99.8,99.8,976.036920576304,7,4
14703,32,102,1-32-2019-102-06,6,4,1GYS4DKJ7JR3,17,19,421,2018,15,3,15,0,1,R,9,2649,5,9999,9,0,998,5,56,1,0,0,995,0,0,0,75225,9,9,2,1,5,3,2,1,1,4,3,1,0,0,1,1,1,2,9,0,5,3,53,1,1,1,6,M,98,0,0,0,0,0,0,0,0,0,0,285,285,0,0,0,3,0,999,999,999,9999999,999,999,999,9,0,95,95,95,95,0,995,9.8,998,998,998,99.8,99.8,99.8,976.036920576304,7,4
14703,32,102,1-32-2019-102-06,6,5,3GNEC16Z62G2,17,20,431,2002,16,3,16,0,1,R,9,2228,5,9999,9,0,998,2,56,1,0,0,995,0,0,0,75218,1,1,2,1,6,4,2,1,1,4,3,3,0,0,1,1,1,2,9,0,5,3,53,1,1,1,6,M,98,0,0,0,0,0,0,0,0,0,0,285,285,0,0,0,4,0,999,999,999,9999999,999,999,999,9,0,0,0,0,0,0,995,9.8,998,998,998,99.8,99.8,99.8,976.036920576304,7,4
14703,32,102,1-32-2019-102-06,6,6,3VWDX7AJ1DM4,17,30,40,2013,4,1,3,0,1,L,9,1398,5,9999,9,0,998,5,56,1,0,0,995,0,0,0,75220,9,9,2,1,5,2,2,1,1,4,3,3,0,0,1,1,1,2,9,0,5,3,53,1,1,1,6,M,98,0,0,0,0,0,0,0,0,0,0,285,285,0,0,0,5,0,999,999,999,9999999,999,999,999,9,0,95,95,95,95,0,995,9.8,998,998,998,99.8,99.8,99.8,976.036920576304,7,4
14703,32,102,1-32-2019-102-06,6,7,1NPTXBEX1BD1,17,87,890,2011,63,8,60,0,1,B,9,,,,,,,5,56,1,0,0,995,0,0,0,75093,9,9,2,1,5,2,2,1,1,4,3,3,0,0,1,1,1,2,9,0,5,3,53,1,1,1,6,M,98,,,,,,,,,,,,,,,,,,,,,,,,,,,95,95,95,95,,,9.8,998,998,998,99.8,99.8,99.8,976.036920576304,7,4
14705,73,49,1-73-2019-049-04,4,1,1GTHK34K8RE5,17,23,481,1994,34,5,31,0,1,F,1,2005,5,0,1,2,15,5,89,1,8,0,995,0,7,0,04963,9,9,0,4,2,1,2,2,1,4,1,2,0,0,1,8,0,0,1,1,1,2,10,2,2,2,3,I,64,0,0,0,0,0,0,0,0,0,0,290,150,0,0,0,1,3,14,-14,0,15795,998,0,14,0,4,95,95,95,95,0,995,9.8,998,998,998,99.8,99.8,99.8,47.2783295775548,3,4
14705,73,49,1-73-2019-049-04,4,2,3FA6P0H75GR2,17,12,23,2016,4,1,4,0,1,L,1,1558,5,0,2,1,23,2,89,1,8,0,995,0,7,0,04924,1,2,0,4,2,1,2,2,1,2,1,2,0,0,1,8,0,0,1,1,1,4,62,3,1,4,3,I,65,0,0,0,0,0,0,0,0,0,0,150,290,0,0,0,1,3,17,-13,11,25411,998,-90,17,0,4,1,1,0,5,0,995,2.0,999,999,999,0.0,0.0,0.0,47.2783295775548,3,4
14706,73,50,1-73-2019-050-08,8,1,JF1GE61649H5,17,48,38,2009,4,1,2,0,1,F,2,1385,5,0,1,1,7,2,72,1,8,0,995,0,7,0,04843,9,9,0,4,2,1,2,1,3,4,0,0,0,0,1,1,0,0,1,1,14,1,6,2,4,4,1,B,7,0,0,0,0,0,0,0,0,0,0,998,998,0,0,1,3,11,999,999,999,9999999,999,999,999,7,0,2,5,0,4,0,998,0.0,7,7,46,15.7,5.8,16.7,50.9017501791632,3,4
14707,12,53,1-12-2019-053-08,8,1,1G6DM57N9301,17,19,18,2003,4,1,4,0,1,F,1,1620,5,0,1,1,16,2,105,1,0,0,995,0,0,0,73086,2,2,0,4,2,1,2,1,1,1,1,4,0,0,1,1,0,0,1,0,1,6,87,4,1,1,1,C,13,0,0,0,0,0,0,0,0,0,0,998,998,0,0,0,2,1,14,-14,0,13251,998,23,14,0,4,0,0,0,4,0,998,1.1,120,95,999,26.0,8.3,27.4,1349.82277295787,9,4
14708,52,44,1-52-2019-044-06,6,1,1G1PC5SB2E73,17,20,25,2014,4,1,3,0,1,U,3,1407,5,0,1,1,27,2,113,1,0,0,995,0,0,0,59006,1,2,0,4,2,1,2,1,1,1,1,4,0,0,1,1,0,0,1,1,1,6,87,8,1,4,1,A,3,0,0,0,0,0,0,0,0,0,0,998,998,0,0,0,1,7,999,999,999,9999999,999,999,999,8,0,1,1,0,5,0,998,0.5,120,120,120,14.4,4.6,15.4,118.225924994965,12,4
14709,16,56,1-16-2019-056-07,7,1,999999999999,99,99,399,9999,9,1,9,0,1,B,9,9999,9,9999,9,0,998,5,89,1,9,0,995,0,0,0,99999,9,9,1,2,2,2,2,1,1,1,3,2,1,3,1,1,0,0,9,0,2,3,53,1,1,1,6,M,98,0,0,0,0,0,0,0,0,0,0,195,195,0,0,0,3,0,999,999,999,9999999,999,999,999,9,0,95,95,95,95,0,995,9.8,998,998,998,99.8,99.8,99.8,1070.39545733027,5,4
14709,16,56,1-16-2019-056-07,7,2,1G1JC5SH1F42,17,20,28,2015,4,1,1,0,1,B,1,1245,5,0,1,2,25,5,89,1,0,0,995,0,0,0,40511,9,9,1,2,2,2,2,1,1,4,3,2,1,3,1,1,0,0,1,0,2,3,53,1,1,1,6,M,98,0,0,0,0,0,0,0,0,0,0,195,195,0,0,0,2,1,13,13,0,5772,998,15,10,0,1,95,95,95,95,0,995,9.8,998,998,998,99.8,99.8,99.8,1070.39545733027,5,4
14709,16,56,1-16-2019-056-07,7,3,JTDZN3EU8C31,17,49,46,2012,5,1,4,0,1,B,1,1485,5,0,1,1,27,2,89,1,0,0,995,0,0,0,45140,1,2,1,2,2,2,2,1,1,4,3,2,1,2,1,1,0,0,1,0,2,3,53,1,1,1,2,D,29,0,0,0,0,0,0,0,0,0,0,195,195,0,0,0,1,3,18,18,0,24739,998,-9,19,0,1,0,0,0,0,0,995,9.8,998,998,998,99.8,99.8,99.8,1070.39545733027,5,4
14709,16,56,1-16-2019-056-07,7,4,1FADP5CU0FL1,17,12,27,2015,5,1,3,0,1,F,1,1636,5,9999,9,0,998,5,89,1,0,0,995,0,0,0,45220,9,9,1,2,2,2,2,1,1,4,3,2,1,3,1,1,0,0,1,0,1,3,52,99,1,1,2,D,28,0,0,0,0,0,0,0,0,0,0,195,195,0,0,0,1,3,18,-18,0,17771,998,0,16,0,4,95,95,95,95,0,995,9.8,998,998,998,99.8,99.8,99.8,1070.39545733027,5,4
14710,16,57,1-16-2019-057-10,10,1,KNDMB2337660,17,63,441,2006,20,4,20,0,1,F,1,2107,5,0,1,1,25,2,64,1,0,0,995,0,0,0,45216,1,2,1,3,2,1,2,1,1,1,1,1,0,0,1,8,0,0,3,0,4,3,52,2,1,1,2,D,28,0,0,0,0,0,0,0,0,0,0,200,200,0,0,0,1,3,10,-10,0,13608,998,-11,13,0,4,0,0,0,0,0,995,9.8,998,998,998,99.8,99.8,99.8,6288.84671433219,5,4
14710,16,57,1-16-2019-057-10,10,2,3CZRU6H70GM7,17,37,404,2016,14,3,14,0,1,B,1,1389,5,0,1,4,40,5,64,1,0,0,995,0,0,0,45231,9,9,1,3,2,1,2,1,1,1,1,1,0,0,1,8,0,0,1,0,2,3,53,1,1,1,2,D,29,0,0,0,0,0,0,0,0,0,0,200,200,0,0,0,1,3,17,17,0,10688,998,0,14,0,4,95,95,95,95,0,995,9.8,998,998,998,99.8,99.8,99.8,6288.84671433219,5,4
14710,16,57,1-16-2019-057-10,10,3,3N1CB7AP8JY2,17,35,43,2018,4,1,3,0,1,B,9,1370,5,9999,9,0,998,5,64,1,0,0,995,0,0,0,45050,9,9,1,3,2,1,2,1,1,1,1,1,0,0,1,8,0,0,1,0,5,3,53,1,1,1,6,M,98,0,0,0,0,0,0,0,0,0,0,220,220,0,0,0,2,0,999,999,999,9999999,999,999,999,9,0,95,95,95,95,0,995,9.8,998,998,998,99.8,99.8,99.8,6288.84671433219,5,4
14711,16,58,1-16-2019-058-07,7,1,JN8AS5MV2AW1,17,35,51,2010,6,1,3,0,1,B,1,1564,5,0,1,1,20,2,64,1,0,0,995,0,0,0,45251,9,9,2,4,7,1,2,1,1,4,1,3,0,0,1,1,1,2,1,0,5,3,53,99,1,1,2,D,21,0,0,0,0,0,0,0,0,0,0,10,20,0,0,0,1,1,18,17,3,21212,998,-99,15,0,1,99,99,0,99,0,995,9.8,998,998,998,99.8,99.8,99.8,1070.3954572727,5,4
14711,16,58,1-16-2019-058-07,7,2,1FTPW14555KE,17,12,481,2005,34,5,31,0,1,F,1,2478,5,0,1,2,27,5,64,1,0,0,995,0,0,0,45233,9,9,2,4,7,1,2,1,1,4,1,3,0,0,1,1,1,2,1,0,1,3,50,1,1,1,2,D,20,0,0,0,0,0,0,0,0,0,0,20,10,0,0,0,1,1,12,-12,0,24938,998,-49,16,0,1,95,95,95,95,0,995,9.8,998,998,998,99.8,99.8,99.8,1070.3954572727,5,4
14712,26,104,1-26-2019-104-01,1,1,KL8CD6SA0GC5,17,20,29,2016,5,1,1,0,1,F,3,1019,5,0,1,5,82,2,105,1,1,1,249,3,9,1,95203,1,1,1,3,1,1,2,1,1,2,1,1,0,0,3,1,0,0,9,1,1,2,13,99,1,4,1,A,1,0,0,0,0,0,0,0,0,0,0,998,998,0,0,0,1,1,40,-40,0,71207,998,0,40,0,4,6,75,2,1,0,998,2.2,999,999,999,2.0,2.2,0.7,42.1177085162224,10,4
14713,26,105,1-26-2019-105-06,6,1,JTDKN3DU1E03,17,49,46,2014,5,1,3,99,1,F,1,1380,5,9999,9,0,998,5,72,1,0,0,995,0,0,0,95826,9,9,2,1,4,3,2,1,1,1,3,1,0,0,1,1,1,2,1,0,1,3,52,2,1,1,2,D,28,0,0,0,0,0,0,0,0,0,0,350,350,0,0,0,1,3,11,-11,0,4787,998,0,9,0,4,95,95,95,95,0,995,9.8,998,998,998,99.8,99.8,99.8,791.939577515371,10,4
14713,26,105,1-26-2019-105-06,6,2,4T1BF3EK3BU1,17,49,40,2011,4,1,4,0,1,B,1,1500,5,0,1,1,69,2,72,1,0,0,995,0,0,0,95821,1,2,2,1,4,3,2,1,1,1,3,1,0,0,1,1,1,2,1,0,2,3,53,1,1,1,2,D,29,0,0,0,0,0,0,0,0,0,0,350,350,0,0,0,1,3,9,9,0,6664,998,0,10,0,4,0,0,0,4,0,995,9.8,998,998,998,99.8,99.8,99.8,791.939577515371,10,4
14714,26,106,1-26-2019-106-03,3,1,1FMDU32P6TZA,17,12,401,1996,14,3,14,0,1,F,1,1600,5,9999,9,0,998,2,105,1,0,0,995,0,0,0,95912,1,9,0,2,2,2,2,1,1,1,3,2,1,3,1,1,0,0,9,0,1,3,52,7,9,1,2,D,28,0,0,0,0,0,0,0,0,0,0,100,100,0,0,0,1,3,23,-23,0,29178,998,0,21,0,4,0,0,0,0,0,995,9.8,998,998,998,99.8,99.8,99.8,594.532928434404,10,4
14714,26,106,1-26-2019-106-03,3,2,1C6RR7KT1ES2,17,7,482,2014,34,5,30,0,1,B,1,2430,5,0,1,1,15,2,105,1,0,0,995,0,0,0,95747,1,2,0,2,2,2,2,1,1,1,3,2,1,3,1,1,0,0,1,0,2,3,53,1,1,1,2,D,29,0,0,0,0,0,0,0,0,0,0,100,100,0,0,0,1,3,16,16,0,30415,998,35,17,0,4,0,0,0,0,0,995,9.8,998,998,998,99.8,99.8,99.8,594.532928434404,10,4
14714,26,106,1-26-2019-106-03,3,3,5TDDCRFH6FS0,17,49,403,2015,14,3,14,0,1,B,1,2170,5,0,1,3,13,2,105,1,0,0,995,0,0,0,95843,2,2,0,2,2,2,2,1,1,1,3,2,1,3,1,1,0,0,1,0,5,3,53,1,1,1,6,M,98,0,0,0,0,0,0,0,0,0,0,100,105,0,0,0,2,3,13,12,2,15805,998,-113,11,0,4,2,5,0,4,0,995,9.8,998,998,998,99.8,99.8,99.8,594.532928434404,10,4
14715,13,63,1-13-2019-063-06,6,1,2HGFA1F57AH3,17,37,31,2010,4,1,3,0,1,F,9,1199,5,9999,9,0,998,2,64,1,0,0,995,0,0,0,76010,1,1,2,4,3,1,1,1,1,1,0,0,0,0,1,6,1,2,1,0,1,4,66,2,1,1,5,L,86,0,0,0,0,0,0,0,0,0,0,0,90,0,0,0,1,0,999,999,999,9999999,999,999,999,9,0,0,0,0,0,0,995,9.8,998,998,998,99.8,99.8,99.8,2048.31250471932,7,4
14715,13,63,1-13-2019-063-06,6,2,1C4SDJCT0EC4,17,7,422,2014,15,3,15,0,1,R,9,2418,5,9999,9,0,998,5,64,1,0,0,995,0,0,0,76001,9,9,2,4,4,1,1,1,1,1,0,3,0,0,1,6,1,2,9,0,1,2,17,99,1,1,5,L,87,0,0,0,0,0,0,0,0,0,0,90,0,0,0,0,1,0,999,999,999,9999999,999,999,999,9,0,95,95,95,95,0,995,9.8,998,998,998,99.8,99.8,99.8,2048.31250471932,7,4
14716,13,64,1-13-2019-064-01,1,1,3FAHP0HA5AR2,17,12,23,2010,4,1,3,0,1,L,3,1490,5,0,1,1,9,2,64,1,0,1,0,3,0,1,75236,1,1,3,4,2,1,2,1,1,1,0,0,0,0,1,1,0,0,9,0,11,2,15,1,1,1,4,K,82,0,0,0,0,0,0,0,0,0,0,170,270,0,0,0,1,5,999,999,999,9999999,999,999,52,4,0,3,19,1,1,0,995,9.8,998,998,998,99.8,99.8,99.8,129.908047037684,7,4
14716,13,64,1-13-2019-064-01,1,2,1FVACWDT4GHH,17,82,881,2016,62,8,60,0,1,F,9,,,,,,,2,64,1,8,2,996,1,7,0,76063,9,9,3,5,5,2,2,1,1,1,4,4,0,0,1,1,0,0,9,0,1,4,72,99,1,1,4,K,83,,,,,,,,,,,,,,,,,,,,,,,,,,,95,95,95,95,,,9.8,998,998,998,99.8,99.8,99.8,129.908047037684,7,4
14717,17,96,1-17-2019-096-04,4,1,19XFB2F56FE1,17,37,31,2015,4,1,3,0,1,L,1,1230,5,0,1,1,11,2,48,1,9,0,995,0,7,0,99999,9,9,1,3,2,2,1,1,2,1,1,2,0,0,1,1,1,2,9,0,14,2,17,8,1,1,5,L,89,0,0,0,0,0,0,0,0,0,0,340,70,0,0,0,1,1,22,-8,21,6633,998,-24,12,0,1,99,99,0,99,0,995,0.0,25,14,14,0.0,0.0,0.0,306.966636051557,4,4
14717,17,96,1-17-2019-096-04,4,2,JM1BK3233818,17,41,51,2008,4,1,2,0,1,F,1,1249,5,0,1,1,11,2,48,1,9,0,995,0,7,0,52753,1,2,1,1,4,1,2,1,1,1,1,3,0,0,1,1,1,2,9,0,1,4,66,99,1,1,5,L,88,0,0,0,0,0,0,0,0,0,0,70,340,0,0,0,1,1,19,-18,-7,42372,998,-69,25,0,1,0,0,0,0,0,995,9.8,998,998,998,99.8,99.8,99.8,306.966636051557,4,4
14718,17,97,1-17-2019-097-10,10,1,2C3KK53G47H7,17,6,51,2007,4,1,5,0,1,R,1,1708,5,0,1,1,8,2,56,1,9,0,995,0,9,0,61265,1,2,2,4,4,1,1,1,1,1,0,1,0,0,3,1,1,2,1,0,1,2,17,1,1,1,5,L,87,0,0,0,0,0,0,0,0,0,0,350,260,0,0,0,1,1,15,-3,-15,13266,998,195,8,0,4,9,97,0,6,0,995,9.8,998,998,998,99.8,99.8,99.8,2514.62326892499,4,4