CASEID,PSU,CASENO,CASENUMBER,CATEGORY,VEHNO,VIN,VINLENGTH,MAKE,MODEL,MODELYR,BODYTYPE,BODYCAT,VEHCLASS,SPECUSE,TRANSTAT,DAMPLANE,DAMSEV,CURBWT,CURBSRC,CARGOWT,CARGOSRC,INSPTYPE,INSPLAG,TOWED,SPEEDLIMIT,DRPRESENT,PARALCOHOL,ALCTEST,ALCTESTRESULT,ALCTESTSRC,PARDRUG,DRUGTEST,ZIP,RACE,ETHNICITY,RELTOJUNCT,TRAFFLOW,RDLANES,INITLANE,SURFTYPE,SURFCOND,ALIGNMENT,PROFILE,LINERIGHT,LINELEFT,RUMBINIT,RUMBROAD,LIGHTCOND,WEATHER,TRAFDEV,TRAFFUNCT,DISTRACT,PREFHE,PREMOVE,CRITCAT,CRITEVENT,MANEUVER,PRESTAB,PRELOC,CRASHCAT,CRASHCONF,CRASHTYPE,ROLLTYPE,ROLLTURN,ROLLINTRPT,ROLLPREMAN,ROLLINITYP,ROLLINLOC,ROLLOBJ,ROLLTRIP,ROLLDIR,ROLLDIST,DVANGTHIS,DVANGOTH,TOWHITCH,TRAJDOC,TREEPOLE,DVEVENT,DVBASIS,DVTOTAL,DVLONG,DVLAT,DVENERGY,DVSPEED,DVMOMENT,DVBES,DVEST,DVCONF,VAIS,VISS,VINJURED,VTREAT,INITOBJCLASS,HEADANGLECAT,SHLDRWIDTH,STRKLENGTH,STRKWIDTH,STRKHEIGHT,EDGEDISTX,EDGEDISTY,EDGEDISTZ,CASEWGT,PSUSTRAT,VERSION
14760,73,53,1-73-2019-053-06,6,2,1FAHP2M86DG2,17,12,17,2013,4,1,4,5,1,F,1,1918,5,0,1,1,12,2,40,1,0,0,995,0,7,0,04976,1,2,2,4,2,1,2,1,1,1,0,0,0,0,1,8,2,2,1,0,2,4,67,1,1,1,4,K,83,0,0,0,0,0,0,0,0,0,0,70,260,0,0,0,1,8,999,999,999,9999999,999,999,999,6,0,0,0,0,4,0,995,9.8,998,998,998,99.8,99.8,99.8,80.59457433486,3,4
14762,23,26,1-23-2019-026-06,6,1,5FPYK1F56DB0,17,37,471,2013,34,5,31,0,1,R,1,2051,5,113,2,1,11,2,72,1,0,0,995,0,0,0,28478,1,2,2,4,2,1,2,1,1,1,0,0,0,0,1,1,2,2,1,0,1,2,17,2,1,2,5,L,87,0,0,0,0,0,0,0,0,0,0,130,20,0,0,0,1,5,999,999,999,9999999,999,999,16,2,0,1,2,0,4,0,995,9.8,998,998,998,99.8,99.8,99.8,854.631412628886,5,4
14762,23,26,1-23-2019-026-06,6,2,1FDXE45P44HA,17,12,898,2004,61,8,60,6,1,F,9,,,,,,,2,72,1,0,0,995,0,0,0,99999,9,9,2,4,3,1,2,1,1,1,0,2,0,0,1,1,0,0,1,0,1,4,66,99,1,1,5,L,86,,,,,,,,,,,,,,,,,,,,,,,,,,,95,95,95,95,,,9.8,998,998,998,99.8,99.8,99.8,854.631412628886,5,4
14763,48,50,1-48-2019-050-09,9,1,1GKER23767J1,17,23,8,2007,6,1,5,0,1,L,1,2142,5,0,2,1,8,2,64,1,0,1,0,2,0,0,84337,1,2,2,4,3,2,2,1,1,1,1,2,0,0,1,1,2,2,2,0,11,2,15,1,1,1,4,K,82,0,0,0,0,0,0,0,0,0,0,175,265,0,0,0,1,1,14,-7,12,5709,998,-81,7,0,1,1,1,0,4,0,995,9.8,998,998,998,99.8,99.8,99.8,1256.81227719233,12,4
14763,48,50,1-48-2019-050-09,9,2,KMHWF25S32A6,17,55,33,2002,4,1,3,0,1,F,1,1459,5,0,2,1,7,2,64,1,0,0,995,0,0,0,84337,1,2,2,4,4,2,2,1,1,1,1,2,0,0,1,1,0,0,1,0,1,4,67,1,1,1,4,K,83,0,0,0,0,0,0,0,0,0,0,265,175,0,0,0,1,1,21,-18,-10,52071,998,-96,25,0,4,1,1,0,6,0,995,9.8,998,998,998,99.8,99.8,99.8,1256.81227719233,12,4
14766,32,104,1-32-2019-104-03,3,1,3MZBN1L34JM2,17,41,51,2018,5,1,3,0,1,L,1,1405,8,0,1,1,8,2,113,1,0,0,995,0,0,0,75254,3,2,1,3,3,1,1,1,1,9,1,3,0,0,3,1,0,0,9,1,15,2,10,1,1,2,2,F,47,0,0,0,0,0,0,0,0,0,0,110,120,0,0,0,1,5,999,999,999,9999999,999,999,14,2,0,0,0,0,6,0,995,2.6,999,999,999,3.0,0.0,3.8,445.889100665658,7,4
14766,32,104,1-32-2019-104-03,3,2,1XPBA48X3JD4,17,87,884,2018,66,8,68,0,1,R,9,,,,,,,5,113,1,0,0,995,0,0,0,76052,9,9,1,3,3,2,1,1,1,9,3,3,0,0,3,1,0,0,9,0,1,4,61,1,1,1,2,F,45,,,,,,,,,,,,,,,,,,,,,,,,,,,95,95,95,95,,,9.8,998,998,998,99.8,99.8,99.8,445.889100665658,7,4
14767,32,105,1-32-2019-105-01,1,1,1B3HB28BX8D6,17,7,25,2008,5,1,2,0,1,F,1,1345,5,0,1,1,32,2,113,1,1,1,0,3,9,2,75455,2,2,0,2,4,3,2,1,1,1,3,1,0,0,1,8,0,0,9,1,1,1,1,2,2,4,1,B,7,1,8,2,1,1,2,61,1,1,40,998,998,0,0,0,1,1,13,-11,6,10474,998,58,13,0,4,3,10,1,1,3,998,1.2,120,999,999,3.9,1.2,4.0,34.9343575570033,7,4
14768,28,47,1-28-2019-047-06,6,1,1G1AD1F52A71,17,20,22,2010,2,1,2,0,1,F,1,1239,5,0,1,1,19,2,72,1,0,0,995,0,0,0,15834,1,2,0,4,2,1,2,1,3,1,1,2,0,0,1,1,0,0,1,1,14,2,13,2,4,4,1,B,7,0,0,0,0,0,0,0,0,0,0,998,998,0,0,5,2,10,999,999,999,9999999,999,-32,15,2,0,4,21,1,3,0,998,1.1,9,4,999,1.9,2.5,3.3,119.835688968074,3,4
14769,31,56,1-31-2019-056-04,4,1,2C4RC1JG5GR2,17,6,441,2016,20,4,20,0,1,F,1,2115,5,0,2,1,3,2,89,1,0,0,995,0,0,0,62890,1,2,0,4,2,1,2,1,1,1,1,4,0,0,2,1,0,0,1,0,1,6,87,1,1,1,1,C,13,0,0,0,0,0,0,0,0,0,0,998,998,0,0,0,1,10,999,999,999,9999999,999,24,14,2,0,0,0,0,0,0,998,9.8,998,998,998,99.8,99.8,99.8,240.49101350779,6,4
14772,52,47,1-52-2019-047-07,7,1,1G1PE5SB3E74,17,20,25,2014,4,1,3,0,1,F,2,1407,5,0,1,1,21,2,56,1,8,0,995,0,7,0,59102,1,1,2,3,1,1,2,1,1,1,0,0,0,0,1,8,3,2,1,0,1,3,52,1,1,1,2,D,28,0,0,0,0,0,0,0,0,0,0,40,40,0,0,0,1,1,27,-27,0,50641,998,0,30,0,4,0,0,0,0,0,995,9.8,998,998,998,99.8,99.8,99.8,232.553947443718,12,4
14772,52,47,1-52-2019-047-07,7,2,3D7TT2CT4AG1,17,7,482,2010,34,5,31,0,1,B,1,2878,5,200,1,2,8,5,56,1,8,0,995,0,7,0,59044,9,9,2,3,1,1,2,1,1,1,0,0,0,0,1,8,3,2,1,0,2,3,53,1,1,1,2,D,29,0,0,0,0,0,0,0,0,0,0,40,40,0,0,0,1,1,13,13,0,12033,998,0,10,0,4,95,95,95,95,0,995,9.8,998,998,998,99.8,99.8,99.8,232.553947443718,12,4
14774,16,59,1-16-2019-059-09,9,1,1D7HA18N22J1,17,7,482,2002,34,5,31,0,1,F,1,2040,5,0,1,1,18,2,64,1,0,0,995,0,0,0,45002,9,9,0,4,2,1,2,2,2,2,1,2,0,0,1,8,6,2,1,1,14,2,10,1,1,2,3,G,50,0,0,0,0,0,0,0,0,0,0,280,100,0,0,0,1,1,18,-18,0,43364,998,-35,23,0,1,0,0,0,0,0,995,9.8,998,998,998,99.8,99.8,99.8,1265.02669226872,5,4
14774,16,59,1-16-2019-059-09,9,2,5FNYF48609B0,17,37,421,2009,15,3,15,0,1,F,1,1967,5,0,1,1,26,2,64,1,0,0,995,0,0,0,45248,1,2,0,4,2,1,2,2,3,4,1,2,0,0,1,8,6,2,1,0,14,4,62,1,1,1,3,G,51,0,0,0,0,0,0,0,0,0,0,100,280,0,0,0,1,1,18,-18,0,15233,998,-61,13,0,4,1,2,0,4,0,995,9.8,998,998,998,99.8,99.8,99.8,1265.02669226872,5,4
14775,16,60,1-16-2019-060-03,3,1,5NPE24AFXKH7,17,55,33,2019,4,1,4,0,1,F,1,1475,5,0,2,1,8,2,40,1,0,0,995,0,0,0,45224,2,2,2,4,3,2,2,2,1,4,3,2,0,0,1,8,1,2,1,0,11,2,15,1,1,1,4,J,68,0,0,0,0,0,0,0,0,0,0,145,5,0,0,0,1,1,20,-18,-7,11027,998,-41,13,0,4,0,0,0,0,0,995,9.8,998,998,998,99.8,99.8,99.8,320.76353000589,5,4
14775,16,60,1-16-2019-060-03,3,2,2MEFM75V57X6,17,14,6,2007,4,1,5,0,1,F,1,1857,5,0,1,2,8,5,40,1,0,0,995,0,0,0,45224,9,9,2,4,3,2,2,2,1,2,1,2,0,0,1,8,1,2,1,0,1,4,62,99,1,1,4,J,69,0,0,0,0,0,0,0,0,0,0,5,145,0,0,0,1,1,17,-16,6,38390,998,78,21,0,4,95,95,95,95,0,995,9.8,998,998,998,99.8,99.8,99.8,320.76353000589,5,4
14776,10,40,1-10-2019-040-01,1,1,JM1BJ2454311,17,41,35,2003,5,1,2,0,1,F,2,1231,5,0,1,4,21,2,56,1,0,8,997,8,0,3,45414,2,9,0,4,2,1,2,1,1,1,0,2,0,0,1,1,0,0,9,1,1,2,10,1,1,2,3,G,50,0,0,0,0,0,0,0,0,0,0,5,185,0,1,0,1,12,999,999,999,9999999,999,999,999,7,0,3,9,1,1,0,995,9.8,998,998,998,99.8,99.8,99.8,23.0769668553423,4,4
14776,10,40,1-10-2019-040-01,1,2,1FTDE14Y4KHB,17,12,461,1989,21,4,21,0,1,F,2,1981,5,9999,9,4,18,2,56,1,0,0,995,0,0,0,45406,1,2,0,4,2,1,2,1,1,1,0,2,0,0,1,1,0,0,1,0,1,4,62,2,1,1,3,G,51,0,0,0,0,0,0,0,0,0,0,185,5,0,1,0,1,12,999,999,999,9999999,999,999,999,7,0,3,10,1,3,0,995,9.8,998,998,998,99.8,99.8,99.8,23.0769668553423,4,4
14777,10,41,1-10-2019-041-06,6,1,999999999999,99,99,399,9999,9,1,9,99,1,R,9,9999,9,9999,9,0,998,5,40,1,8,0,995,0,7,0,99999,9,9,2,4,2,1,2,1,1,1,0,0,0,0,1,8,2,2,9,0,1,2,17,99,1,1,5,L,87,0,0,0,0,0,0,0,0,0,0,105,10,9,0,0,1,0,999,999,999,9999999,999,999,999,9,0,95,95,95,95,0,995,9.8,998,998,998,99.8,99.8,99.8,142.180047068002,4,4
14777,10,41,1-10-2019-041-06,6,2,2T1BURHE4EC0,17,49,32,2014,4,1,3,0,1,F,1,1290,5,0,1,1,2,2,40,1,0,0,995,0,0,0,45417,2,2,2,4,2,1,2,1,1,1,0,0,0,0,1,8,0,0,1,0,1,4,66,4,1,1,5,L,86,0,0,0,0,0,0,0,0,0,0,10,105,0,0,0,1,12,999,999,999,9999999,999,999,16,2,0,1,2,0,3,0,995,9.8,998,998,998,99.8,99.8,99.8,142.180047068002,4,4
14779,27,54,1-27-2019-054-03,3,1,WP1AB2AY8KDA,17,45,421,2019,15,3,15,0,1,R,2,2175,5,0,1,1,9,2,72,1,8,9,998,8,7,9,33019,1,2,2,1,5,3,2,1,1,2,1,2,0,0,1,1,1,2,2,0,11,2,15,1,1,1,4,J,68,0,0,0,0,0,0,0,0,0,0,285,175,0,1,0,1,1,31,-20,-24,19403,998,18,15,0,2,1,1,0,4,0,995,1.2,54,10,10,0.0,0.0,0.0,126.490411564368,3,4
14779,27,54,1-27-2019-054-03,3,2,1J4GA59127L1,17,2,403,2007,14,3,14,0,1,F,2,1936,5,0,1,1,6,2,72,1,8,1,0,2,7,0,01238,1,2,2,1,2,1,2,1,1,1,1,1,0,0,1,1,1,2,1,0,1,4,62,2,1,1,4,J,69,0,0,0,0,0,0,0,0,0,0,175,285,0,1,0,1,1,35,-33,12,185896,998,65,43,0,2,1,1,0,4,0,995,9.8,998,998,998,99.8,99.8,99.8,126.490411564368,3,4
14780,19,47,1-19-2019-047-10,10,1,1J8HH58N06C1,17,2,406,2006,14,3,14,0,1,T,2,2289,5,0,1,1,16,2,40,1,0,0,995,0,0,0,35954,1,2,0,4,2,1,2,2,2,4,0,2,0,0,1,2,0,0,1,1,14,1,6,8,2,4,1,B,7,1,4,2,2,1,4,61,1,2,9,997,997,0,1,0,1,6,999,999,999,9999999,999,999,999,7,0,1,1,0,0,3,997,9.8,998,998,998,99.8,99.8,99.8,3277.07941509021,9,4
14781,19,48,1-19-2019-048-07,7,1,6G1MK5R3XDL8,17,20,27,2013,4,1,5,5,1,F,2,1932,8,0,2,1,6,2,89,1,0,0,995,0,0,0,35903,1,2,3,1,2,1,2,1,1,2,3,2,1,3,2,1,0,0,1,0,1,3,52,1,1,1,2,D,28,0,0,0,0,0,0,0,0,0,0,170,160,0,0,0,1,98,999,999,999,9999999,999,999,999,7,0,0,0,0,0,0,995,9.8,998,998,998,99.8,99.8,99.8,682.132478360387,9,4
14781,19,48,1-19-2019-048-07,7,2,1HGCS2B88BA0,17,37,32,2011,2,1,3,0,1,B,9,1566,5,9999,9,0,998,5,89,1,0,0,995,0,0,0,35956,9,9,3,1,2,1,2,1,1,2,3,2,1,3,2,1,0,0,9,0,11,3,53,1,1,1,2,D,30,0,0,0,0,0,0,0,0,0,0,160,170,0,1,0,1,0,999,999,999,9999999,999,999,999,9,0,95,95,95,95,0,995,9.8,998,998,998,99.8,99.8,99.8,682.132478360387,9,4
14782,19,49,1-19-2019-049-03,3,1,3MAPM10J2MR6,17,14,36,1991,4,1,1,0,1,L,2,1030,5,0,2,1,9,2,0,1,0,0,995,0,0,0,35903,1,2,2,4,3,2,2,2,1,1,2,2,0,0,1,2,2,2,2,0,11,2,15,9,1,1,4,K,82,0,0,0,0,0,0,0,0,0,0,100,210,0,1,0,1,3,27,-13,23,43808,998,21,32,0,4,1,1,0,4,0,995,9.8,998,998,998,99.8,99.8,99.8,150.873751851352,9,4
14782,19,49,1-19-2019-049-03,3,2,19XZE4F1XKE0,17,37,37,2019,4,1,3,0,1,F,2,1382,5,0,1,1,9,2,72,1,0,0,995,0,0,0,35959,1,2,2,1,2,2,1,2,1,1,3,2,0,0,1,2,0,0,1,0,1,4,67,3,1,1,4,K,83,0,0,0,0,0,0,0,0,0,0,180,40,0,1,0,3,1,28,-27,-5,78490,998,-8,37,0,4,0,0,0,4,0,995,9.8,998,998,998,99.8,99.8,99.8,150.873751851352,9,4
14782,19,49,1-19-2019-049-03,3,3,3FADP4BJ1FM1,17,12,32,2015,4,1,1,0,1,F,2,1169,5,0,2,1,25,2,72,1,0,0,995,0,0,0,35952,1,2,0,1,3,2,2,2,1,1,3,3,0,0,1,2,0,0,1,1,1,4,62,4,1,1,6,M,98,0,0,0,0,0,0,0,0,0,0,40,180,0,1,0,3,1,33,-28,16,26989,998,60,22,0,4,1,2,0,4,0,995,3.4,999,999,999,1.6,10.5,11.0,150.873751851352,9,4
14783,14,47,1-14-2019-047-04,4,1,WDCGG5HB0FG3,17,42,403,2015,14,3,14,0,1,F,1,1845,5,0,1,1,12,2,113,1,0,0,995,0,0,0,78123,1,2,0,2,3,3,2,1,1,9,3,2,1,3,1,1,0,0,1,0,1,3,52,1,1,1,2,D,28,0,0,0,0,0,0,0,0,0,0,55,55,0,0,0,1,1,22,-22,0,41588,998,9,24,0,4,0,0,0,0,0,995,9.8,998,998,998,99.8,99.8,99.8,4634.36539500539,8,4
14783,14,47,1-14-2019-047-04,4,2,1N4AA5AP5DC8,17,35,39,2013,4,1,4,0,1,B,2,1621,5,0,1,1,12,2,113,1,0,0,995,0,0,0,78660,9,1,0,2,3,3,2,1,1,9,3,2,1,3,1,1,0,0,9,0,2,3,53,1,1,1,2,D,29,0,0,0,0,0,0,0,0,0,0,55,55,0,0,0,1,1,25,25,0,36429,998,-19,23,0,4,0,0,0,0,0,995,9.8,998,998,998,99.8,99.8,99.8,4634.36539500539,8,4
14784,29,93,1-29-2019-093-03,3,1,4T1BF1FK9CU5,17,49,40,2012,4,1,3,0,1,F,2,1441,5,9999,9,0,998,5,40,1,0,0,995,0,0,0,02840,9,9,2,4,2,1,1,1,1,1,0,2,0,0,1,1,0,0,1,0,1,4,67,99,1,1,4,K,83,0,0,0,0,0,0,0,0,0,0,190,75,0,0,0,1,3,28,-27,-10,79483,998,-75,33,0,4,95,95,95,95,0,995,9.8,998,998,998,99.8,99.8,99.8,88.9884736745671,2,4
14784,29,93,1-29-2019-093-03,3,2,2T1BURHE8GC5,17,49,32,2016,4,1,3,0,1,F,2,1265,5,0,1,1,5,2,40,1,0,0,995,0,0,0,02840,1,2,2,4,2,1,2,1,1,1,0,2,0,0,1,1,2,2,2,0,11,2,15,1,1,1,4,K,82,0,0,0,0,0,0,0,0,0,0,75,190,0,0,0,1,3,32,-21,25,79483,998,128,29,0,4,1,1,0,5,0,995,9.8,998,998,998,99.8,99.8,99.8,88.9884736745671,2,4
14786,29,95,1-29-2019-095-06,6,1,4A3AE45G94E1,17,52,37,2004,1,1,2,0,1,R,2,1405,5,0,1,1,4,2,48,1,8,0,995,0,7,0,02878,1,2,2,4,2,1,2,1,1,1,0,0,0,0,1,1,2,2,2,0,1,2,17,1,1,1,5,L,87,0,0,0,0,0,0,0,0,0,0,85,355,0,0,0,1,1,29,-10,-27,18681,998,-30,18,0,1,1,1,0,4,0,995,0.0,56,22,17,0.0,0.0,0.0,109.930910424063,2,4
14786,29,95,1-29-2019-095-06,6,2,5NPDH4AE4DH3,17,55,35,2013,4,1,3,0,1,F,2,1235,5,0,1,1,3,2,48,1,8,0,995,0,7,0,02748,1,2,2,4,2,1,2,1,1,1,0,2,0,0,1,1,0,0,1,0,1,4,66,1,1,1,5,L,86,0,0,0,0,0,0,0,0,0,0,355,85,0,0,0,1,1,32,-30,11,93162,998,61,39,0,1,1,1,0,6,0,995,9.8,998,998,998,99.8,99.8,99.8,109.930910424063,2,4
14787,52,48,1-52-2019-048-04,4,1,1FMEU73E97UB,17,12,401,2007,14,3,14,0,1,F,1,2093,5,0,1,1,4,2,40,1,0,0,995,0,1,0,59101,9,9,2,4,3,1,2,1,1,1,0,1,0,0,1,1,1,2,1,0,1,2,17,1,1,1,5,L,88,0,0,0,0,0,0,0,0,0,0,330,240,0,0,0,1,1,14,-12,-7,32776,998,-89,17,0,4,0,0,0,0,0,995,9.8,998,998,998,99.8,99.8,99.8,140.089039008436,12,4
14787,52,48,1-52-2019-048-04,4,2,5J6TF2H56FL0,17,37,405,2015,14,3,14,0,1,L,1,1864,5,0,1,1,5,2,40,1,0,0,995,0,0,0,59106,1,2,2,3,2,2,2,1,1,2,1,0,0,0,1,1,1,2,1,0,1,4,66,1,1,1,5,L,89,0,0,0,0,0,0,0,0,0,0,240,330,0,0,0,1,1,16,-8,14,9365,998,-18,11,0,4,1,1,0,0,0,995,9.8,998,998,998,99.8,99.8,99.8,140.089039008436,12,4
14788,26,107,1-26-2019-107-05,5,1,1D7HA18K13J5,17,7,482,2003,34,5,30,99,1,F,1,2225,5,9999,9,0,998,5,105,1,9,0,995,0,9,0,99999,9,9,0,2,4,4,2,1,1,1,3,2,0,0,1,1,0,0,9,0,1,3,50,99,9,1,2,D,20,0,0,0,0,0,0,0,0,0,0,40,40,0,0,0,1,3,15,-15,0,18536,998,0,15,0,4,95,95,95,95,0,995,9.8,998,998,998,99.8,99.8,99.8,51.5112541824362,10,4
14788,26,107,1-26-2019-107-05,5,2,5N1AR2MM4DC6,17,35,401,2013,14,3,14,0,1,F,1,1987,5,0,1,1,20,2,105,1,0,0,995,0,0,0,95677,1,9,0,2,4,4,2,1,1,1,3,2,0,0,1,1,0,0,1,0,1,3,50,2,1,1,6,M,98,0,0,0,0,0,0,0,0,0,0,40,40,0,0,0,3,3,19,-19,0,19147,998,2,16,0,4,9,97,0,99,0,995,9.8,998,998,998,99.8,99.8,99.8,51.5112541824362,10,4
14788,26,107,1-26-2019-107-05,5,3,1YVHZ8CH0A5M,17,41,50,2010,4,1,4,0,1,B,1,1486,5,0,1,1,20,2,105,1,0,0,995,0,0,0,95678,2,2,0,2,4,4,2,1,1,1,3,2,0,0,1,1,0,0,1,0,5,3,53,1,1,1,2,D,21,0,0,0,0,0,0,0,0,0,0,40,40,0,0,0,1,3,21,21,0,26304,998,-17,20,0,4,1,1,0,6,0,995,9.8,998,998,998,99.8,99.8,99.8,51.5112541824362,10,4
14788,26,107,1-26-2019-107-05,5,4,1N6AA06B94N5,17,35,473,2004,34,5,30,0,1,B,1,2292,5,9999,9,0,998,5,105,1,0,0,995,0,0,0,95843,9,9,0,2,4,4,2,1,1,1,3,2,0,0,1,1,0,0,1,0,5,3,53,1,1,1,6,M,98,0,0,0,0,0,0,0,0,0,0,40,40,0,0,0,2,3,13,13,0,23383,998,0,16,0,4,95,95,95,95,0,995,9.8,998,998,998,99.8,99.8,99.8,51.5112541824362,10,4
14789,26,108,1-26-2019-108-02,2,1,3VW1K7AJ6FM2,17,30,40,2015,4,1,3,0,1,F,1,1272,5,0,1,1,17,2,105,1,1,1,100,2,0,2,95826,3,9,1,3,2,1,2,1,1,4,1,3,0,0,2,1,0,0,1,1,1,2,13,99,1,4,1,A,1,0,0,0,0,0,0,0,0,0,0,998,998,0,0,0,2,1,22,-11,19,48866,998,136,22,0,1,3,17,1,3,0,998,2.8,999,999,999,99.9,2.8,99.9,21.4624107524804,10,4
14790,26,109,1-26-2019-109-07,7,1,1N4AL3AP9EN2,17,35,47,2014,4,1,4,0,1,F,1,1451,5,0,1,5,44,2,56,1,0,0,995,0,0,0,95608,1,2,2,4,3,2,2,1,1,1,1,2,0,0,2,1,1,1,1,0,1,4,66,1,1,1,5,L,86,0,0,0,0,0,0,0,0,0,0,65,160,0,0,0,1,12,999,999,999,9999999,999,999,999,6,0,0,0,0,0,0,995,9.8,998,998,998,99.8,99.8,99.8,2095.15417320729,10,4
14790,26,109,1-26-2019-109-07,7,2,1FTRX17272NB,17,12,481,2002,34,5,31,0,1,R,9,1991,5,9999,9,0,998,2,64,1,0,0,995,0,0,0,95521,1,9,2,1,3,2,2,1,1,1,3,1,0,0,2,1,1,1,1,0,1,4,66,99,1,1,5,L,87,0,0,0,0,0,0,0,0,0,0,160,65,0,0,0,1,0,999,999,999,9999999,999,999,999,9,0,99,99,0,99,0,995,9.8,998,998,998,99.8,99.8,99.8,2095.15417320729,10,4
14791,17,101,1-17-2019-101-06,6,1,3D4GG67V09T1,17,7,27,2009,6,1,4,0,1,F,1,1814,5,0,1,1,10,2,89,1,9,1,0,2,9,1,61244,1,2,2,4,3,2,1,1,1,1,1,2,0,0,1,1,1,2,1,0,11,2,15,1,1,1,4,J,68,0,0,0,0,0,0,0,0,0,0,70,300,0,0,0,1,3,18,-17,-6,24935,998,-79,16,0,4,1,1,0,4,0,995,9.8,998,998,998,99.8,99.8,99.8,161.503626102996,4,4
14791,17,101,1-17-2019-101-06,6,2,1FTFW1EV2AKB,17,12,481,2010,34,5,31,0,1,L,1,2522,5,0,1,1,5,2,89,1,9,1,0,2,9,2,61256,1,2,2,4,3,1,1,1,1,1,1,1,0,0,1,1,1,2,1,0,1,4,62,4,1,1,4,J,69,0,0,0,0,0,0,0,0,0,0,998,998,0,0,2,2,10,999,999,999,9999999,999,12,17,2,0,1,1,0,4,0,998,1.3,52,23,78,6.8,3.9,7.8,161.503626102996,4,4
14792,17,102,1-17-2019-102-08,8,1,1FTPW14V08FA,17,12,481,2008,34,5,31,0,1,L,1,2478,5,0,2,1,8,2,89,1,9,1,211,2,7,1,61257,1,2,0,1,4,2,2,1,1,1,3,2,0,2,2,1,0,0,1,1,1,1,8,7,2,4,1,B,7,1,1,2,2,1,3,61,1,2,10,997,997,0,0,0,1,6,999,999,999,9999999,999,999,999,6,0,1,1,0,4,3,997,9.8,998,998,998,99.8,99.8,99.8,101.678586770327,4,4
14793,17,103,1-17-2019-103-04,4,1,3FA6P0LU9JR2,17,12,23,2018,4,1,4,0,1,R,1,1660,5,0,1,1,5,2,48,1,9,0,995,0,9,0,61265,1,2,2,4,4,2,2,1,1,1,1,2,0,0,1,1,1,2,1,0,11,2,15,1,1,1,4,J,68,0,0,0,0,0,0,0,0,0,0,20,270,0,0,0,1,1,15,-5,-14,27822,998,155,14,0,4,0,0,0,0,0,995,9.8,998,998,998,99.8,99.8,99.8,551.028704738774,4,4
14793,17,103,1-17-2019-103-04,4,2,1FAHP2E83FG1,17,12,17,2015,4,1,4,0,1,F,1,1822,5,0,1,5,6,2,48,1,9,0,995,0,9,0,61244,9,9,2,4,3,1,2,1,1,1,0,1,0,0,1,1,1,2,9,0,1,4,62,99,1,1,4,J,69,0,0,0,0,0,0,0,0,0,0,270,20,0,0,0,1,1,14,-14,0,20470,998,20,16,0,4,0,0,0,0,0,995,9.8,998,998,998,99.8,99.8,99.8,551.028704738774,4,4
14794,66,53,1-66-2019-053-02,2,1,1C4HJXEG4JW1,17,2,403,2018,14,3,14,0,1,F,3,1948,5,0,1,1,32,2,89,1,0,1,0,2,7,0,65747,1,2,0,4,2,1,2,1,1,1,1,4,0,0,1,1,0,0,3,1,1,2,10,4,1,2,3,G,50,0,0,0,0,0,0,0,0,0,0,355,175,0,0,0,1,5,999,999,999,9999999,999,999,999,8,0,3,14,1,3,0,995,9.8,998,998,998,99.8,99.8,99.8,151.207629024482,6,4
14794,66,53,1-66-2019-053-02,2,2,1GNEK13T51R1,17,20,421,2001,15,3,15,0,1,F,3,2317,5,9999,9,1,33,2,89,1,0,0,995,0,7,0,65738,1,2,0,4,2,1,2,1,1,1,1,4,0,0,1,1,0,0,9,0,1,4,62,3,1,1,3,G,51,0,0,0,0,0,0,0,0,0,0,175,355,1,0,0,1,5,999,999,999,9999999,999,999,999,8,0,3,11,1,3,0,995,9.8,998,998,998,99.8,99.8,99.8,151.207629024482,6,4
14795,33,78,1-33-2019-078-06,6,1,2T1BURHE3EC0,17,49,32,2014,4,1,3,0,1,F,1,1290,5,0,1,1,27,2,89,1,0,0,995,0,0,0,95926,1,2,2,1,4,2,2,1,3,1,1,3,0,0,1,1,1,2,3,0,14,4,62,4,1,1,4,J,69,0,0,0,0,0,0,0,0,0,0,330,70,0,0,0,1,1,15,-14,5,23642,998,68,19,0,4,1,1,0,4,0,995,9.8,998,998,998,99.8,99.8,99.8,230.003273533335,12,4
14795,33,78,1-33-2019-078-06,6,2,4TARN13P0SZ3,17,49,471,1995,34,5,30,0,1,R,1,1606,5,0,1,2,18,5,64,1,0,1,0,2,0,1,95928,9,9,2,1,3,3,2,1,2,1,1,2,0,0,1,1,1,2,1,0,11,2,15,1,1,1,4,J,68,0,0,0,0,0,0,0,0,0,0,70,330,0,0,0,1,1,13,-7,-11,5521,998,89,8,0,4,95,95,95,95,0,995,9.8,998,998,998,99.8,99.8,99.8,230.003273533335,12,4
14796,29,96,1-29-2019-096-10,10,1,1C4AJWAGXGL2,17,2,403,2016,14,3,14,0,1,F,1,1717,5,9999,9,0,998,5,40,1,0,0,995,0,0,0,02719,9,9,2,4,4,2,2,1,1,1,3,2,0,0,1,1,1,2,9,0,1,3,50,99,1,1,2,D,20,0,0,0,0,0,0,0,0,0,0,335,335,0,0,0,1,3,9,-9,0,3121,998,0,7,0,4,95,95,95,95,0,995,9.8,998,998,998,99.8,99.8,99.8,1926.38096851477,2,4