CASEID,PSU,CASENO,CASENUMBER,CATEGORY,VEHNO,VIN,VINLENGTH,MAKE,MODEL,MODELYR,BODYTYPE,BODYCAT,VEHCLASS,SPECUSE,TRANSTAT,DAMPLANE,DAMSEV,CURBWT,CURBSRC,CARGOWT,CARGOSRC,INSPTYPE,INSPLAG,TOWED,SPEEDLIMIT,DRPRESENT,PARALCOHOL,ALCTEST,ALCTESTRESULT,ALCTESTSRC,PARDRUG,DRUGTEST,ZIP,RACE,ETHNICITY,RELTOJUNCT,TRAFFLOW,RDLANES,INITLANE,SURFTYPE,SURFCOND,ALIGNMENT,PROFILE,LINERIGHT,LINELEFT,RUMBINIT,RUMBROAD,LIGHTCOND,WEATHER,TRAFDEV,TRAFFUNCT,DISTRACT,PREFHE,PREMOVE,CRITCAT,CRITEVENT,MANEUVER,PRESTAB,PRELOC,CRASHCAT,CRASHCONF,CRASHTYPE,ROLLTYPE,ROLLTURN,ROLLINTRPT,ROLLPREMAN,ROLLINITYP,ROLLINLOC,ROLLOBJ,ROLLTRIP,ROLLDIR,ROLLDIST,DVANGTHIS,DVANGOTH,TOWHITCH,TRAJDOC,TREEPOLE,DVEVENT,DVBASIS,DVTOTAL,DVLONG,DVLAT,DVENERGY,DVSPEED,DVMOMENT,DVBES,DVEST,DVCONF,VAIS,VISS,VINJURED,VTREAT,INITOBJCLASS,HEADANGLECAT,SHLDRWIDTH,STRKLENGTH,STRKWIDTH,STRKHEIGHT,EDGEDISTX,EDGEDISTY,EDGEDISTZ,CASEWGT,PSUSTRAT,VERSION
14796,29,96,1-29-2019-096-10,10,2,1N4BL11D84C1,17,35,47,2004,4,1,4,0,1,B,1,1456,5,0,1,1,5,2,40,1,0,0,995,0,0,0,02719,1,2,2,4,4,2,2,1,1,1,3,2,0,0,1,1,1,2,1,0,5,3,53,1,1,1,2,D,21,0,0,0,0,0,0,0,0,0,0,335,335,0,0,0,1,3,10,10,0,9350,998,-2,13,0,4,0,0,0,0,0,995,9.8,998,998,998,99.8,99.8,99.8,1926.38096851477,2,4
14797,13,65,1-13-2019-065-06,6,1,WBXPA93446WD,17,34,402,2006,14,3,14,0,1,L,9,1845,5,9999,9,0,998,5,56,1,0,0,995,0,0,0,76112,9,9,2,4,2,1,2,1,1,4,0,2,0,0,1,1,2,2,9,0,11,2,15,99,1,1,4,K,82,0,0,0,0,0,0,0,0,0,0,170,260,0,0,0,1,0,999,999,999,9999999,999,999,999,9,0,95,95,95,95,0,995,9.8,998,998,998,99.8,99.8,99.8,3246.06757556675,7,4
14797,13,65,1-13-2019-065-06,6,2,5XYKT4A14BG1,17,63,402,2011,14,3,14,0,1,F,1,1635,5,0,1,4,18,2,56,1,0,0,995,0,0,0,76119,2,2,2,4,4,1,1,1,1,1,0,5,0,0,1,1,0,0,9,0,1,4,72,99,1,1,4,K,83,0,0,0,0,0,0,0,0,0,0,260,170,0,0,0,1,12,999,999,999,9999999,999,999,999,6,0,1,3,0,4,0,995,9.8,998,998,998,99.8,99.8,99.8,3246.06757556675,7,4
14798,10,42,1-10-2019-042-10,10,1,5GZCZ63B63S8,17,24,401,2003,14,3,14,0,1,L,1,1578,5,0,1,1,5,2,64,1,0,0,995,0,0,0,45371,2,2,0,4,2,1,1,1,1,1,1,2,0,0,1,1,0,0,1,1,1,2,12,1,2,4,1,B,6,1,1,2,2,1,4,61,1,2,3,997,997,0,0,0,2,6,999,999,999,9999999,999,999,999,6,0,1,1,0,0,3,997,0.0,999,999,999,1.0,1.0,1.0,2785.48917081532,4,4
14799,32,106,1-32-2019-106-03,3,1,1C3CCCAB0FN6,17,6,18,2015,4,1,3,0,1,R,1,1575,5,0,1,1,16,2,72,1,0,0,995,0,0,0,75104,2,2,2,1,4,4,1,1,1,4,1,0,0,0,1,1,1,2,9,0,11,2,15,1,1,1,4,J,68,0,0,0,0,0,0,0,0,0,0,245,140,0,0,0,1,3,8,-6,-5,9853,998,131,9,0,4,1,1,0,4,0,995,9.8,998,998,998,99.8,99.8,99.8,445.889100668461,7,4
14799,32,106,1-32-2019-106-03,3,2,1N4AL3AP2FC2,17,35,47,2015,4,1,4,0,1,F,1,1416,5,9999,9,0,998,2,72,1,0,0,995,0,0,0,75204,2,2,2,1,4,2,1,1,1,1,1,3,0,0,1,1,1,2,9,0,1,4,62,1,1,1,4,J,69,0,0,0,0,0,0,0,0,0,0,140,245,0,0,0,1,3,8,-7,4,4247,998,104,7,0,4,0,0,0,0,0,995,9.8,998,998,998,99.8,99.8,99.8,445.889100668461,7,4
14800,77,98,1-77-2019-098-03,3,1,5NPE24AF5GH3,17,55,33,2016,4,1,4,0,1,F,1,1655,5,0,1,1,8,2,64,1,0,0,995,0,0,0,22963,9,9,0,4,4,2,2,1,1,1,3,2,0,0,1,1,0,0,9,0,1,3,50,99,1,1,2,D,20,0,0,0,0,0,0,0,0,0,0,110,115,0,0,0,1,3,13,-13,-2,11535,998,-24,13,0,4,1,1,0,4,0,995,9.8,998,998,998,99.8,99.8,99.8,462.028947758523,9,4
14800,77,98,1-77-2019-098-03,3,2,3N1BC1AP7BL3,17,35,50,2011,4,1,2,0,1,B,1,1235,5,9999,9,0,998,2,64,1,0,0,995,0,0,0,22923,1,2,0,4,4,2,2,1,1,1,1,2,0,0,1,1,0,0,1,0,5,3,53,1,1,1,2,D,21,0,0,0,0,0,0,0,0,0,0,115,110,0,0,0,1,3,17,17,3,15812,998,-41,17,0,4,0,0,0,0,0,995,9.8,998,998,998,99.8,99.8,99.8,462.028947758523,9,4
14800,77,98,1-77-2019-098-03,3,3,4T1BG22K0XU9,17,49,40,1999,4,1,3,0,1,B,9,1360,5,9999,9,0,998,5,64,1,0,0,995,0,0,0,22733,9,9,0,4,4,2,2,1,1,1,1,2,0,0,1,1,0,0,1,0,5,3,53,1,1,1,6,M,98,0,0,0,0,0,0,0,0,0,0,115,115,0,0,0,2,0,999,999,999,9999999,999,999,999,9,0,95,95,95,95,0,995,9.8,998,998,998,99.8,99.8,99.8,462.028947758523,9,4
14801,18,48,1-18-2019-048-09,9,1,5Y2SL65856Z4,17,22,32,2006,6,1,2,0,1,F,1,1227,5,0,1,1,10,2,105,1,0,1,0,2,0,2,54727,1,2,0,1,3,1,2,1,1,1,1,3,2,3,1,8,0,0,3,1,1,2,13,1,1,4,1,A,1,0,0,0,0,0,0,0,0,0,0,998,998,0,0,0,1,10,999,999,999,9999999,999,34,18,2,0,1,2,0,4,0,998,9.8,998,998,998,99.8,99.8,99.8,521.840949324331,6,4
14802,18,49,1-18-2019-049-06,6,1,1G1JC5SHXD41,17,20,28,2013,4,1,1,0,1,R,1,1237,5,0,1,1,9,2,72,1,0,0,995,0,0,0,54701,1,2,2,1,3,3,1,2,1,1,1,0,0,0,1,2,1,2,1,0,11,2,15,9,1,1,4,J,68,0,0,0,0,0,0,0,0,0,0,15,270,0,0,0,1,1,21,-11,-19,16469,998,144,12,0,1,1,1,0,6,0,995,0.0,999,999,999,0.0,0.0,0.0,203.317273578541,6,4
14802,18,49,1-18-2019-049-06,6,2,2C3CDXJG4FH9,17,7,24,2015,4,1,5,0,1,F,1,1886,5,0,1,2,30,5,72,1,0,0,995,0,0,0,54703,9,9,2,1,4,2,2,2,1,1,1,3,0,0,1,2,1,2,9,0,1,4,62,3,1,1,4,J,69,0,0,0,0,0,0,0,0,0,0,270,15,0,0,0,1,1,15,-15,3,51835,998,37,26,0,1,95,95,95,95,0,995,9.8,998,998,998,99.8,99.8,99.8,203.317273578541,6,4
14803,15,60,1-15-2019-060-03,3,1,1N4AL3AP7GC1,17,35,47,2016,4,1,4,0,1,L,9,1453,5,9999,9,0,998,2,48,1,8,9,998,8,7,9,11575,9,9,2,4,2,1,2,1,1,1,0,0,0,0,1,1,2,2,9,0,1,2,17,99,1,1,5,L,89,0,0,0,0,0,0,0,0,0,0,70,185,0,0,0,1,0,999,999,999,9999999,999,999,999,9,0,0,0,0,4,0,995,9.8,998,998,998,99.8,99.8,99.8,80.5291676167103,1,4
14803,15,60,1-15-2019-060-03,3,2,1HGCV1F38JA1,17,37,32,2018,4,1,4,0,1,F,9,1462,5,9999,9,0,998,5,48,1,8,9,998,8,7,9,11520,9,9,2,4,2,1,2,1,1,1,1,0,0,0,1,1,0,0,9,0,1,4,66,99,1,1,5,L,88,0,0,0,0,0,0,0,0,0,0,185,70,0,0,0,1,0,999,999,999,9999999,999,999,999,9,0,95,95,95,95,0,995,0.0,120,8,120,2.8,1.0,2.9,80.5291676167103,1,4
14804,15,61,1-15-2019-061-06,6,1,5J6RM4H55DL0,17,37,402,2013,14,3,14,0,1,L,1,1583,5,0,1,1,13,2,48,1,8,9,998,8,7,9,11580,3,2,2,4,2,1,2,1,1,1,0,0,0,0,1,1,0,0,1,0,11,2,15,7,1,1,4,K,82,0,0,0,0,0,0,0,0,0,0,260,0,0,0,0,1,3,5,-3,5,4214,998,-134,6,0,4,0,0,0,0,0,995,9.8,998,998,998,99.8,99.8,99.8,99.4808018094675,1,4
14804,15,61,1-15-2019-061-06,6,2,2HKRW6H35HH2,17,37,402,2017,14,3,14,0,1,F,1,1502,5,9999,9,0,998,5,48,1,8,9,998,8,7,9,11550,9,9,2,4,4,2,2,1,1,1,3,2,0,0,1,1,0,0,9,0,1,4,67,99,1,1,4,K,83,0,0,0,0,0,0,0,0,0,0,0,260,0,0,0,1,3,6,-6,-2,2052,998,-73,5,0,4,95,95,95,95,0,995,9.8,998,998,998,99.8,99.8,99.8,99.4808018094675,1,4
14805,30,80,1-30-2019-080-03,3,1,1G1ZE5STXGF2,17,20,37,2016,4,1,4,0,1,F,2,1400,5,0,1,1,30,2,105,1,0,0,995,0,0,0,85203,1,2,0,2,5,3,2,1,1,1,3,3,0,0,1,1,0,0,3,0,1,3,51,1,1,1,2,D,24,0,0,0,0,0,0,0,0,0,0,260,280,0,0,0,1,3,36,-36,-6,63473,998,-2,33,0,4,1,1,0,0,0,995,9.8,998,998,998,99.8,99.8,99.8,720.899325239836,10,4
14805,30,80,1-30-2019-080-03,3,2,KNAGM4A76B51,17,63,34,2011,4,1,4,0,1,B,2,1535,8,9999,9,4,28,2,105,1,0,0,995,0,0,0,85226,9,9,0,2,5,3,2,1,1,1,3,3,0,0,1,1,0,0,1,0,1,3,53,8,1,1,2,D,25,0,0,0,0,0,0,0,0,0,0,280,260,0,0,0,1,3,33,33,-6,88728,998,46,36,0,4,9,97,0,99,0,995,3.4,999,999,999,0.0,0.0,0.0,720.899325239836,10,4
14806,22,72,1-22-2019-072-01,1,1,3D7LX39C86G1,17,7,482,2006,34,5,31,0,1,T,3,3293,8,46,4,1,10,2,72,1,1,1,192,4,0,2,83501,1,2,0,1,2,1,2,1,3,4,0,3,0,0,3,1,0,0,9,1,14,2,13,7,3,4,1,A,2,1,4,2,2,1,4,61,1,2,32,997,997,0,1,0,1,6,999,999,999,9999999,999,999,999,8,0,1,1,0,1,3,997,9.8,998,998,998,99.8,99.8,99.8,57.3072200962491,12,4
14807,21,89,1-21-2019-089-03,3,1,1N4AL3AP9FN3,17,35,47,2015,4,1,4,0,1,F,1,1416,5,0,1,1,16,2,105,1,0,0,995,0,0,0,92346,9,9,0,2,4,3,1,1,1,9,3,3,0,0,1,1,0,0,3,0,1,3,52,4,1,1,2,D,28,0,0,0,0,0,0,0,0,0,0,270,270,0,0,0,1,3,21,-21,0,21306,998,0,19,0,4,0,0,0,0,0,995,9.8,998,998,998,99.8,99.8,99.8,210.821760797247,11,4
14807,21,89,1-21-2019-089-03,3,2,3TMCZ5AN8GM0,17,49,472,2016,34,5,30,0,1,B,1,1984,5,9999,9,0,998,5,105,1,0,0,995,0,0,0,91737,9,9,0,2,4,3,1,1,1,9,3,3,0,0,1,1,0,0,1,0,2,3,53,1,1,1,2,D,29,0,0,0,0,0,0,0,0,0,0,270,270,0,0,0,1,3,16,16,0,23789,998,0,18,0,4,95,95,95,95,0,995,9.8,998,998,998,99.8,99.8,99.8,210.821760797247,11,4
14808,21,90,1-21-2019-090-04,4,1,3FADP4BJ5GM1,17,12,32,2016,4,1,1,0,1,F,1,1169,5,0,2,1,12,2,113,1,0,0,995,0,0,0,92311,9,1,0,2,3,2,1,1,1,9,3,3,0,3,4,1,0,0,1,1,1,1,1,4,8,4,1,A,2,0,0,0,0,0,0,0,0,0,0,998,998,0,0,0,1,98,999,999,999,9999999,999,999,999,6,0,0,0,0,0,0,998,3.1,999,999,999,27.3,36.3,45.4,738.430797699622,11,4
14810,20,36,1-20-2019-036-04,4,1,2C3CCAAG6GH3,17,6,51,2016,4,1,5,0,1,F,1,1797,5,0,8,1,13,2,89,1,0,0,995,0,0,0,93955,1,2,0,4,2,1,2,1,2,1,0,2,0,0,1,8,0,0,1,1,14,6,87,8,1,4,1,A,3,0,0,0,0,0,0,0,0,0,0,998,998,0,1,7,1,10,999,999,999,9999999,999,20,21,2,0,1,1,0,6,0,998,1.4,999,999,999,10.2,1.4,10.3,5024.61371899114,11,4
14811,12,54,1-12-2019-054-01,1,1,SHSRD78872U0,17,37,402,2002,14,3,14,0,1,T,1,1480,5,0,1,1,16,2,72,1,9,1,0,3,0,2,73438,5,2,0,4,2,1,2,1,3,2,0,0,0,0,2,1,0,0,9,1,14,1,6,99,3,4,1,A,2,1,11,1,2,1,4,61,1,2,25,997,997,0,0,0,1,6,999,999,999,9999999,999,999,999,6,0,3,14,1,1,3,997,0.0,15,15,120,83.2,21.0,84.4,298.151054859394,9,4
14814,52,49,1-52-2019-049-09,9,1,1GNCT18W5WK1,17,20,421,1998,15,3,15,0,1,F,1,1844,5,100,2,1,12,2,56,1,0,0,995,0,0,0,59101,1,2,2,4,5,2,2,1,1,1,1,1,0,0,3,1,1,2,3,0,1,2,17,8,1,1,4,J,69,0,0,0,0,0,0,0,0,0,0,270,70,0,0,0,1,1,16,-16,3,26036,998,-30,17,0,4,1,2,0,6,0,995,9.8,998,998,998,99.8,99.8,99.8,193.192332754005,12,4
14814,52,49,1-52-2019-049-09,9,2,1HGCM66575A0,17,37,32,2005,4,1,3,0,1,F,1,1389,5,0,1,1,12,2,56,1,0,0,995,0,0,0,59101,9,9,2,4,6,4,2,1,1,1,1,2,0,0,3,1,1,2,9,0,11,4,63,99,1,1,4,J,68,0,0,0,0,0,0,0,0,0,0,70,270,0,0,0,1,1,22,-21,-4,26515,998,-41,20,0,1,0,0,0,0,0,995,9.8,998,998,998,99.8,99.8,99.8,193.192332754005,12,4
14815,21,91,1-21-2019-091-10,10,1,3GNEC12037G3,17,20,482,2007,34,5,31,0,1,R,9,2466,5,9999,9,0,998,2,56,1,9,0,995,0,9,0,92316,9,9,2,4,4,2,2,1,1,1,1,2,0,0,3,1,1,2,9,0,11,2,15,1,1,1,4,J,68,0,0,0,0,0,0,0,0,0,0,315,180,0,0,0,1,0,999,999,999,9999999,999,999,999,9,0,99,99,0,99,0,995,9.8,998,998,998,99.8,99.8,99.8,4670.25385525207,11,4
14815,21,91,1-21-2019-091-10,10,2,19UYA42731A0,17,54,37,2001,2,1,3,0,1,F,9,1592,5,9999,9,0,998,5,64,1,0,0,995,0,0,0,92376,9,9,2,4,4,2,2,1,1,4,3,1,0,0,3,1,1,2,9,0,1,4,62,99,1,1,4,J,69,0,0,0,0,0,0,0,0,0,0,180,315,0,0,0,1,0,999,999,999,9999999,999,999,999,9,0,95,95,95,95,0,995,9.8,998,998,998,99.8,99.8,99.8,4670.25385525207,11,4
14815,21,91,1-21-2019-091-10,10,3,1HGCR2F5XDA0,17,37,32,2013,4,1,4,0,1,F,1,1521,5,9999,9,5,17,5,56,1,0,0,995,0,0,0,92376,9,9,2,4,4,2,2,1,1,1,1,1,0,0,3,1,1,2,9,0,5,4,62,1,1,1,6,M,98,0,0,0,0,0,0,0,0,0,0,90,255,0,0,0,2,12,999,999,999,9999999,999,999,999,1,0,95,95,95,95,0,995,9.8,998,998,998,99.8,99.8,99.8,4670.25385525207,11,4
14816,24,99,1-24-2019-099-08,8,1,19UUA66266A0,17,54,35,2006,4,1,3,0,1,F,1,1623,5,0,1,4,22,2,80,1,0,0,995,0,0,0,08205,1,1,0,4,4,1,2,1,1,2,1,3,0,0,1,1,0,0,3,1,1,2,13,7,1,4,1,A,1,0,0,0,0,0,0,0,0,0,0,998,998,0,0,7,1,10,999,999,999,9999999,999,999,999,6,0,1,2,0,4,0,998,1.8,999,999,999,3.5,0.4,3.6,224.429176298061,1,4
14817,25,60,1-25-2019-060-09,9,1,5NPEU46F46H0,17,55,33,2006,4,1,3,0,1,F,3,1569,5,9999,9,4,8,2,56,1,8,0,995,0,7,0,04105,1,2,0,4,2,1,2,1,2,4,1,2,0,0,1,8,0,0,3,1,14,2,12,99,1,4,1,B,6,0,0,0,0,0,0,0,0,0,0,998,998,0,1,7,1,12,999,999,999,9999999,999,999,999,8,0,1,1,0,4,0,998,1.0,30,30,999,1.8,0.7,2.0,604.384771197339,2,4
14818,12,56,1-12-2019-056-06,6,1,1G1JC5SH2D41,17,20,28,2013,4,1,1,0,1,F,1,1237,5,0,1,1,7,2,113,1,0,0,995,0,0,3,73458,1,2,1,2,2,1,2,1,1,1,1,3,0,1,2,8,0,0,1,1,1,2,13,2,1,4,1,A,1,0,0,0,0,0,0,0,0,0,0,998,998,0,0,7,1,10,999,999,999,9999999,999,18,24,2,0,2,5,0,4,0,998,3.0,999,999,999,8.2,1.3,8.4,748.295022081355,9,4
14819,76,42,1-76-2019-042-08,8,1,1HGCM56694A1,17,37,32,2004,4,1,3,0,1,F,2,1389,5,0,1,1,80,2,89,1,1,9,998,8,7,9,13849,9,9,2,4,2,1,2,1,1,4,1,2,0,0,1,1,0,0,9,1,6,4,61,99,1,1,4,J,73,0,0,0,0,0,0,0,0,0,0,340,290,0,0,0,1,98,999,999,999,9999999,999,999,999,7,0,1,1,0,8,0,995,1.2,120,25,80,0.0,0.0,0.0,122.310258377162,3,4
14819,76,42,1-76-2019-042-08,8,2,999999999999,99,23,499,1986,39,5,39,0,1,L,9,9999,9,9999,9,0,998,2,89,1,0,9,998,8,7,9,13733,9,9,2,4,2,1,2,1,1,4,1,2,0,0,1,1,0,0,9,0,11,4,60,99,1,1,4,J,72,0,0,0,0,0,0,0,0,0,0,290,340,0,0,0,1,0,999,999,999,9999999,999,999,999,9,0,0,0,0,0,0,995,9.8,998,998,998,99.8,99.8,99.8,122.310258377162,3,4
14822,24,100,1-24-2019-100-03,3,1,1GCVKPEC1JZ2,17,20,481,2018,34,5,31,0,1,F,1,2366,5,0,1,1,19,2,40,1,1,8,997,8,1,3,08203,1,2,2,4,2,1,2,1,1,1,0,2,0,0,1,1,2,2,3,0,1,3,50,1,1,1,2,D,20,0,0,0,0,0,0,0,0,0,0,998,998,0,0,0,5,12,999,999,999,9999999,999,999,999,6,0,0,0,0,4,0,998,4.4,120,11,12,0.0,0.0,0.0,515.47578939872,1,4
14822,24,100,1-24-2019-100-03,3,2,1J4FA49S42P7,17,2,403,2002,14,3,14,0,1,B,9,1388,5,9999,9,0,998,5,40,1,0,0,995,0,0,0,08203,9,9,2,4,2,1,2,1,1,1,0,2,0,0,1,1,2,2,9,0,5,3,53,1,1,1,2,D,21,0,0,0,0,0,0,0,0,0,0,200,200,0,0,0,1,0,999,999,999,9999999,999,999,999,9,0,95,95,95,95,0,995,9.8,998,998,998,99.8,99.8,99.8,515.47578939872,1,4
14824,24,102,1-24-2019-102-04,4,1,1J4FA59S7YP7,17,2,403,2000,14,3,14,0,1,F,3,9999,9,0,1,4,7,2,80,1,0,0,995,0,0,0,08234,1,2,2,4,2,1,2,1,1,4,1,4,0,0,1,1,0,0,3,0,1,3,52,1,1,1,2,D,28,0,0,0,0,0,0,0,0,0,0,270,270,0,0,0,1,5,999,999,999,9999999,999,999,48,4,0,0,0,0,0,0,995,9.8,998,998,998,99.8,99.8,99.8,1447.22846075644,1,4
14824,24,102,1-24-2019-102-04,4,2,2HKRM4H51GH6,17,37,402,2016,14,3,14,0,1,B,1,1586,5,0,1,1,7,2,80,1,0,0,995,0,0,0,08205,3,2,2,4,2,1,2,1,1,4,1,4,0,0,1,1,0,0,1,0,2,3,53,1,1,1,2,D,29,0,0,0,0,0,0,0,0,0,0,270,270,0,0,0,1,5,999,999,999,9999999,999,999,11,2,0,0,0,0,0,0,995,9.8,998,998,998,99.8,99.8,99.8,1447.22846075644,1,4
14824,24,102,1-24-2019-102-04,4,3,3N1AB61E77L6,17,35,43,2007,4,1,3,0,1,B,9,1273,5,9999,9,0,998,5,80,1,0,0,995,0,0,0,17315,9,9,2,4,2,1,2,1,1,4,1,4,0,0,1,1,0,0,9,0,5,3,52,1,1,1,6,M,98,0,0,0,0,0,0,0,0,0,0,255,270,0,0,0,2,0,999,999,999,9999999,999,999,999,9,0,95,95,95,95,0,995,9.8,998,998,998,99.8,99.8,99.8,1447.22846075644,1,4
14826,77,100,1-77-2019-100-02,2,1,JF2SHBCC4CH4,17,48,401,2012,14,3,14,0,1,R,2,1500,5,0,1,1,22,2,72,1,0,0,995,0,0,0,22902,9,9,2,1,4,4,2,1,1,4,1,2,0,0,1,1,1,2,1,0,11,2,15,99,1,1,4,J,68,0,0,0,0,0,0,0,0,0,0,160,40,0,0,0,1,1,27,-14,-23,61460,998,107,25,0,4,0,0,0,0,0,995,9.8,998,998,998,99.8,99.8,99.8,82.9547267506105,9,4
14826,77,100,1-77-2019-100-02,2,2,2HKRW2H95KH6,17,37,402,2019,14,3,14,0,1,F,2,1580,5,0,1,1,22,2,72,1,0,0,995,0,0,0,22974,9,9,2,1,4,3,2,1,1,2,1,1,0,0,1,1,1,2,1,0,1,4,62,3,1,1,4,J,69,0,0,0,0,0,0,0,0,0,0,40,160,0,0,0,1,1,26,-26,0,52061,998,5,29,0,4,3,10,1,3,0,995,9.8,998,998,998,99.8,99.8,99.8,82.9547267506105,9,4
14827,77,101,1-77-2019-101-05,5,1,1N4AL2AP0CN5,17,35,47,2012,4,1,4,0,1,F,1,1437,5,0,1,1,7,2,0,1,0,0,995,0,0,0,22959,9,9,3,4,2,1,4,8,2,4,0,0,0,0,2,1,0,0,3,1,14,2,12,99,2,4,1,B,6,0,0,0,0,0,0,0,0,0,0,998,998,0,0,0,1,10,999,999,999,9999999,999,0,12,2,0,9,97,0,0,0,998,0.0,120,120,999,8.0,3.8,9.0,103.127269087679,9,4
14828,11,91,1-11-2019-091-04,4,1,3N1BC13E97L4,17,35,50,2007,5,1,2,0,1,F,1,1235,5,0,2,1,12,2,97,1,0,0,995,0,0,0,23234,2,2,1,2,4,2,2,1,1,1,3,3,0,0,1,1,0,0,1,0,15,3,52,2,1,2,2,D,28,0,0,0,0,0,0,0,0,0,0,90,85,0,0,0,1,1,13,-13,0,8356,998,7,13,0,1,0,0,0,0,0,995,9.8,998,998,998,99.8,99.8,99.8,1906.60164821305,8,4
14828,11,91,1-11-2019-091-04,4,2,JM3KFADMXJ13,17,41,403,2018,14,3,14,0,1,B,1,1617,8,0,1,1,14,2,97,1,0,0,995,0,0,0,23840,1,2,1,2,4,3,2,1,1,1,3,3,0,0,1,1,0,0,1,0,2,3,53,1,1,1,2,D,29,0,0,0,0,0,0,0,0,0,0,85,90,0,0,0,1,1,10,10,0,6040,998,12,10,0,1,0,0,0,0,0,995,9.8,998,998,998,99.8,99.8,99.8,1906.60164821305,8,4
14829,11,92,1-11-2019-092-04,4,1,1FM5K8D88GGB,17,12,401,2016,14,3,14,0,1,F,1,2146,5,0,1,1,20,2,56,1,0,0,995,0,0,0,23236,1,2,2,1,2,2,2,1,1,1,1,2,0,0,1,1,1,2,9,0,11,2,15,2,1,1,4,J,68,0,0,0,0,0,0,0,0,0,0,160,10,0,0,0,1,3,11,-10,-6,16817,998,-117,11,0,4,0,0,0,0,0,995,9.8,998,998,998,99.8,99.8,99.8,1906.60164821305,8,4
14829,11,92,1-11-2019-092-04,4,2,KMHDH4AE8CU3,17,55,35,2012,4,1,3,0,1,F,1,1265,5,0,1,1,12,2,56,1,0,0,995,0,0,0,23235,1,2,2,1,2,2,2,1,1,1,1,2,0,0,1,1,1,2,1,0,1,4,62,1,1,1,4,J,69,0,0,0,0,0,0,0,0,0,0,10,160,0,0,0,1,3,19,-19,0,19174,998,13,19,0,4,0,0,0,0,0,995,9.8,998,998,998,99.8,99.8,99.8,1906.60164821305,8,4
14830,23,27,1-23-2019-027-03,3,1,1FMCU0GD0JUA,17,12,402,2018,14,3,14,0,1,F,2,1611,5,0,2,1,8,2,89,1,0,0,995,0,0,0,44903,2,2,2,4,2,1,2,1,1,1,1,2,0,0,1,1,2,2,1,0,11,2,15,2,1,1,4,K,82,0,0,0,0,0,0,0,0,0,0,260,35,0,0,0,1,1,36,-31,18,108407,998,56,37,0,4,0,0,0,5,0,995,9.8,998,998,998,99.8,99.8,99.8,1072.78905964274,5,4
14830,23,27,1-23-2019-027-03,3,2,1GC1KXCG1DF2,17,20,481,2013,34,5,31,0,1,F,1,2918,5,113,2,1,6,2,89,1,0,0,995,0,0,0,44906,1,2,2,4,2,1,2,1,3,1,1,2,0,0,1,1,0,0,1,0,14,4,67,3,1,1,4,K,83,0,0,0,0,0,0,0,0,0,0,35,260,0,0,0,1,1,20,-19,-7,42590,998,-35,18,0,4,0,0,0,0,0,995,9.8,998,998,998,99.8,99.8,99.8,1072.78905964274,5,4
14831,48,51,1-48-2019-051-04,4,1,2C4RDGBG6ER2,17,7,442,2014,20,4,20,0,1,F,1,2050,5,0,1,1,11,2,89,1,0,0,995,0,0,0,84302,9,2,2,4,7,3,2,1,1,4,3,1,0,0,1,1,1,2,9,0,1,3,50,2,1,1,2,D,20,0,0,0,0,0,0,0,0,0,0,270,270,0,0,0,1,3,21,-21,0,45592,998,0,23,0,4,99,99,0,0,0,995,9.8,998,998,998,99.8,99.8,99.8,239.836512563624,12,4
14831,48,51,1-48-2019-051-04,4,2,5N1AR2MM4FC6,17,35,401,2015,14,3,14,0,1,B,1,2005,5,0,2,1,12,2,89,1,0,0,995,0,0,0,84302,1,2,2,4,7,3,2,1,1,4,3,1,0,0,1,1,1,2,1,0,5,3,53,1,1,1,2,D,21,0,0,0,0,0,0,0,0,0,0,270,270,0,0,0,1,3,22,22,0,35810,998,25,20,0,4,0,0,0,0,0,995,9.8,998,998,998,99.8,99.8,99.8,239.836512563624,12,4
14832,48,52,1-48-2019-052-07,7,1,4T1BE32K15U5,17,49,40,2005,4,1,3,0,1,L,1,1455,5,9999,9,0,998,5,40,1,0,0,995,0,0,0,84302,9,9,2,4,2,1,2,1,1,1,1,0,0,0,1,1,2,2,9,0,1,2,17,99,1,1,5,L,89,0,0,0,0,0,0,0,0,0,0,170,260,0,0,0,1,3,16,-3,16,20900,998,-39,19,0,4,95,95,95,95,0,995,9.8,998,998,998,99.8,99.8,99.8,339.522742636713,12,4
14832,48,52,1-48-2019-052-07,7,2,JF1GJAA69DG0,17,48,38,2013,4,1,2,0,1,F,1,1455,5,0,1,1,3,2,64,1,0,0,995,0,0,0,84302,1,9,2,1,5,1,2,1,1,1,1,3,0,0,1,1,0,0,9,0,1,4,66,99,1,1,5,L,88,0,0,0,0,0,0,0,0,0,0,260,170,0,0,0,1,3,15,-15,-3,9009,998,-35,12,0,4,0,0,0,0,0,995,9.8,998,998,998,99.8,99.8,99.8,339.522742636713,12,4