CASEID,PSU,CASENO,CASENUMBER,CATEGORY,VEHNO,VIN,VINLENGTH,MAKE,MODEL,MODELYR,BODYTYPE,BODYCAT,VEHCLASS,SPECUSE,TRANSTAT,DAMPLANE,DAMSEV,CURBWT,CURBSRC,CARGOWT,CARGOSRC,INSPTYPE,INSPLAG,TOWED,SPEEDLIMIT,DRPRESENT,PARALCOHOL,ALCTEST,ALCTESTRESULT,ALCTESTSRC,PARDRUG,DRUGTEST,ZIP,RACE,ETHNICITY,RELTOJUNCT,TRAFFLOW,RDLANES,INITLANE,SURFTYPE,SURFCOND,ALIGNMENT,PROFILE,LINERIGHT,LINELEFT,RUMBINIT,RUMBROAD,LIGHTCOND,WEATHER,TRAFDEV,TRAFFUNCT,DISTRACT,PREFHE,PREMOVE,CRITCAT,CRITEVENT,MANEUVER,PRESTAB,PRELOC,CRASHCAT,CRASHCONF,CRASHTYPE,ROLLTYPE,ROLLTURN,ROLLINTRPT,ROLLPREMAN,ROLLINITYP,ROLLINLOC,ROLLOBJ,ROLLTRIP,ROLLDIR,ROLLDIST,DVANGTHIS,DVANGOTH,TOWHITCH,TRAJDOC,TREEPOLE,DVEVENT,DVBASIS,DVTOTAL,DVLONG,DVLAT,DVENERGY,DVSPEED,DVMOMENT,DVBES,DVEST,DVCONF,VAIS,VISS,VINJURED,VTREAT,INITOBJCLASS,HEADANGLECAT,SHLDRWIDTH,STRKLENGTH,STRKWIDTH,STRKHEIGHT,EDGEDISTX,EDGEDISTY,EDGEDISTZ,CASEWGT,PSUSTRAT,VERSION
15014,17,111,1-17-2019-111-08,8,2,1J4FY49SXRP4,17,2,403,1994,14,3,14,0,1,F,1,1399,8,0,1,2,4,5,48,1,9,0,995,0,9,0,61265,9,9,2,4,2,1,1,2,1,4,0,2,0,0,1,2,0,0,9,0,1,4,65,99,1,1,4,K,79,0,0,0,0,0,0,0,0,0,0,50,0,0,0,0,1,5,999,999,999,9999999,999,999,16,2,0,95,95,95,95,0,995,9.8,998,998,998,99.8,99.8,99.8,167.644525127186,4,4
15015,17,112,1-17-2019-112-08,8,1,5FNRL38465B4,17,37,441,2005,20,4,20,0,1,F,2,2033,5,0,1,1,5,2,48,1,9,0,995,0,7,0,61244,7,2,2,4,4,3,2,1,1,1,1,2,0,0,5,1,1,2,2,0,11,2,15,99,1,1,4,J,68,0,0,0,0,0,0,0,0,0,0,90,290,0,0,0,1,5,999,999,999,9999999,999,999,27,3,0,1,1,0,4,0,995,9.8,998,998,998,99.8,99.8,99.8,167.644525127186,4,4
15015,17,112,1-17-2019-112-08,8,2,3GCEK13338G1,17,20,481,2008,34,5,31,0,1,F,2,2424,5,68,1,1,5,2,48,1,9,0,995,0,7,0,61244,1,1,2,4,3,1,2,1,1,1,0,1,0,0,5,1,1,2,9,0,1,4,62,2,1,1,4,J,69,0,0,0,0,0,0,0,0,0,0,290,90,0,0,0,1,5,999,999,999,9999999,999,999,26,3,0,1,2,0,6,0,995,9.8,998,998,998,99.8,99.8,99.8,167.644525127186,4,4
15016,29,105,1-29-2019-105-04,4,1,19UUB3F55HA0,17,54,44,2017,4,1,4,0,1,L,1,1700,5,0,1,3,12,2,72,1,0,0,995,0,0,0,02766,1,2,0,1,2,1,2,1,1,1,1,3,0,0,1,1,0,0,1,1,15,2,10,1,1,2,2,F,47,0,0,0,0,0,0,0,0,0,0,265,260,0,0,0,1,3,10,6,7,9168,998,60,11,0,4,0,0,0,0,0,995,9.8,998,998,998,99.8,99.8,99.8,149.573843525312,2,4
15016,29,105,1-29-2019-105-04,4,2,2C4RC1BG7DR5,17,6,441,2013,20,4,20,0,1,R,1,2115,5,0,2,4,14,2,72,1,0,0,995,0,0,0,02703,1,2,0,1,2,2,2,1,1,1,3,2,0,0,1,1,0,0,1,0,1,4,61,3,1,1,2,F,45,0,0,0,0,0,0,0,0,0,0,260,265,0,0,0,1,3,8,-4,-7,4182,998,66,6,0,4,1,1,0,4,0,995,9.8,998,998,998,99.8,99.8,99.8,149.573843525312,2,4
15017,29,106,1-29-2019-106-03,3,1,3CZRU6H57JM7,17,37,404,2018,14,3,14,0,1,L,1,1389,5,0,1,1,10,2,48,1,0,0,995,0,0,0,02780,1,2,2,4,2,1,2,1,1,1,0,0,0,0,1,1,2,2,2,0,10,2,16,4,1,1,4,K,78,0,0,0,0,0,0,0,0,0,0,80,175,0,0,0,1,1,22,-11,19,25349,998,75,18,0,4,2,5,0,4,0,995,9.8,998,998,998,99.8,99.8,99.8,86.9350870700838,2,4
15017,29,106,1-29-2019-106-03,3,2,1GCDS1367581,17,20,473,2005,34,5,30,0,1,F,1,1702,5,0,1,1,10,2,48,1,0,0,995,0,0,0,02719,9,9,2,4,2,1,2,1,1,1,0,2,0,0,1,1,0,0,9,0,1,4,65,1,1,1,4,K,79,0,0,0,0,0,0,0,0,0,0,175,80,0,0,0,1,1,17,-16,-6,32076,998,-40,21,0,4,99,99,0,4,0,995,9.8,998,998,998,99.8,99.8,99.8,86.9350870700838,2,4
15019,15,65,1-15-2019-065-04,4,1,3N1AB7AP1KY3,17,35,43,2019,4,1,3,0,1,L,2,1315,5,0,2,4,10,2,48,1,8,9,998,8,7,9,07205,1,2,0,4,2,1,2,1,1,1,2,2,0,0,1,1,0,0,3,1,1,2,10,1,1,2,3,I,64,0,0,0,0,0,0,0,0,0,0,250,60,0,0,0,1,12,999,999,999,9999999,999,999,999,7,0,0,0,0,0,0,995,9.8,998,998,998,99.8,99.8,99.8,1279.03158079666,1,4
15019,15,65,1-15-2019-065-04,4,2,JN1EV7AR2JM6,17,58,41,2018,4,1,4,0,1,L,9,1762,5,9999,9,0,998,5,48,1,8,9,998,8,7,9,11753,9,9,0,4,2,1,2,1,1,1,2,2,0,0,1,1,0,0,9,0,1,4,62,99,1,1,3,I,65,0,0,0,0,0,0,0,0,0,0,60,250,0,0,0,1,0,999,999,999,9999999,999,999,999,9,0,95,95,95,95,0,995,9.8,998,998,998,99.8,99.8,99.8,1279.03158079666,1,4
15020,31,61,1-31-2019-061-10,10,1,1D7FL16K84S6,17,7,472,2004,34,5,30,0,1,L,2,1652,5,0,2,1,5,2,89,1,0,0,995,0,0,0,62869,1,2,0,4,2,1,2,1,1,1,1,4,0,0,1,1,0,0,3,1,1,2,13,4,4,4,1,B,7,1,3,1,2,1,4,61,1,1,15,998,998,0,0,1,2,7,999,999,999,9999999,999,999,999,7,0,1,1,0,0,3,998,0.9,34,35,120,18.8,9.0,20.8,301.212188506147,6,4
15021,33,82,1-33-2019-082-05,5,1,3GCPCSEA0CG2,17,20,481,2012,34,5,31,0,1,F,1,2338,5,9999,9,1,23,2,56,1,0,0,995,0,0,0,95926,2,2,3,4,3,2,2,1,1,1,1,1,0,0,1,1,0,0,9,0,11,2,15,1,1,1,4,K,82,0,0,0,0,0,0,0,0,0,0,130,270,0,0,0,1,1,23,-20,12,21034,998,79,14,0,4,0,0,0,0,0,995,9.8,998,998,998,99.8,99.8,99.8,32.0833082908186,12,4
15021,33,82,1-33-2019-082-05,5,2,1FADP3K23DL3,17,12,37,2013,5,1,3,0,1,F,2,1327,5,0,1,1,8,2,56,1,0,0,995,0,0,0,95966,1,2,3,5,5,3,2,1,1,1,4,4,0,0,1,1,0,0,1,0,1,4,72,3,1,1,4,K,83,0,0,0,0,0,0,0,0,0,0,270,130,0,0,0,1,1,39,-39,-7,130035,998,-31,47,0,4,2,6,0,3,0,995,9.8,998,998,998,99.8,99.8,99.8,32.0833082908186,12,4
15021,33,82,1-33-2019-082-05,5,3,1J4HR48N86C2,17,2,404,2006,14,3,14,0,1,L,1,2014,5,9999,9,4,7,5,56,1,0,0,995,0,0,0,95966,9,9,3,5,5,2,2,1,1,1,3,2,0,0,1,1,0,0,9,0,1,4,62,99,1,1,6,M,98,0,0,0,0,0,0,0,0,0,0,270,110,0,0,0,2,12,999,999,999,9999999,999,999,999,6,0,95,95,95,95,0,995,9.8,998,998,998,99.8,99.8,99.8,32.0833082908186,12,4
15022,33,83,1-33-2019-083-06,6,1,1G11B5SA2DF2,17,20,37,2013,4,1,3,0,1,L,1,1539,5,0,1,1,27,2,56,1,0,0,995,0,0,0,95457,1,2,2,3,2,1,2,1,1,1,1,3,0,0,1,1,0,0,9,1,11,2,15,1,1,2,4,J,72,0,0,0,0,0,0,0,0,0,0,15,45,0,0,0,1,1,15,10,12,17595,998,-49,15,0,4,1,1,0,99,0,995,9.8,998,998,998,99.8,99.8,99.8,387.641774593069,12,4
15022,33,83,1-33-2019-083-06,6,2,1FMYU931X6KC,17,12,402,2006,14,3,14,0,1,F,1,1496,5,0,1,1,28,2,56,1,0,0,995,0,0,0,95926,1,2,2,3,2,2,2,1,1,1,3,2,0,0,1,1,0,0,1,0,1,4,61,2,1,1,4,J,73,0,0,0,0,0,0,0,0,0,0,45,15,0,0,0,1,1,17,-16,-6,20982,998,-57,17,0,4,1,1,0,6,0,995,9.8,998,998,998,99.8,99.8,99.8,387.641774593069,12,4
15023,18,53,1-18-2019-053-02,2,1,1GKEK13R2VJ7,17,23,421,1997,15,3,15,0,1,F,1,2396,5,50,1,1,35,2,72,1,0,0,995,0,0,0,54701,1,2,2,1,4,4,1,1,1,1,3,0,0,0,1,1,1,2,1,0,1,2,17,1,1,1,4,J,69,0,0,0,0,0,0,0,0,0,0,90,235,0,0,0,1,1,18,-18,3,107922,998,-10,33,0,1,1,1,0,6,0,995,9.8,998,998,998,99.8,99.8,99.8,51.7326288947617,6,4
15023,18,53,1-18-2019-053-02,2,2,ML32A4HJ2FH0,17,52,48,2015,5,1,1,0,1,R,3,895,5,0,1,1,7,2,72,1,0,1,0,2,0,1,54751,1,2,2,1,6,6,1,1,1,1,1,0,0,0,1,1,0,0,1,0,11,4,63,1,1,1,4,J,68,0,0,0,0,0,0,0,0,0,0,235,90,0,0,0,1,1,49,-42,-24,15443,998,23,20,0,1,2,5,0,3,0,995,0.0,25,25,999,1.6,0.2,1.7,51.7326288947617,6,4
15025,29,108,1-29-2019-108-07,7,1,KMHDU4AD2AU9,17,55,35,2010,4,1,3,0,1,L,1,1246,5,0,1,1,6,2,56,1,0,0,995,0,0,0,02860,1,2,2,4,2,1,2,1,1,1,1,2,0,0,1,8,2,2,9,0,11,2,15,99,1,1,4,K,82,0,0,0,0,0,0,0,0,0,0,165,250,0,0,0,1,1,11,-2,11,7965,998,129,9,0,4,0,0,0,0,0,995,9.8,998,998,998,99.8,99.8,99.8,240.412177170141,2,4
15025,29,108,1-29-2019-108-07,7,2,JHMFB4F34CS0,17,37,31,2012,4,1,3,0,1,F,1,1305,5,0,1,2,25,5,56,1,0,0,995,0,0,0,02769,9,9,2,4,2,1,2,1,1,1,1,2,0,0,1,8,0,0,1,0,1,4,67,3,1,1,4,K,83,0,0,0,0,0,0,0,0,0,0,250,165,0,0,0,1,1,11,-11,-4,10897,998,-31,14,0,1,95,95,95,95,0,995,9.8,998,998,998,99.8,99.8,99.8,240.412177170141,2,4
15026,21,98,1-21-2019-098-01,1,1,1FMPU16505LA,17,12,422,2005,15,3,15,0,1,T,2,2524,5,9999,9,1,52,2,113,1,9,9,998,8,9,9,92672,1,9,0,1,2,1,2,1,1,9,1,3,2,3,1,1,0,0,9,1,1,3,51,7,1,2,2,D,24,1,9,2,5,1,1,61,1,2,72,997,997,0,0,0,2,6,999,999,999,9999999,999,999,999,7,0,1,1,0,1,3,997,9.8,998,998,998,99.8,99.8,99.8,83.670336723039,11,4
15026,21,98,1-21-2019-098-01,1,2,4V4NC9EH9KN1,17,51,881,2019,66,8,68,0,1,B,9,,,,,,,5,89,1,0,0,995,0,0,0,79932,9,9,0,1,2,1,2,1,1,9,1,3,2,3,1,1,0,0,9,0,1,3,53,1,1,1,2,D,25,,,,,,,,,,,,,,,,,,,,,,,,,,,95,95,95,95,,,9.8,998,998,998,99.8,99.8,99.8,83.670336723039,11,4
15028,13,72,1-13-2019-072-09,9,1,1FAFP42X1WF1,17,12,3,1998,2,1,2,0,1,F,1,1490,5,0,1,1,3,2,72,1,0,0,995,0,0,0,75050,2,2,2,1,6,2,1,1,1,1,1,1,0,0,3,1,1,2,9,0,1,2,17,3,1,1,5,L,88,0,0,0,0,0,0,0,0,0,0,260,200,0,0,0,1,1,14,-2,-14,29967,998,-221,12,0,4,1,3,0,4,0,995,9.8,998,998,998,99.8,99.8,99.8,3957.36696324458,7,4
15028,13,72,1-13-2019-072-09,9,2,WVWBA71F48V0,17,30,51,2008,1,1,2,0,1,B,1,1590,5,0,1,1,10,2,72,1,0,0,995,0,0,0,75050,1,2,2,3,4,3,2,1,1,2,3,1,0,0,3,1,1,2,1,0,1,4,66,1,1,1,5,L,89,0,0,0,0,0,0,0,0,0,0,998,998,0,1,1,2,1,17,17,0,22509,998,-43,17,0,1,2,5,0,3,0,998,0.0,37,37,-120,7.0,3.0,7.7,3957.36696324458,7,4
15029,30,84,1-30-2019-084-04,4,1,1FTEX1EP8GKE,17,12,481,2016,34,5,31,0,1,R,9,2081,5,0,1,3,17,2,64,1,0,0,995,0,0,0,85050,1,2,2,1,5,5,2,1,1,1,1,0,0,0,3,1,0,0,1,0,11,2,15,1,1,1,4,J,68,0,0,0,0,0,0,0,0,0,0,300,180,0,0,0,1,12,999,999,999,9999999,999,999,999,9,0,0,0,0,0,0,995,9.8,998,998,998,99.8,99.8,99.8,2996.05272917211,10,4
15029,30,84,1-30-2019-084-04,4,2,1N4AL11D86N3,17,35,47,2006,4,1,4,0,1,F,9,1378,5,9999,9,0,998,2,64,1,0,0,995,0,0,0,85032,9,9,1,1,3,2,2,1,1,1,3,3,0,0,3,1,0,0,9,0,1,4,62,99,1,1,4,J,69,0,0,0,0,0,0,0,0,0,0,180,300,0,0,0,1,0,999,999,999,9999999,999,999,999,9,0,0,0,0,0,0,995,9.8,998,998,998,99.8,99.8,99.8,2996.05272917211,10,4
15030,30,85,1-30-2019-085-04,4,1,999999999999,99,7,499,9999,39,5,39,0,1,F,9,9999,9,9999,9,0,998,5,64,1,9,0,995,0,9,0,99999,9,9,3,4,2,1,2,1,1,1,0,0,0,0,1,1,0,0,9,0,11,2,15,99,1,1,4,K,82,0,0,0,0,0,0,0,0,0,0,130,270,0,0,0,1,0,999,999,999,9999999,999,999,999,9,0,95,95,95,95,0,995,9.8,998,998,998,99.8,99.8,99.8,2996.05272867926,10,4
15030,30,85,1-30-2019-085-04,4,2,5N1DR2MNXHC6,17,35,401,2017,14,3,14,0,1,R,1,1939,5,0,1,1,8,2,64,1,0,0,995,0,0,0,85303,1,1,3,5,6,3,2,1,1,1,3,2,0,0,1,1,0,0,1,0,1,4,72,3,1,1,4,K,83,0,0,0,0,0,0,0,0,0,0,270,130,0,0,0,1,5,999,999,999,9999999,999,999,10,2,0,1,1,0,6,0,995,9.8,998,998,998,99.8,99.8,99.8,2996.05272867926,10,4
15032,13,73,1-13-2019-073-03,3,1,WMWSV3C5XDT4,17,69,54,2013,3,1,1,0,1,F,2,1210,5,0,1,1,31,2,105,1,0,0,995,0,0,0,76107,1,2,0,2,4,3,1,1,3,9,3,3,0,0,1,1,0,0,1,0,14,3,51,4,1,1,2,D,24,0,0,0,0,0,0,0,0,0,0,120,110,0,0,0,1,1,37,-36,-6,32386,998,5,26,0,4,0,0,0,0,0,995,9.8,998,998,998,99.8,99.8,99.8,1041.61499401183,7,4
15032,13,73,1-13-2019-073-03,3,2,2GNALCEK9G62,17,20,404,2016,14,3,14,0,1,B,1,1706,5,0,1,1,32,2,105,1,0,0,995,0,0,0,75078,1,2,0,2,4,3,1,1,3,9,3,3,0,0,1,1,0,0,1,0,14,3,53,1,1,1,2,D,25,0,0,0,0,0,0,0,0,0,0,110,120,0,0,0,1,1,24,23,8,83688,998,-44,32,0,4,1,3,0,4,0,995,9.8,998,998,998,99.8,99.8,99.8,1041.61499401183,7,4
15033,20,41,1-20-2019-041-03,3,1,999999999999,99,54,35,2007,4,1,3,0,1,F,9,9999,9,9999,9,0,998,2,105,1,1,8,997,8,0,0,93955,9,1,1,3,1,1,2,1,2,9,1,1,0,0,1,1,0,0,9,1,16,3,51,99,1,1,2,D,24,0,0,0,0,0,0,0,0,0,0,999,999,0,0,0,99,0,999,999,999,9999999,999,999,999,9,0,1,1,0,4,0,999,1.5,999,999,999,0.0,0.0,0.0,925.177563617125,11,4
15033,20,41,1-20-2019-041-03,3,2,4S4BSANC7H32,17,48,45,2017,6,1,3,0,1,F,1,1614,5,0,2,1,19,2,105,1,0,0,995,0,0,0,95129,3,2,1,2,3,2,1,1,1,9,1,3,0,1,1,1,0,0,1,1,15,3,53,1,1,1,2,D,25,0,0,0,0,0,0,0,0,0,0,998,998,0,0,0,3,1,24,-22,8,42283,998,6,24,0,4,0,0,0,0,0,998,1.5,999,999,999,0.0,0.0,0.0,925.177563617125,11,4
15045,77,108,1-77-2019-108-02,2,1,5TDDK3DCXFS0,17,49,442,2015,20,4,20,0,1,F,1,2045,5,0,1,1,12,2,72,1,9,0,995,0,0,0,22942,9,9,0,1,3,3,2,1,1,1,3,2,0,0,1,1,0,0,3,0,1,3,50,3,1,1,2,D,20,0,0,0,0,0,0,0,0,0,0,120,125,0,0,0,1,3,21,-21,-4,43251,998,-39,22,0,4,1,3,0,4,0,995,9.8,998,998,998,99.8,99.8,99.8,82.9547267506105,9,4
15045,77,108,1-77-2019-108-02,2,2,1FM5K8D80EGB,17,12,401,2014,14,3,14,0,1,B,1,2146,5,9999,9,0,998,5,72,1,9,0,995,0,0,0,22936,9,9,0,1,3,3,2,1,1,1,3,2,0,0,1,1,0,0,1,0,5,3,53,1,1,1,2,D,21,0,0,0,0,0,0,0,0,0,0,125,120,0,0,0,1,3,21,20,4,33971,998,-47,19,0,4,95,95,95,95,0,995,9.8,998,998,998,99.8,99.8,99.8,82.9547267506105,9,4
15048,12,62,1-12-2019-062-04,4,1,4T3ZK11A39U0,17,49,53,2009,5,1,4,0,1,F,1,1705,5,0,1,3,8,5,64,1,0,0,995,0,0,0,73401,9,9,2,1,2,1,1,1,1,1,0,2,0,0,1,1,1,2,1,0,1,2,17,2,1,1,4,J,69,0,0,0,0,0,0,0,0,0,0,0,110,0,0,0,1,1,7,-3,6,10129,998,205,7,0,4,95,95,95,95,0,995,9.8,998,998,998,99.8,99.8,99.8,383.24459678973,9,4
15048,12,62,1-12-2019-062-04,4,2,2C3CDXHG7HH5,17,7,24,2017,4,1,5,0,1,R,1,1785,5,0,1,1,7,2,56,1,0,0,995,0,0,0,73401,5,2,2,1,3,3,2,1,1,1,1,2,0,0,1,1,1,2,1,0,11,4,63,1,1,1,4,J,68,0,0,0,0,0,0,0,0,0,0,110,0,0,0,0,1,1,6,-6,-1,3280,998,108,5,0,4,1,1,0,6,0,995,9.8,998,998,998,99.8,99.8,99.8,383.24459678973,9,4
15049,24,110,1-24-2019-110-03,3,1,5NPE24AF4JH7,17,55,33,2018,4,1,4,0,1,R,1,1475,5,0,1,1,9,2,64,1,0,0,995,0,0,0,08037,1,9,3,4,4,2,2,1,1,1,3,2,0,0,1,1,0,0,2,0,11,2,15,1,1,1,4,J,68,0,0,0,0,0,0,0,0,0,0,240,140,0,0,0,1,1,10,-5,-8,12432,998,217,8,0,1,0,0,0,0,0,995,9.8,998,998,998,99.8,99.8,99.8,544.045600177591,1,4
15049,24,110,1-24-2019-110-03,3,2,2T1BURHEXGC6,17,49,32,2016,4,1,3,0,1,F,1,1265,5,0,1,1,10,2,64,1,0,0,995,0,0,0,08205,1,1,3,4,4,1,2,1,1,1,1,3,0,0,1,1,0,0,1,0,1,4,62,3,1,1,4,J,69,0,0,0,0,0,0,0,0,0,0,140,240,0,0,0,1,1,12,-11,4,16967,998,90,15,0,1,1,1,0,0,0,995,9.8,998,998,998,99.8,99.8,99.8,544.045600177591,1,4
15050,24,111,1-24-2019-111-03,3,1,5N1AT2MV9FC7,17,35,51,2015,6,1,3,0,1,F,2,1610,5,0,1,1,8,2,80,1,0,0,995,0,0,0,08061,1,2,1,4,4,2,2,1,1,1,3,2,0,0,3,1,0,0,1,0,11,2,15,4,1,2,4,J,68,0,0,0,0,0,0,0,0,0,0,310,130,0,0,0,1,12,999,999,999,9999999,999,999,999,7,0,1,1,0,4,0,995,9.8,998,998,998,99.8,99.8,99.8,544.045600177591,1,4
15050,24,111,1-24-2019-111-03,3,2,1J4FA49S85P3,17,2,403,2005,14,3,14,0,1,R,1,1565,5,0,1,1,7,2,80,1,0,0,995,0,0,0,08053,1,2,1,4,4,2,2,1,1,1,3,2,0,0,3,1,0,0,1,0,1,4,62,4,1,1,4,J,69,1,3,2,2,1,4,63,1,2,999,997,997,0,0,0,3,6,999,999,999,9999999,999,999,999,6,0,2,4,0,4,3,997,1.4,120,13,15,0.0,0.0,0.0,544.045600177591,1,4
15051,24,112,1-24-2019-112-03,3,1,3N1AB7AP2JY3,17,35,43,2018,4,1,3,0,1,L,2,1300,5,0,1,1,31,2,80,1,0,0,995,0,0,0,08232,2,2,2,3,3,2,2,1,3,1,1,3,0,0,3,1,1,2,9,0,14,4,66,4,1,1,5,L,89,0,0,0,0,0,0,0,0,0,0,40,110,0,0,0,1,12,999,999,999,9999999,999,999,25,3,0,0,0,0,5,0,995,9.8,998,998,998,99.8,99.8,99.8,544.045600225951,1,4
15051,24,112,1-24-2019-112-03,3,2,1FTZR15EX9PA,17,12,471,2009,34,5,30,0,1,F,9,1392,5,9999,9,0,998,2,80,1,0,0,995,0,0,0,07746,1,2,2,4,4,2,2,1,1,1,1,3,0,0,3,1,1,2,9,0,1,2,17,99,1,1,5,L,88,0,0,0,0,0,0,0,0,0,0,110,40,0,0,0,1,0,999,999,999,9999999,999,999,999,9,0,0,0,0,5,0,995,9.8,998,998,998,99.8,99.8,99.8,544.045600225951,1,4
15052,11,97,1-11-2019-097-05,5,1,5FNYF285X8B0,17,37,421,2008,15,3,15,0,1,F,1,2021,5,0,1,1,11,2,72,1,0,0,995,0,0,0,23114,1,2,2,1,4,4,2,1,1,1,1,2,0,0,1,1,1,2,1,0,11,2,15,99,1,1,4,J,68,0,0,0,0,0,0,0,0,0,0,320,180,0,0,0,1,1,13,-12,4,11491,998,32,12,0,1,0,0,0,0,0,995,9.8,998,998,998,99.8,99.8,99.8,344.85288708847,8,4
15052,11,97,1-11-2019-097-05,5,2,JTHBB1BA7A20,17,59,37,2010,4,1,3,0,1,L,1,1670,5,0,1,1,12,2,72,1,0,0,995,0,0,0,23114,9,9,2,1,3,2,2,1,1,1,1,1,0,0,1,1,1,2,1,0,1,4,62,99,1,1,4,J,69,0,0,0,0,0,0,0,0,0,0,180,320,0,0,0,1,1,15,-7,13,22617,998,-88,16,0,1,9,97,0,8,0,995,9.8,998,998,998,99.8,99.8,99.8,344.85288708847,8,4
15053,11,98,1-11-2019-098-04,4,1,1N4AL3AP7FC2,17,35,47,2015,4,1,4,0,1,F,1,1416,5,0,1,1,11,2,56,1,0,0,995,0,0,0,23838,1,2,2,4,2,1,2,1,1,1,1,2,0,0,1,1,0,0,1,0,1,3,52,4,1,1,2,D,28,0,0,0,0,0,0,0,0,0,0,100,95,0,0,0,1,1,20,-20,0,24034,998,-2,21,0,4,0,0,0,0,0,995,9.8,998,998,998,99.8,99.8,99.8,9592.25349580914,8,4
15053,11,98,1-11-2019-098-04,4,2,2HKRM4H40GH6,17,37,402,2016,14,3,14,0,1,B,1,1586,5,0,1,2,18,5,56,1,0,0,995,0,0,0,23236,9,9,2,4,2,1,2,1,1,1,1,2,0,0,1,1,0,0,1,0,2,3,53,1,1,1,2,D,30,0,0,0,0,0,0,0,0,0,0,95,100,0,0,0,1,1,19,19,0,21849,998,-7,19,0,4,95,95,95,95,0,995,9.8,998,998,998,99.8,99.8,99.8,9592.25349580914,8,4
15054,73,62,1-73-2019-062-07,7,1,1N4AL2AP4AN4,17,35,47,2010,4,1,4,0,1,F,2,1437,5,0,1,1,7,2,40,1,8,0,995,0,7,0,04958,9,9,0,4,2,1,2,1,1,1,0,0,0,0,2,1,0,0,1,0,1,3,50,99,1,1,2,D,20,0,0,0,0,0,0,0,0,0,0,140,140,0,0,0,1,3,30,-30,0,23035,998,-3,20,0,4,99,99,0,99,0,995,9.8,998,998,998,99.8,99.8,99.8,134.841536463436,3,4
15054,73,62,1-73-2019-062-07,7,2,JN8AZ08W63W2,17,35,49,2003,6,1,4,0,1,B,2,1803,5,9999,9,0,998,5,40,1,8,0,995,0,7,0,04911,9,9,0,4,2,1,2,1,1,1,0,0,0,0,2,1,0,0,1,0,5,3,53,99,1,1,2,D,21,0,0,0,0,0,0,0,0,0,0,140,140,0,0,0,1,3,25,25,0,72150,998,0,32,0,4,95,95,95,95,0,995,9.8,998,998,998,99.8,99.8,99.8,134.841536463436,3,4
15056,48,56,1-48-2019-056-02,2,1,1VWBT7A3XHC0,17,30,46,2017,4,1,4,0,1,T,3,1439,5,0,2,1,11,2,129,1,0,1,0,2,0,1,84044,1,2,1,2,3,3,1,2,1,1,3,2,1,3,1,2,0,0,3,1,1,1,6,5,4,4,1,A,2,1,6,2,6,1,4,61,1,1,21,997,997,0,0,0,2,6,999,999,999,9999999,999,999,999,8,0,4,24,2,3,3,997,9.8,998,998,998,99.8,99.8,99.8,86.392313161258,12,4
15057,52,59,1-52-2019-059-03,3,1,1D4HB58D45F5,17,7,422,2005,15,3,15,0,1,F,1,2304,5,0,1,2,9,5,40,1,0,0,995,0,0,0,59101,9,9,2,4,2,1,2,1,1,1,0,2,0,0,1,1,5,2,9,0,11,2,15,99,1,1,4,K,82,0,0,0,0,0,0,0,0,0,0,270,340,0,0,0,1,3,14,-12,7,13042,998,102,10,0,4,95,95,95,95,0,995,9.8,998,998,998,99.8,99.8,99.8,204.965355087396,12,4
15057,52,59,1-52-2019-059-03,3,2,2FMPK4J84JBB,17,12,24,2018,6,1,4,0,1,R,1,1841,5,0,1,3,7,2,40,1,0,0,995,0,0,0,59102,1,2,3,4,5,3,2,1,1,1,3,2,0,0,1,1,0,0,1,0,1,4,72,10,1,1,4,K,83,0,0,0,0,0,0,0,0,0,0,340,270,0,0,0,1,3,17,-3,-17,36776,998,39,21,0,4,0,0,0,6,0,995,9.8,998,998,998,99.8,99.8,99.8,204.965355087396,12,4
15058,14,51,1-14-2019-051-02,2,1,5PVNJ8JV9L4S,17,98,999,2020,99,10,99,99,1,F,9,,,,,,,3,97,1,0,0,995,0,0,0,78221,9,9,2,4,3,2,2,1,1,2,3,2,0,0,1,1,0,0,3,0,1,3,50,1,1,1,2,D,20,,,,,,,,,,,,,,,,,,,,,,,,,,,95,95,95,95,,,9.8,998,998,998,99.8,99.8,99.8,179.839669047239,8,4
15058,14,51,1-14-2019-051-02,2,2,JF2GTAEC9KH2,17,48,403,2019,14,3,14,0,1,B,3,1455,5,0,2,1,16,2,97,1,0,0,995,0,0,1,78130,1,1,2,4,3,2,2,1,1,2,3,2,0,0,1,1,0,0,1,0,5,3,53,1,1,1,2,D,22,0,0,0,0,0,0,0,0,0,0,285,285,0,0,0,1,5,999,999,999,9999999,999,999,97,5,0,3,19,1,3,0,995,9.8,998,998,998,99.8,99.8,99.8,179.839669047239,8,4