CASEID,PSU,CASENO,CASENUMBER,CATEGORY,VEHNO,VIN,VINLENGTH,MAKE,MODEL,MODELYR,BODYTYPE,BODYCAT,VEHCLASS,SPECUSE,TRANSTAT,DAMPLANE,DAMSEV,CURBWT,CURBSRC,CARGOWT,CARGOSRC,INSPTYPE,INSPLAG,TOWED,SPEEDLIMIT,DRPRESENT,PARALCOHOL,ALCTEST,ALCTESTRESULT,ALCTESTSRC,PARDRUG,DRUGTEST,ZIP,RACE,ETHNICITY,RELTOJUNCT,TRAFFLOW,RDLANES,INITLANE,SURFTYPE,SURFCOND,ALIGNMENT,PROFILE,LINERIGHT,LINELEFT,RUMBINIT,RUMBROAD,LIGHTCOND,WEATHER,TRAFDEV,TRAFFUNCT,DISTRACT,PREFHE,PREMOVE,CRITCAT,CRITEVENT,MANEUVER,PRESTAB,PRELOC,CRASHCAT,CRASHCONF,CRASHTYPE,ROLLTYPE,ROLLTURN,ROLLINTRPT,ROLLPREMAN,ROLLINITYP,ROLLINLOC,ROLLOBJ,ROLLTRIP,ROLLDIR,ROLLDIST,DVANGTHIS,DVANGOTH,TOWHITCH,TRAJDOC,TREEPOLE,DVEVENT,DVBASIS,DVTOTAL,DVLONG,DVLAT,DVENERGY,DVSPEED,DVMOMENT,DVBES,DVEST,DVCONF,VAIS,VISS,VINJURED,VTREAT,INITOBJCLASS,HEADANGLECAT,SHLDRWIDTH,STRKLENGTH,STRKWIDTH,STRKHEIGHT,EDGEDISTX,EDGEDISTY,EDGEDISTZ,CASEWGT,PSUSTRAT,VERSION
15061,32,118,1-32-2019-118-05,5,1,1HGCP2F63CA1,17,37,32,2012,4,1,4,0,1,F,1,1468,5,0,1,1,23,2,113,1,0,0,995,0,0,0,76502,1,9,0,2,4,1,2,1,1,1,1,3,0,0,3,1,0,0,9,1,1,3,51,7,1,2,2,D,24,0,0,0,0,0,0,0,0,0,0,230,240,0,0,0,1,5,999,999,999,9999999,999,999,12,2,0,9,97,0,8,0,995,9.8,998,998,998,99.8,99.8,99.8,114.343759400367,7,4
15061,32,118,1-32-2019-118-05,5,2,3GKFK16R0TG5,17,23,431,1996,16,3,16,0,1,B,9,2436,5,9999,9,0,998,5,113,1,0,0,995,0,0,0,76636,9,9,0,2,4,1,2,1,1,1,1,3,0,0,3,1,0,0,9,0,1,3,53,99,1,1,2,D,25,0,0,0,0,0,0,0,0,0,0,240,230,1,0,0,1,0,999,999,999,9999999,999,999,999,9,0,95,95,95,95,0,995,9.8,998,998,998,99.8,99.8,99.8,114.343759400367,7,4
15062,32,119,1-32-2019-119-08,8,1,JH4CL96805C0,17,54,39,2005,4,1,3,0,1,F,9,1465,5,9999,9,0,998,2,56,1,0,0,995,0,0,0,75062,1,1,2,1,4,4,1,1,1,1,1,2,0,0,2,1,0,0,9,0,1,3,50,1,1,1,2,D,20,0,0,0,0,0,0,0,0,0,0,100,100,0,0,0,1,0,999,999,999,9999999,999,999,999,9,0,9,97,0,5,0,995,9.8,998,998,998,99.8,99.8,99.8,931.812028082945,7,4
15062,32,119,1-32-2019-119-08,8,2,2C3CDZBG9FH7,17,7,28,2015,2,1,5,0,1,B,9,1891,5,9999,9,0,998,5,56,1,0,0,995,0,0,0,75227,9,9,2,1,4,4,1,1,1,1,1,2,0,0,2,1,0,0,9,0,5,3,53,1,1,1,2,D,22,0,0,0,0,0,0,0,0,0,0,100,100,0,0,0,1,0,999,999,999,9999999,999,999,999,9,0,95,95,95,95,0,995,9.8,998,998,998,99.8,99.8,99.8,931.812028082945,7,4
15063,23,30,1-23-2019-030-03,3,1,3C4PDCBB0KT7,17,7,404,2019,14,3,14,0,1,T,2,1735,5,0,2,1,14,2,89,1,0,0,995,0,0,0,44833,1,2,0,4,2,1,2,1,2,1,0,0,0,0,2,1,0,0,3,1,14,2,12,3,2,4,1,B,6,1,3,2,4,1,4,61,1,1,9,997,997,0,0,0,3,6,999,999,999,9999999,999,999,999,7,0,1,1,0,0,3,997,0.0,5,10,40,21.3,1.1,21.4,1088.64338063868,5,4
15064,10,50,1-10-2019-050-04,4,1,1N4AA6AP6GC4,17,35,39,2016,4,1,4,0,1,R,1,1617,5,0,1,1,25,2,40,1,0,0,995,0,0,0,45342,2,2,2,4,2,1,2,1,1,1,0,0,0,0,1,1,2,2,1,0,1,2,17,7,1,1,5,L,87,0,0,0,0,0,0,0,0,0,0,170,90,0,0,0,1,1,20,-10,-17,13847,998,-58,14,0,1,0,0,0,0,0,995,0.0,999,999,999,1.5,4.1,4.4,152.080405980893,4,4
15064,10,50,1-10-2019-050-04,4,2,5FNRL38855B0,17,37,441,2005,20,4,20,0,1,F,1,2095,5,0,1,2,3,5,40,1,0,0,995,0,0,0,32822,9,9,2,4,2,1,2,1,1,1,0,2,0,0,1,1,0,0,1,0,1,4,66,99,1,1,5,L,86,0,0,0,0,0,0,0,0,0,0,90,170,0,1,0,1,1,16,-12,10,44611,998,108,19,0,1,95,95,95,95,0,995,0.0,120,120,120,5.0,1.0,5.0,152.080405980893,4,4
15065,10,51,1-10-2019-051-09,9,1,4T1BE46KX8U2,17,49,40,2008,4,1,4,0,1,L,1,1500,5,0,1,5,3,2,56,1,0,0,995,0,0,0,45405,9,9,2,4,5,1,2,2,1,1,0,3,0,0,1,2,1,2,1,0,1,2,17,1,1,1,5,L,89,0,0,0,0,0,0,0,0,0,0,90,170,0,0,0,1,3,15,-3,15,24262,998,88,17,0,4,0,0,0,0,0,995,9.8,998,998,998,99.8,99.8,99.8,180.032080563865,4,4
15065,10,51,1-10-2019-051-09,9,2,3FAHP07Z17R2,17,12,23,2007,4,1,3,0,1,F,1,1407,5,0,1,1,3,2,56,1,0,0,995,0,0,0,45414,1,2,2,4,3,1,2,2,1,1,1,1,0,0,1,2,1,2,1,0,1,4,66,1,1,1,5,L,88,0,0,0,0,0,0,0,0,0,0,170,90,0,0,0,1,3,15,-15,-5,10458,998,-28,13,0,4,9,97,0,8,0,995,9.8,998,998,998,99.8,99.8,99.8,180.032080563865,4,4
15066,10,52,1-10-2019-052-04,4,1,3N1CE2CP3GL3,17,35,50,2016,5,1,2,0,1,F,2,1114,5,0,1,1,4,2,56,1,0,0,995,0,0,0,45383,9,9,2,1,3,2,1,1,1,4,1,0,0,0,3,1,1,2,9,0,11,2,15,4,1,2,4,J,68,0,0,0,0,0,0,0,0,0,0,320,190,0,0,0,1,1,26,-23,-13,61694,998,-89,30,0,4,0,0,0,0,0,995,9.8,998,998,998,99.8,99.8,99.8,152.080405980893,4,4
15066,10,52,1-10-2019-052-04,4,2,1G6DM57N2301,17,19,18,2003,4,1,4,0,1,L,1,1620,5,0,1,1,4,2,56,1,0,0,995,0,0,0,45416,2,2,2,1,2,1,1,1,1,1,0,1,0,0,3,1,1,2,1,0,1,4,62,1,1,2,4,J,69,0,0,0,0,0,0,0,0,0,0,190,320,0,0,0,1,1,17,-16,6,5758,998,-36,9,0,4,0,0,0,0,0,995,9.8,998,998,998,99.8,99.8,99.8,152.080405980893,4,4
15067,76,46,1-76-2019-046-03,3,1,5FNYF6H64GB1,17,37,421,2016,15,3,15,0,1,F,1,1930,5,0,2,6,37,2,89,1,8,9,998,8,7,9,12076,1,2,0,4,2,1,2,1,3,1,1,2,0,0,1,1,0,0,9,0,14,6,87,2,1,1,1,C,13,0,0,0,0,0,0,0,0,0,0,998,998,0,0,0,1,12,999,999,999,9999999,999,999,999,6,0,1,1,0,0,0,998,9.8,998,998,998,99.8,99.8,99.8,136.804719355254,3,4
15068,25,64,1-25-2019-064-03,3,1,1C4RJFBG0GC4,17,2,422,2016,15,3,15,0,1,F,1,2121,5,0,1,1,17,2,56,1,8,0,995,0,7,0,15801,9,9,0,4,2,1,2,1,3,1,1,2,0,0,1,1,0,0,1,1,14,2,13,8,1,4,1,A,1,1,1,1,2,1,3,61,1,2,9,998,998,0,1,7,1,10,999,999,999,9999999,999,66,13,2,0,1,1,0,4,3,998,0.0,999,999,999,19.4,0.5,19.3,462.577664538954,2,4
15069,16,69,1-16-2019-069-01,1,1,3GNEK13T33G1,17,20,482,2003,34,5,30,0,1,L,2,2576,5,0,1,1,39,2,64,1,9,8,997,8,9,3,45030,1,9,0,4,2,1,2,2,2,1,1,2,0,0,1,2,0,0,9,1,14,2,13,1,1,4,1,A,1,0,0,0,0,0,0,0,0,0,0,998,998,0,1,1,2,1,29,-27,10,100289,998,-61,29,0,4,4,41,1,1,0,998,0.6,26,26,-120,25.0,4.1,25.1,39.997266820639,5,4
15070,16,70,1-16-2019-070-07,7,1,KMHCT4AE0CU2,17,55,36,2012,4,1,2,0,1,F,1,1155,5,0,1,1,4,2,56,1,1,1,187,1,7,0,45219,9,9,1,1,3,1,1,1,1,4,0,1,0,0,3,1,1,2,1,1,10,2,12,99,9,4,1,B,7,0,0,0,0,0,0,0,0,0,0,998,998,0,0,0,1,1,21,-20,7,21341,998,19,21,0,4,99,99,0,99,0,998,0.9,999,999,999,3.2,0.9,3.1,2221.98689112218,5,4
15071,28,54,1-28-2019-054-10,10,1,2HKYF18705H5,17,37,421,2005,15,3,15,0,1,T,2,2007,5,0,1,1,28,2,72,1,0,0,995,0,0,0,16950,1,2,0,4,2,1,2,1,1,1,1,2,1,0,1,1,0,0,1,1,1,2,13,98,3,4,1,A,2,1,2,2,2,1,4,61,1,2,9,997,997,0,1,0,1,6,999,999,999,9999999,999,999,999,7,0,0,0,0,0,3,997,9.8,998,998,998,99.8,99.8,99.8,3261.1131581043,3,4
15072,19,57,1-19-2019-057-06,6,1,3AKJGLD55GSH,17,82,881,2016,66,8,68,0,1,F,9,,,,,,,5,40,1,0,0,995,0,0,0,29032,9,9,0,4,2,1,2,1,2,4,0,0,0,0,1,1,0,0,9,1,14,2,10,99,1,2,3,G,50,,,,,,,,,,,,,,,,,,,,,,,,,,,95,95,95,95,,,9.8,998,998,998,99.8,99.8,99.8,307.666446427165,9,4
15072,19,57,1-19-2019-057-06,6,2,5NPEC4AC8BH2,17,55,33,2011,4,1,4,0,1,F,1,1454,5,0,1,1,6,2,40,1,0,0,995,0,0,0,35903,2,2,0,4,2,1,2,1,3,2,0,0,0,0,1,1,0,0,1,0,14,4,62,1,1,1,3,G,51,0,0,0,0,0,0,0,0,0,0,230,40,0,0,0,1,5,999,999,999,9999999,999,999,20,2,0,1,1,0,4,0,995,9.8,998,998,998,99.8,99.8,99.8,307.666446427165,9,4
15073,19,58,1-19-2019-058-10,10,1,1G4HP54KX1U2,17,18,2,2001,4,1,4,0,1,F,1,1618,5,0,1,1,5,2,40,1,0,0,995,0,7,0,99999,9,9,0,4,2,1,2,1,1,4,0,2,0,0,3,1,8,2,9,1,1,2,12,1,1,4,1,B,6,0,0,0,0,0,0,0,0,0,0,998,998,0,1,6,1,10,999,999,999,9999999,999,-7,18,2,0,99,99,0,99,0,998,0.0,40,40,120,6.6,0.5,6.5,4652.10974532841,9,4
15074,19,59,1-19-2019-059-03,3,1,5NPE34AF2HH5,17,55,33,2017,4,1,4,0,1,R,1,1475,5,0,1,1,4,2,72,1,0,0,995,0,0,0,35957,1,2,2,1,2,1,2,1,1,1,1,2,0,0,1,1,1,2,2,0,11,2,15,1,1,1,4,J,68,0,0,0,0,0,0,0,0,0,0,280,210,0,0,0,1,1,18,3,-18,12092,998,76,12,0,1,1,1,0,0,0,995,9.8,998,998,998,99.8,99.8,99.8,214.178896022456,9,4
15074,19,59,1-19-2019-059-03,3,2,2GNALBEK5F61,17,20,404,2015,14,3,14,0,1,F,1,1706,5,0,1,1,3,2,72,1,0,0,995,0,0,0,35953,1,2,2,1,2,1,2,1,2,1,1,3,0,0,1,1,1,2,1,0,14,4,62,2,1,1,4,J,69,0,0,0,0,0,0,0,0,0,0,210,280,0,0,0,1,1,16,-15,3,29701,998,-2,21,0,1,1,1,0,0,0,995,9.8,998,998,998,99.8,99.8,99.8,214.178896022456,9,4
15074,19,59,1-19-2019-059-03,3,3,1FTPW14V88FA,17,12,481,2008,34,5,31,0,1,L,1,2543,5,0,1,1,3,2,40,1,0,0,995,0,0,0,35907,1,2,2,4,2,1,2,1,1,1,0,0,0,0,1,1,1,2,1,0,5,4,67,1,1,1,6,M,98,0,0,0,0,0,0,0,0,0,0,110,260,0,0,0,2,12,999,999,999,9999999,999,999,999,6,0,0,0,0,0,0,995,9.8,998,998,998,99.8,99.8,99.8,214.178896022456,9,4
15075,27,60,1-27-2019-060-09,9,1,1HGCM56187A1,17,37,32,2007,4,1,3,0,1,F,1,1440,5,0,1,1,8,2,48,1,0,1,0,2,0,1,01201,1,2,2,4,3,1,2,1,1,1,1,1,0,0,1,8,1,2,3,0,1,2,17,2,1,1,5,L,88,0,0,0,0,0,0,0,0,0,0,35,305,0,0,0,1,5,999,999,999,9999999,999,999,19,2,0,1,1,0,4,0,995,9.8,998,998,998,99.8,99.8,99.8,213.55381946406,3,4
15075,27,60,1-27-2019-060-09,9,2,4UZABRDT1FCG,17,82,981,2015,50,7,50,2,1,L,9,,,,,,,5,48,1,0,0,995,0,0,0,01201,9,9,2,4,2,1,2,1,1,1,0,2,0,0,1,8,1,2,1,0,1,4,66,99,1,1,5,L,89,,,,,,,,,,,,,,,,,,,,,,,,,,,95,95,95,95,,,9.8,998,998,998,99.8,99.8,99.8,213.55381946406,3,4
15077,20,42,1-20-2019-042-02,2,1,3VW2K7AJ7FM2,17,30,40,2015,4,1,3,0,1,F,2,1272,5,9999,9,1,16,2,72,1,0,1,19,2,1,2,93907,1,1,0,1,2,1,2,1,2,2,0,2,0,0,2,8,0,0,9,1,14,1,6,99,4,4,1,B,7,0,0,0,0,0,0,0,0,0,0,998,998,0,0,1,1,12,999,999,999,9999999,999,999,999,7,0,5,30,1,3,0,998,2.4,60,75,120,3.6,2.4,4.5,107.15923192649,11,4
15078,13,74,1-13-2019-074-04,4,1,1HGCG1658YA0,17,37,32,2000,4,1,3,0,1,L,1,1490,5,0,1,1,22,2,56,1,0,0,995,0,0,0,75103,1,2,2,1,4,1,1,1,1,2,1,3,0,0,1,6,1,2,1,0,1,2,17,9,1,1,5,L,89,0,0,0,0,0,0,0,0,0,0,0,90,0,0,0,1,1,17,-14,8,21306,998,-132,14,0,4,0,0,0,0,0,995,0.0,999,999,15,0.0,0.0,0.0,10162.5911532152,7,4
15078,13,74,1-13-2019-074-04,4,2,4T1BK1EB5FU1,17,49,43,2015,4,1,4,0,1,F,1,1610,5,0,1,5,7,2,56,1,0,0,995,0,0,0,75060,1,1,2,3,5,4,1,1,1,1,1,1,0,0,1,6,1,2,1,0,4,4,66,1,1,1,5,L,88,0,0,0,0,0,0,0,0,0,0,90,0,0,0,0,1,1,16,-8,-13,43565,998,-166,17,0,4,0,0,0,0,0,995,9.8,998,998,998,99.8,99.8,99.8,10162.5911532152,7,4
15079,77,110,1-77-2019-110-03,3,1,5TFUY5F12HX6,17,49,482,2017,34,5,31,0,1,F,1,2450,5,0,1,1,10,2,40,1,0,0,995,0,9,9,22902,9,9,0,4,2,1,2,1,3,1,0,0,0,0,1,1,6,2,1,1,14,2,13,3,2,4,1,A,1,0,0,0,0,0,0,0,0,0,0,998,998,0,0,0,1,1,14,-14,-2,20521,998,-23,14,0,1,0,0,0,4,0,998,0.0,120,20,65,34.8,34.6,1.9,982.488925672449,9,4
15080,22,78,1-22-2019-078-09,9,1,JTDJT9039750,17,49,51,2007,3,1,1,0,1,F,1,1050,5,0,1,1,26,2,56,1,0,0,995,0,0,0,83843,3,2,3,3,5,3,2,1,1,1,4,4,0,0,1,8,0,0,1,1,11,2,15,2,1,1,4,K,76,0,0,0,0,0,0,0,0,0,0,80,275,0,0,0,2,1,14,-14,2,11438,998,-9,15,0,4,2,5,0,5,0,995,9.8,998,998,998,99.8,99.8,99.8,840.529972376766,12,4
15080,22,78,1-22-2019-078-09,9,2,3N1CB51D86L5,17,35,43,2006,4,1,1,0,1,L,1,1170,5,9999,9,0,998,5,56,1,0,0,995,0,0,0,98620,9,9,3,5,5,2,2,1,1,1,3,2,0,0,1,8,0,0,9,0,1,4,70,99,1,1,4,K,77,0,0,0,0,0,0,0,0,0,0,90,105,0,0,0,1,3,11,-9,5,5347,998,-82,9,0,4,95,95,95,95,0,995,9.8,998,998,998,99.8,99.8,99.8,840.529972376766,12,4
15080,22,78,1-22-2019-078-09,9,3,3B7HF13Z2XG2,17,7,482,1999,34,5,30,0,1,L,1,2273,5,0,1,1,34,2,56,1,0,0,995,0,0,0,83530,1,2,3,5,5,2,2,1,1,1,3,2,0,0,1,8,0,0,1,0,1,4,62,8,1,1,6,M,98,0,0,0,0,0,0,0,0,0,0,275,80,0,0,0,2,1,7,-7,2,4630,998,-96,6,0,4,0,0,0,0,0,995,9.8,998,998,998,99.8,99.8,99.8,840.529972376766,12,4
15081,17,113,1-17-2019-113-10,10,1,1FTZR15XXWPB,17,12,471,1998,34,5,30,0,1,F,1,1664,5,100,1,1,8,2,89,1,9,0,995,0,9,0,52807,1,2,2,4,2,1,2,1,1,1,1,4,0,0,3,1,2,2,1,0,2,1,4,4,2,4,1,C,14,0,0,0,0,0,0,0,0,0,0,998,998,0,0,0,1,1,16,-16,0,18400,998,0,16,0,1,1,1,0,0,0,998,2.3,120,112,-41,6.2,0.0,6.2,7774.96993841398,4,4
15082,17,114,1-17-2019-114-02,2,1,1G4HR54K22U2,17,18,2,2002,4,1,4,0,1,F,1,1618,5,9999,9,0,998,5,89,1,8,0,995,0,7,0,50638,9,9,2,1,2,1,2,1,1,9,1,3,2,3,1,1,1,2,9,0,1,2,17,99,1,1,4,K,79,0,0,0,0,0,0,0,0,0,0,200,170,0,0,0,1,3,5,-5,-1,1381,998,-38,5,0,4,95,95,95,95,0,995,9.8,998,998,998,99.8,99.8,99.8,57.5680443688784,4,4
15082,17,114,1-17-2019-114-02,2,2,3N1CE2CP5GL3,17,35,50,2016,5,1,2,0,1,L,1,1114,5,0,1,1,3,2,89,1,9,0,995,0,7,0,61265,1,2,2,3,2,1,2,1,2,9,1,1,2,3,1,1,1,2,1,0,10,4,66,1,1,1,4,K,78,0,0,0,0,0,0,0,0,0,0,170,200,0,0,0,1,3,7,6,5,3217,998,35,8,0,4,1,1,0,4,0,995,9.8,998,998,998,99.8,99.8,99.8,57.5680443688784,4,4
15083,17,115,1-17-2019-115-03,3,1,2C4RC1BG7HR5,17,6,443,2017,20,4,20,0,1,L,1,1964,5,0,1,1,7,2,72,1,9,0,995,0,9,0,61081,1,2,2,4,2,1,1,1,1,1,1,4,0,0,1,1,1,2,1,0,10,2,16,7,1,1,4,K,84,0,0,0,0,0,0,0,0,0,0,170,280,0,0,0,1,3,9,-3,9,15324,998,-160,10,0,4,1,3,0,4,0,995,9.8,998,998,998,99.8,99.8,99.8,225.184737296855,4,4
15083,17,115,1-17-2019-115-03,3,2,1B7GL32X42S7,17,7,472,2002,34,5,30,0,1,F,1,1755,5,9999,9,0,998,5,72,1,9,0,995,0,9,0,61265,9,9,2,1,3,1,1,1,1,1,1,3,0,0,1,1,1,2,9,0,1,4,66,99,1,1,4,K,84,0,0,0,0,0,0,0,0,0,0,280,170,0,0,0,1,3,11,-11,0,6765,998,0,10,0,4,95,95,95,95,0,995,9.8,998,998,998,99.8,99.8,99.8,225.184737296855,4,4
15084,26,120,1-26-2019-120-03,3,1,JF1SG65645H7,17,48,401,2005,14,3,14,0,1,F,1,1400,5,0,1,1,20,2,105,1,0,0,995,0,0,0,95608,1,2,1,2,3,2,1,1,1,1,3,3,0,0,1,1,0,0,3,0,1,3,50,2,1,1,2,D,20,0,0,0,0,0,0,0,0,0,0,55,55,0,0,0,1,1,15,-15,0,15927,998,11,17,0,4,1,1,0,0,0,995,9.8,998,998,998,99.8,99.8,99.8,877.053270353617,10,4
15084,26,120,1-26-2019-120-03,3,2,5N1AT2MVXJC7,17,35,51,2018,6,1,3,0,1,B,1,1610,5,0,1,3,15,2,105,1,0,0,995,0,0,0,95821,9,1,0,2,3,2,1,1,1,1,3,3,0,0,1,1,0,0,1,0,5,3,53,1,1,1,2,D,21,0,0,0,0,0,0,0,0,0,0,55,55,0,0,0,1,1,13,13,0,6903,998,9,10,0,4,1,2,0,4,0,995,9.8,998,998,998,99.8,99.8,99.8,877.053270353617,10,4
15084,26,120,1-26-2019-120-03,3,3,1HGCR2F55DA2,17,37,32,2013,4,1,4,0,1,B,9,1521,5,9999,9,0,998,5,105,1,0,0,995,0,0,0,95648,9,9,0,2,3,2,1,1,1,1,3,3,0,0,1,1,0,0,1,0,5,3,53,1,1,1,6,M,98,0,0,0,0,0,0,0,0,0,0,55,55,0,0,0,2,0,999,999,999,9999999,999,999,999,9,0,95,95,95,95,0,995,9.8,998,998,998,99.8,99.8,99.8,877.053270353617,10,4
15085,26,121,1-26-2019-121-09,9,1,4T1BG22K01U8,17,49,40,2001,4,1,3,0,1,9,9,1345,5,9999,9,0,998,2,89,1,0,0,995,0,0,0,95632,9,1,2,4,2,1,2,1,1,1,1,2,0,0,3,1,2,2,1,1,1,2,13,99,3,4,1,A,2,1,2,2,2,1,3,61,1,2,3,997,997,0,1,0,2,0,999,999,999,9999999,999,999,999,9,0,0,0,0,0,3,997,9.9,10,10,999,0.0,0.0,2.8,3134.40827537717,10,4
15086,26,122,1-26-2019-122-07,7,1,WDDNG7DB1DA4,17,42,43,2013,4,1,5,0,1,F,1,2095,5,0,1,1,32,2,64,1,0,0,995,0,0,0,95827,7,9,0,5,3,1,2,2,1,1,1,2,0,0,3,1,0,0,9,1,1,2,13,1,1,4,1,A,1,0,0,0,0,0,0,0,0,0,0,998,998,0,1,0,1,12,999,999,999,9999999,999,999,999,6,0,99,99,0,99,0,998,0.0,10,43,20,0.0,0.0,0.0,3322.22665833706,10,4
15087,29,109,1-29-2019-109-04,4,1,JM1GL1W52H11,17,41,50,2017,4,1,4,0,1,R,1,1474,5,0,1,1,6,2,40,1,0,0,995,0,0,0,02840,1,2,2,4,2,1,2,2,2,2,0,2,0,0,3,1,6,2,3,1,14,2,13,2,2,4,1,A,1,0,0,0,0,0,0,0,0,0,0,998,998,0,1,0,1,98,999,999,999,9999999,999,999,999,6,0,0,0,0,0,0,998,0.0,120,30,14,0.0,0.0,0.0,619.933910877464,2,4
15088,29,110,1-29-2019-110-03,3,1,JTMRFREV3GJ0,17,49,402,2016,14,3,14,0,1,F,1,1570,5,0,1,1,7,2,56,1,8,9,998,8,7,9,02770,1,2,0,4,2,1,2,1,1,1,1,2,0,0,1,1,0,0,1,0,1,3,52,3,1,1,2,D,28,0,0,0,0,0,0,0,0,0,0,340,340,0,0,0,1,3,13,-13,0,12213,998,0,14,0,4,1,1,0,4,0,995,9.8,998,998,998,99.8,99.8,99.8,234.594986835547,2,4
15088,29,110,1-29-2019-110-03,3,2,2T3RFREV2JW7,17,49,402,2018,14,3,14,0,1,B,1,1610,5,0,1,3,8,2,56,1,8,9,998,8,7,9,02740,1,2,0,4,2,1,2,1,1,1,1,2,0,0,1,1,0,0,1,0,2,3,53,1,1,1,2,D,29,0,0,0,0,0,0,0,0,0,0,340,340,0,0,0,1,3,13,13,0,10490,998,0,13,0,4,0,0,0,0,0,995,9.8,998,998,998,99.8,99.8,99.8,234.594986835547,2,4
15089,29,111,1-29-2019-111-09,9,1,1NXBR32E76Z6,17,49,32,2006,4,1,2,0,1,F,1,1135,5,0,1,1,6,2,40,1,0,0,995,0,0,0,02719,1,2,0,4,2,1,2,1,1,1,0,0,0,0,1,8,0,0,3,1,1,2,10,99,1,4,1,C,11,0,0,0,0,0,0,0,0,0,0,335,160,0,1,0,1,8,999,999,999,9999999,999,999,999,6,0,0,0,0,4,0,995,0.0,94,30,16,0.0,0.0,0.0,902.86709335474,2,4
15089,29,111,1-29-2019-111-09,9,2,JM1NC25F7601,17,41,45,2006,1,1,1,0,2,L,1,1120,5,0,4,5,6,,,,,,,,,,,,,,,,,,,,,,,,,,,,,,,,,,,,,,,,,,,,,,,,,,,,,,,,,,,,,,,,,,95,95,95,95,,,,,,,,,,902.86709335474,2,4
15090,15,66,1-15-2019-066-02,2,1,2HKRW2H55JH6,17,37,402,2018,14,3,14,0,1,F,9,1580,5,9999,9,0,998,5,48,1,8,9,998,8,7,9,11520,9,9,2,4,2,1,2,1,1,1,0,0,0,0,3,1,2,2,9,0,1,2,17,99,1,1,5,L,88,0,0,0,0,0,0,0,0,0,0,180,100,0,0,0,1,0,999,999,999,9999999,999,999,999,9,0,95,95,95,95,0,995,9.8,998,998,998,99.8,99.8,99.8,16.5311523179541,1,4
15090,15,66,1-15-2019-066-02,2,2,3GNCJRSB1JL3,17,20,406,2018,14,3,14,0,1,L,9,1476,5,9999,9,0,998,2,48,1,8,9,998,8,7,9,11950,9,2,2,4,4,1,2,1,1,1,0,3,0,0,3,1,0,0,9,0,1,4,66,99,1,1,5,L,89,1,99,2,5,1,1,1,1,1,999,100,180,0,0,0,1,0,999,999,999,9999999,999,999,999,9,0,2,4,0,4,1,995,9.8,998,998,998,99.8,99.8,99.8,16.5311523179541,1,4
15091,15,67,1-15-2019-067-07,7,1,1C4PJMAK6CW1,17,2,405,2012,14,3,14,0,1,F,1,1872,5,0,2,4,136,2,89,1,8,9,998,8,7,9,11751,1,2,0,2,3,3,2,1,1,1,3,2,0,0,1,1,0,0,1,0,1,3,52,1,1,1,2,D,28,0,0,0,0,0,0,0,0,0,0,270,270,0,0,0,1,12,999,999,999,9999999,999,999,999,6,0,0,0,0,0,0,995,9.8,998,998,998,99.8,99.8,99.8,994.032458392597,1,4
15091,15,67,1-15-2019-067-07,7,2,1GC0KUEG1FZ5,17,20,481,2015,34,5,31,99,1,B,9,2991,5,9999,9,0,998,5,89,1,8,9,998,8,7,9,11751,9,9,0,2,3,3,2,1,1,1,3,2,0,0,1,1,0,0,9,0,2,3,53,99,1,1,2,D,29,0,0,0,0,0,0,0,0,0,0,270,270,0,0,0,1,0,999,999,999,9999999,999,999,999,9,0,95,95,95,95,0,995,9.8,998,998,998,99.8,99.8,99.8,994.032458392597,1,4
15092,33,84,1-33-2019-084-08,8,1,1B4HS28N41F6,17,7,402,2001,14,3,14,0,1,F,1,2085,5,0,1,5,10,2,40,1,1,0,995,0,9,0,99999,9,9,2,4,2,1,2,1,1,1,0,0,0,0,2,1,2,2,9,0,1,2,17,1,1,1,5,L,88,0,0,0,0,0,0,0,0,0,0,320,235,0,0,0,1,3,20,-13,-15,38489,998,-165,14,0,4,2,5,0,4,0,995,9.8,998,998,998,99.8,99.8,99.8,698.705422859651,12,4
15092,33,84,1-33-2019-084-08,8,2,JA3AU26U09U0,17,52,46,2009,4,1,2,0,1,L,2,1325,5,0,1,1,11,2,48,1,0,1,0,2,0,0,95926,7,2,2,4,2,1,2,1,1,1,0,5,0,0,2,1,0,0,1,0,1,4,66,1,1,1,5,L,89,0,0,0,0,0,0,0,0,0,0,235,320,0,0,0,1,3,32,-21,25,101808,998,40,42,0,4,2,5,0,3,0,995,9.8,998,998,998,99.8,99.8,99.8,698.705422859651,12,4
15092,33,84,1-33-2019-084-08,8,3,3N1CN7APXHL8,17,35,50,2017,4,1,2,0,2,L,1,1129,5,9999,9,4,11,,,,,,,,,,,,,,,,,,,,,,,,,,,,,,,,,,,,,,,,,,,,,,,,,,,,,,,,,,,,,,,,,,95,95,95,95,,,,,,,,,,698.705422859651,12,4
15092,33,84,1-33-2019-084-08,8,4,3N1AB7AP8HY2,17,35,43,2017,4,1,3,0,2,F,9,1300,5,9999,9,0,998,,,,,,,,,,,,,,,,,,,,,,,,,,,,,,,,,,,,,,,,,,,,,,,,,,,,,,,,,,,,,,,,,,95,95,95,95,,,,,,,,,,698.705422859651,12,4
15092,33,84,1-33-2019-084-08,8,5,3VWDC21VX1M8,17,30,42,2001,1,1,1,0,2,L,9,1284,5,9999,9,0,998,,,,,,,,,,,,,,,,,,,,,,,,,,,,,,,,,,,,,,,,,,,,,,,,,,,,,,,,,,,,,,,,,,95,95,95,95,,,,,,,,,,698.705422859651,12,4