CASEID,PSU,CASENO,CASENUMBER,CATEGORY,VEHNO,VIN,VINLENGTH,MAKE,MODEL,MODELYR,BODYTYPE,BODYCAT,VEHCLASS,SPECUSE,TRANSTAT,DAMPLANE,DAMSEV,CURBWT,CURBSRC,CARGOWT,CARGOSRC,INSPTYPE,INSPLAG,TOWED,SPEEDLIMIT,DRPRESENT,PARALCOHOL,ALCTEST,ALCTESTRESULT,ALCTESTSRC,PARDRUG,DRUGTEST,ZIP,RACE,ETHNICITY,RELTOJUNCT,TRAFFLOW,RDLANES,INITLANE,SURFTYPE,SURFCOND,ALIGNMENT,PROFILE,LINERIGHT,LINELEFT,RUMBINIT,RUMBROAD,LIGHTCOND,WEATHER,TRAFDEV,TRAFFUNCT,DISTRACT,PREFHE,PREMOVE,CRITCAT,CRITEVENT,MANEUVER,PRESTAB,PRELOC,CRASHCAT,CRASHCONF,CRASHTYPE,ROLLTYPE,ROLLTURN,ROLLINTRPT,ROLLPREMAN,ROLLINITYP,ROLLINLOC,ROLLOBJ,ROLLTRIP,ROLLDIR,ROLLDIST,DVANGTHIS,DVANGOTH,TOWHITCH,TRAJDOC,TREEPOLE,DVEVENT,DVBASIS,DVTOTAL,DVLONG,DVLAT,DVENERGY,DVSPEED,DVMOMENT,DVBES,DVEST,DVCONF,VAIS,VISS,VINJURED,VTREAT,INITOBJCLASS,HEADANGLECAT,SHLDRWIDTH,STRKLENGTH,STRKWIDTH,STRKHEIGHT,EDGEDISTX,EDGEDISTY,EDGEDISTZ,CASEWGT,PSUSTRAT,VERSION
15126,32,121,1-32-2019-121-02,2,3,5XXGT4L32KG3,17,63,34,2019,4,1,4,0,1,F,2,1465,5,9999,9,0,998,5,105,1,0,0,995,0,0,0,75043,9,9,1,2,3,3,1,1,1,9,3,2,0,0,3,1,0,0,9,0,1,4,61,99,1,1,6,M,98,0,0,0,0,0,0,0,0,0,0,235,105,0,0,0,2,3,32,-28,-16,73256,998,-112,28,0,4,95,95,95,95,0,995,9.8,998,998,998,99.8,99.8,99.8,48.4602280427273,7,4
15127,32,122,1-32-2019-122-07,7,1,1FADP3K29EL3,17,12,37,2014,4,1,3,0,1,F,2,1327,5,0,1,1,19,2,72,1,0,0,995,0,0,0,76013,1,2,2,1,3,3,1,1,1,4,1,2,0,0,1,1,1,2,9,0,11,2,15,1,1,1,4,J,68,0,0,0,0,0,0,0,0,0,0,90,310,0,0,0,1,3,36,-33,-12,60054,998,-98,27,0,4,0,0,0,0,0,995,9.8,998,998,998,99.8,99.8,99.8,5134.32363874042,7,4
15127,32,122,1-32-2019-122-07,7,2,1GNFC13027R3,17,20,421,2007,15,3,15,0,1,L,1,2469,5,0,1,3,18,2,72,1,0,0,995,0,0,0,76063,1,2,2,1,3,2,1,1,1,2,3,1,0,0,1,1,1,2,1,0,1,4,62,1,1,1,4,J,69,0,0,0,0,0,0,0,0,0,0,310,90,0,0,0,1,3,19,-18,7,97087,998,-93,27,0,4,0,0,0,0,0,995,9.8,998,998,998,99.8,99.8,99.8,5134.32363874042,7,4
15128,32,123,1-32-2019-123-06,6,1,JTHBF5C29B51,17,59,35,2011,4,1,3,0,1,F,2,1567,5,0,1,1,12,2,64,1,0,0,995,0,0,0,75019,2,9,2,1,2,2,1,1,2,4,3,0,0,0,1,1,1,2,9,1,11,2,13,99,1,4,1,A,1,0,0,0,0,0,0,0,0,0,0,998,998,0,0,1,1,1,27,-27,0,49121,998,52,27,0,1,99,99,0,5,0,998,0.0,50,50,110,9.3,2.9,9.5,1481.24014993164,7,4
15129,14,54,1-14-2019-054-06,6,1,3GNEC13T92G2,17,20,482,2002,34,5,31,0,1,F,1,2455,5,0,2,5,17,2,97,1,0,0,995,0,0,0,78636,1,1,0,1,2,1,2,1,1,1,1,3,2,3,1,1,0,0,3,0,1,3,52,1,1,1,2,D,28,0,0,0,0,0,0,0,0,0,0,5,5,0,0,0,1,5,999,999,999,9999999,999,999,15,2,0,1,1,0,0,0,995,9.8,998,998,998,99.8,99.8,99.8,1755.91736484786,8,4
15129,14,54,1-14-2019-054-06,6,2,1FMCU9E7XBKA,17,12,402,2011,14,3,14,0,1,B,1,1609,5,0,1,1,18,2,97,1,0,0,995,0,0,0,78070,1,2,0,1,2,1,2,1,1,1,1,3,2,3,1,1,0,0,1,0,2,3,53,1,1,1,2,D,29,0,0,0,0,0,0,0,0,0,0,5,5,0,0,0,1,5,999,999,999,9999999,999,999,17,2,0,1,3,0,4,0,995,9.8,998,998,998,99.8,99.8,99.8,1755.91736484786,8,4
15129,14,54,1-14-2019-054-06,6,3,JN8AY2NCXH95,17,35,421,2017,15,3,15,0,1,B,1,2684,5,0,8,4,32,5,97,1,0,0,995,0,0,0,78606,9,9,0,1,2,1,2,1,1,1,1,3,2,3,1,1,0,0,1,0,5,3,53,1,1,1,6,M,98,0,0,0,0,0,0,0,0,0,0,5,5,0,0,0,2,3,9,9,0,9744,998,0,10,0,4,95,95,95,95,0,995,9.8,998,998,998,99.8,99.8,99.8,1755.91736484786,8,4
15129,14,54,1-14-2019-054-06,6,4,1GCRCREC2EZ2,17,20,481,2014,34,5,31,0,1,B,9,2250,5,9999,9,0,998,5,97,1,0,0,995,0,0,0,78758,9,9,0,1,2,1,2,1,1,1,1,3,2,3,1,1,0,0,9,0,5,3,53,99,1,1,6,M,98,0,0,0,0,0,0,0,0,0,0,5,5,0,0,0,3,0,999,999,999,9999999,999,999,999,9,0,95,95,95,95,0,995,9.8,998,998,998,99.8,99.8,99.8,1755.91736484786,8,4
15130,73,65,1-73-2019-065-04,4,1,3GCUKREC1JG4,17,20,481,2018,34,5,31,0,1,F,2,2394,5,0,1,1,9,2,56,1,1,1,160,1,7,0,04920,1,2,2,4,2,1,2,1,1,1,1,2,0,0,3,1,0,0,1,1,1,1,8,1,2,4,1,A,2,0,0,0,0,0,0,0,0,0,0,998,998,0,0,1,1,1,26,-26,0,64303,998,-14,26,0,1,0,0,0,0,0,998,3.1,30,30,61,1.6,4.9,5.2,82.3749286529551,3,4
15131,73,66,1-73-2019-066-03,3,1,1N4AL3AP7GN3,17,35,47,2016,4,1,4,0,1,L,1,1453,5,0,1,1,27,2,56,1,8,0,995,0,7,0,04943,1,2,3,4,2,1,2,1,2,1,0,0,0,0,1,1,0,0,1,0,11,2,15,1,1,1,4,K,82,0,0,0,0,0,0,0,0,0,0,240,350,0,0,0,1,1,23,-15,18,21715,998,56,18,0,4,1,1,0,4,0,995,9.8,998,998,998,99.8,99.8,99.8,32.4164274432842,3,4
15131,73,66,1-73-2019-066-03,3,2,4S4BSALCXF33,17,48,45,2015,5,1,3,0,1,F,1,1614,5,0,1,1,54,2,56,1,8,0,995,0,7,0,04967,9,9,3,4,2,1,2,1,2,1,1,2,0,0,1,1,0,0,1,0,14,4,72,3,1,1,4,K,83,0,0,0,0,0,0,0,0,0,0,350,240,0,0,0,1,1,21,-20,-7,49986,998,-64,25,0,4,0,0,0,4,0,995,9.8,998,998,998,99.8,99.8,99.8,32.4164274432842,3,4
15132,73,67,1-73-2019-067-09,9,1,1J4FY1951VP5,17,2,403,1997,14,3,14,0,1,T,1,1465,5,68,2,1,5,2,72,1,8,0,995,0,7,0,04443,1,2,0,4,2,1,8,8,1,1,0,0,0,0,1,1,0,0,1,1,1,1,6,2,2,4,1,B,7,1,3,1,6,5,4,31,6,2,10,997,997,0,0,0,1,6,999,999,999,9999999,999,999,999,6,0,1,1,0,4,2,997,0.0,20,26,120,17.5,6.4,18.8,80.932325640778,3,4
15133,73,68,1-73-2019-068-06,6,1,KNADM4A31D62,17,63,32,2013,4,1,2,0,1,F,2,1126,5,0,1,1,1,2,72,1,0,0,995,0,0,0,04950,9,9,0,4,2,1,2,2,2,1,0,2,0,0,1,8,0,0,3,1,1,2,13,99,1,4,1,A,1,0,0,0,0,0,0,0,0,0,0,998,998,0,0,1,1,8,999,999,999,9999999,999,999,999,7,0,99,99,0,99,0,998,0.0,30,30,120,19.7,1.1,19.2,35.0393284416094,3,4
15134,23,31,1-23-2019-031-10,10,1,1GCEC14W01Z2,17,20,481,2001,34,5,30,0,1,F,1,1876,5,181,1,1,9,2,113,1,8,0,995,0,7,0,43211,9,9,0,2,3,1,2,1,2,9,1,3,2,3,2,1,0,0,1,1,14,2,13,2,1,4,1,A,1,0,0,0,0,0,0,0,0,0,0,998,998,0,0,0,2,8,999,999,999,9999999,999,999,999,6,0,99,99,0,0,0,998,5.0,999,999,999,99.9,99.9,99.9,15610.1208787108,5,4
15136,25,66,1-25-2019-066-03,3,1,JM3TB2CA0D04,17,41,421,2013,15,3,15,0,1,R,1,1959,5,0,1,1,10,2,48,1,8,0,995,0,7,0,04107,1,1,2,4,3,2,2,1,1,1,1,2,0,0,1,8,1,2,1,0,11,2,15,3,1,1,4,J,68,0,0,0,0,0,0,0,0,0,0,335,195,0,0,0,1,3,13,-10,-8,18426,998,83,13,0,4,1,1,0,5,0,995,9.8,998,998,998,99.8,99.8,99.8,122.503356329232,2,4
15136,25,66,1-25-2019-066-03,3,2,2FMPK4J95HBC,17,12,24,2017,6,1,4,0,1,F,1,1841,5,0,1,1,3,2,48,1,8,0,995,0,7,0,04074,9,9,2,4,2,1,2,1,1,1,0,2,0,0,1,8,1,2,1,0,1,4,62,4,1,1,4,J,69,0,0,0,0,0,0,0,0,0,0,195,335,0,0,0,1,3,13,-13,0,11350,998,21,12,0,4,99,99,0,99,0,995,9.8,998,998,998,99.8,99.8,99.8,122.503356329232,2,4
15137,20,43,1-20-2019-043-03,3,1,WD3PE8DB3FP1,17,42,461,2015,21,4,21,0,1,L,2,2575,5,227,2,1,15,2,89,1,0,0,995,0,0,0,93906,9,1,0,1,3,1,2,1,1,1,1,2,0,0,1,1,0,0,3,1,1,2,13,7,1,4,1,A,1,1,1,2,6,1,4,61,1,2,999,997,997,0,0,0,3,6,999,999,999,9999999,999,999,999,7,0,1,1,0,99,3,997,1.8,120,120,-70,19.7,3.4,20.0,1224.04747422332,11,4
15138,76,47,1-76-2019-047-02,2,1,3VWRL7AJ6AM1,17,30,40,2010,4,1,2,0,1,L,1,1465,5,0,1,1,15,2,89,1,8,9,998,8,7,9,13849,9,9,0,4,2,1,2,2,1,1,1,2,0,0,1,8,0,0,3,1,1,2,10,99,1,2,3,I,64,0,0,0,0,0,0,0,0,0,0,290,120,0,0,0,1,1,14,-14,0,8150,998,-87,10,0,4,0,0,0,0,0,995,9.8,998,998,998,99.8,99.8,99.8,17.1010575156691,3,4
15138,76,47,1-76-2019-047-02,2,2,5N1AT2MT2KC7,17,35,404,2019,14,3,14,0,1,L,1,1550,5,0,1,1,17,2,89,1,8,0,995,0,7,0,34957,1,2,0,4,2,1,2,2,1,1,1,2,0,0,1,8,0,0,1,0,1,4,62,8,1,1,3,I,65,1,2,2,2,5,4,31,2,1,8,120,290,0,0,0,1,1,13,-12,2,24509,998,-104,16,0,4,2,5,0,3,2,995,9.8,998,998,998,99.8,99.8,99.8,17.1010575156691,3,4
15139,76,48,1-76-2019-048-09,9,1,1GNDS13S2323,17,20,401,2003,14,3,14,0,1,T,3,2015,5,0,1,1,19,2,89,1,8,9,998,8,7,9,12167,9,9,0,4,2,1,2,1,3,4,0,0,0,0,1,1,0,0,9,1,14,1,6,99,2,4,1,B,7,1,2,2,2,1,4,61,1,1,6,997,997,0,1,0,2,6,999,999,999,9999999,999,999,999,8,0,9,97,0,99,3,997,0.0,120,120,-19,11.6,2.5,11.9,49.9476559777759,3,4
15140,66,60,1-66-2019-060-09,9,1,1FTDF15Y5SNA,17,12,481,1995,34,5,31,0,1,R,1,1780,5,0,1,1,15,2,80,1,9,0,995,0,7,0,99999,9,9,0,4,2,1,2,1,3,4,0,0,0,0,9,8,0,0,9,1,14,2,13,99,4,4,1,A,2,0,0,0,0,0,0,0,0,0,0,998,998,0,1,1,1,1,21,-11,-18,80124,998,191,21,0,4,99,99,0,99,0,998,0.0,30,30,120,4.9,5.7,7.8,120.823855191032,6,4
15141,66,61,1-66-2019-061-04,4,1,1G1PA5SH3F72,17,20,25,2015,4,1,3,0,1,F,1,1399,5,0,1,1,33,2,56,1,8,0,995,0,7,0,65712,1,2,2,4,6,3,2,1,1,1,3,1,0,0,1,1,1,2,3,0,1,2,17,1,1,1,5,L,88,0,0,0,0,0,0,0,0,0,0,280,190,0,0,0,1,1,24,-22,-8,45677,998,-21,28,0,4,0,0,0,0,0,995,9.8,998,998,998,99.8,99.8,99.8,153.581418667125,6,4
15141,66,61,1-66-2019-061-04,4,2,2HJYK16406H5,17,37,471,2006,34,5,31,0,1,L,1,2043,5,0,1,1,33,2,56,1,8,0,995,0,7,0,65712,1,2,2,4,2,1,2,1,1,1,0,2,0,0,1,1,1,2,1,0,1,4,66,1,1,1,5,L,89,0,0,0,0,0,0,0,0,0,0,190,280,0,1,0,1,1,16,-6,15,18350,998,110,12,0,4,0,0,0,5,0,995,9.8,998,998,998,99.8,99.8,99.8,153.581418667125,6,4
15142,31,62,1-31-2019-062-08,8,1,1FTEF18L5VLB,17,12,481,1997,34,5,31,0,1,T,1,1977,5,9999,9,1,26,2,89,1,0,0,995,0,1,9,62984,1,2,0,4,2,1,4,1,1,1,0,0,0,0,2,1,0,0,3,1,1,2,13,1,1,4,1,A,1,1,6,2,2,5,4,31,6,1,22,997,997,0,0,0,1,6,999,999,999,9999999,999,999,999,6,0,1,2,0,3,2,997,0.0,120,120,-120,49.0,4.4,49.3,1103.53594840398,6,4
15143,31,63,1-31-2019-063-02,2,1,1N4AL3AP8JC1,17,35,47,2018,4,1,4,0,1,T,2,1453,5,9999,9,1,17,2,89,1,1,1,254,2,0,0,62959,1,9,0,4,2,1,2,1,3,2,1,2,2,3,2,1,0,0,9,1,14,2,13,7,1,4,1,A,1,1,5,2,2,1,4,61,1,2,14,997,997,0,0,0,4,6,999,999,999,9999999,999,999,999,7,0,1,2,0,4,3,997,1.6,5,5,120,61.3,2.6,61.5,241.53730443134,6,4
15144,19,60,1-19-2019-060-09,9,1,1B3HB48A09D1,17,7,25,2009,5,1,2,0,1,9,9,1345,5,9999,9,0,998,2,72,1,0,0,995,0,0,0,35904,1,9,2,4,2,1,2,1,3,1,1,2,2,3,1,1,0,0,9,1,10,2,13,99,1,4,1,A,1,0,0,0,0,0,0,0,0,0,0,998,998,0,0,0,1,0,999,999,999,9999999,999,999,999,9,0,99,99,0,5,0,998,0.5,68,68,68,1.3,3.0,3.2,1110.31515486768,9,4
15145,19,61,1-19-2019-061-07,7,1,1N4AL2AP2AN4,17,35,47,2010,4,1,4,0,1,L,1,1437,5,0,1,1,6,2,72,1,0,0,995,0,0,0,35954,1,2,3,5,3,1,2,1,1,2,1,2,2,3,1,1,0,0,1,1,11,2,15,1,1,2,4,J,72,0,0,0,0,0,0,0,0,0,0,260,310,0,1,0,1,3,7,4,6,4069,998,54,8,0,4,1,2,0,6,0,995,9.8,998,998,998,99.8,99.8,99.8,1336.53426349917,9,4
15145,19,61,1-19-2019-061-07,7,2,1GNFC13037R1,17,20,421,2007,15,3,15,0,1,F,1,2469,5,9999,9,0,998,5,72,1,0,0,995,0,0,0,35906,9,9,3,5,3,2,2,1,1,2,4,4,0,3,1,1,0,0,9,0,1,4,61,99,1,1,4,J,73,0,0,0,0,0,0,0,0,0,0,310,260,0,1,0,1,3,4,-4,-1,1538,998,-42,4,0,4,95,95,95,95,0,995,9.8,998,998,998,99.8,99.8,99.8,1336.53426349917,9,4
15146,26,123,1-26-2019-123-02,2,1,2HGFB2F98FH5,17,37,31,2015,4,1,3,0,1,R,1,1258,5,0,1,1,14,2,40,1,0,0,995,0,0,0,95864,1,9,2,1,3,2,2,1,1,1,3,1,0,0,1,1,1,2,1,0,1,2,17,1,1,1,5,L,87,0,0,0,0,0,0,0,0,0,0,345,250,0,1,0,1,3,9,-6,-7,6815,998,-61,10,0,4,2,5,0,4,0,995,9.8,998,998,998,99.8,99.8,99.8,40.2707446780162,10,4
15146,26,123,1-26-2019-123-02,2,2,JNKCV54E26M7,17,58,37,2006,2,1,4,0,1,F,1,1551,5,9999,9,0,998,2,56,1,0,0,995,0,0,0,95833,1,2,2,1,3,2,2,1,1,1,3,1,0,0,1,1,1,2,1,0,1,4,66,2,1,1,5,L,86,0,0,0,0,0,0,0,0,0,0,250,345,0,1,0,1,3,8,-7,4,2925,998,63,6,0,4,1,1,0,0,0,995,9.8,998,998,998,99.8,99.8,99.8,40.2707446780162,10,4
15147,26,124,1-26-2019-124-02,2,1,1C4NJPBAXGD5,17,2,407,2016,14,3,14,0,1,F,2,1423,5,0,1,1,39,2,105,1,0,0,995,0,0,0,95695,9,1,0,2,2,2,1,1,1,2,3,2,0,0,5,1,0,0,1,0,1,3,50,2,2,1,2,D,20,0,0,0,0,0,0,0,0,0,0,270,270,0,0,0,1,1,26,-26,0,48693,998,-5,28,0,1,2,5,0,4,0,995,9.8,998,998,998,99.8,99.8,99.8,40.2707446780162,10,4
15147,26,124,1-26-2019-124-02,2,2,WBA1J7C57GV3,17,34,48,2016,2,1,3,0,1,B,2,1530,5,0,1,1,16,2,105,0,7,7,887,6,8,8,99998,8,8,0,2,2,2,1,1,1,2,3,2,0,0,5,1,0,0,0,8,0,3,53,0,0,0,2,D,21,0,0,0,0,0,0,0,0,0,0,270,270,0,0,0,1,1,27,27,0,36806,998,14,25,0,1,0,0,0,0,0,995,9.8,998,998,998,99.8,99.8,99.8,40.2707446780162,10,4
15148,26,125,1-26-2019-125-05,5,1,2G1WB5E30E11,17,20,2,2014,4,1,4,0,1,F,2,1754,5,9999,9,0,998,2,105,1,0,0,995,0,0,0,95776,9,1,0,2,3,3,2,1,1,1,3,2,1,1,2,1,0,0,1,0,1,3,50,7,9,1,2,D,20,0,0,0,0,0,0,0,0,0,0,265,270,0,0,0,1,3,26,-24,-9,45794,998,-74,23,0,4,0,0,0,0,0,995,9.8,998,998,998,99.8,99.8,99.8,96.6525423983674,10,4
15148,26,125,1-26-2019-125-05,5,2,1N4AL3AP9DN5,17,35,47,2013,4,1,4,0,1,B,2,1420,5,0,1,1,15,2,105,1,0,0,995,0,0,0,96035,9,1,0,2,3,3,2,1,1,1,3,2,1,1,2,1,0,0,1,0,5,3,53,1,1,1,2,D,21,0,0,0,0,0,0,0,0,0,0,270,265,0,0,0,1,3,29,29,5,64015,998,11,32,0,4,1,1,0,3,0,995,9.8,998,998,998,99.8,99.8,99.8,96.6525423983674,10,4
15149,29,112,1-29-2019-112-03,3,1,3VWRZ71K69M0,17,30,40,2009,8,1,2,0,1,F,1,1465,5,0,1,1,18,2,89,1,8,0,995,0,7,0,02721,9,1,0,2,3,1,2,1,1,9,1,3,2,3,1,1,0,0,3,0,1,3,52,2,1,1,2,D,28,0,0,0,0,0,0,0,0,0,0,320,320,0,0,0,1,1,20,-20,0,37253,998,5,25,0,4,1,2,0,4,0,995,9.8,998,998,998,99.8,99.8,99.8,54.1347548479242,2,4
15149,29,112,1-29-2019-112-03,3,2,3GNAXUEV7KS5,17,20,404,2019,14,3,14,0,1,B,1,1593,5,0,1,1,22,2,89,1,8,9,998,8,7,9,02720,1,2,0,2,3,1,2,1,1,9,1,3,2,3,1,1,0,0,1,0,2,3,53,2,1,1,2,D,29,0,0,0,0,0,0,0,0,0,0,320,320,0,0,0,1,1,19,19,0,9079,998,0,12,0,4,1,1,0,6,0,995,9.8,998,998,998,99.8,99.8,99.8,54.1347548479242,2,4
15150,29,113,1-29-2019-113-04,4,1,3N1AB7AP5KY3,17,35,43,2019,4,1,3,0,1,T,1,1315,5,0,1,1,17,2,40,1,0,9,998,8,0,9,02721,9,9,1,3,1,1,2,1,2,9,1,2,0,0,3,1,6,2,9,1,14,2,12,4,2,4,1,B,6,1,3,1,6,1,3,61,1,2,11,997,997,0,0,0,3,6,999,999,999,9999999,999,999,999,6,0,99,99,0,99,3,997,9.9,999,999,999,99.9,99.9,99.9,143.054933704779,2,4
15151,29,114,1-29-2019-114-03,3,1,WDC0G4KB7JV0,17,42,405,2018,14,3,14,0,1,L,1,1815,5,0,1,1,4,2,56,1,8,9,998,8,7,9,02740,1,2,2,4,2,1,2,1,1,1,0,0,0,0,1,1,2,2,2,0,11,2,15,2,1,1,4,K,82,0,0,0,0,0,0,0,0,0,0,305,90,0,0,0,1,1,16,-8,14,33304,998,-61,20,0,1,0,0,0,4,0,995,9.8,998,998,998,99.8,99.8,99.8,86.9350870700838,2,4
15151,29,114,1-29-2019-114-03,3,2,1G1PA5SGXD73,17,20,25,2013,4,1,3,0,1,F,1,1407,5,0,1,1,16,2,56,1,8,9,998,8,7,9,02740,9,9,2,4,4,2,2,1,1,1,3,2,0,0,1,1,0,0,9,0,1,4,67,2,1,1,4,K,83,0,0,0,0,0,0,0,0,0,0,90,305,0,0,0,1,1,21,-18,10,18957,998,56,17,0,1,99,99,0,0,0,995,9.8,998,998,998,99.8,99.8,99.8,86.9350870700838,2,4
15152,17,116,1-17-2019-116-08,8,1,1G8ZS57B49F2,17,24,9,2009,4,1,4,0,1,R,1,1601,5,0,1,1,11,2,48,1,9,0,995,0,7,0,99999,9,9,2,4,2,1,2,2,1,1,0,0,0,0,3,2,2,2,9,0,1,2,17,3,1,1,5,L,87,0,0,0,0,0,0,0,0,0,0,110,10,0,0,0,1,1,18,-14,-12,12054,998,34,13,0,1,99,99,0,99,0,995,0.0,26,14,14,0.0,0.0,0.0,115.319765838598,4,4
15152,17,116,1-17-2019-116-08,8,2,4T1BE32KX2U5,17,49,40,2002,4,1,3,0,1,F,1,1435,5,0,1,1,13,2,48,1,9,1,0,2,7,1,61264,9,9,2,4,2,1,2,2,1,2,0,4,0,0,3,2,0,0,9,0,1,4,66,99,1,1,5,L,86,0,0,0,0,0,0,0,0,0,0,10,110,0,0,0,1,1,21,-16,13,51636,998,109,24,0,1,2,6,0,4,0,995,9.8,998,998,998,99.8,99.8,99.8,115.319765838598,4,4
15153,17,117,1-17-2019-117-08,8,1,1B3LC46K58N2,17,7,26,2008,4,1,3,0,1,F,1,1542,5,0,1,1,3,2,48,1,9,1,0,2,9,1,61201,1,2,0,4,2,1,2,1,1,1,0,4,0,0,1,1,0,0,3,1,1,2,12,2,2,4,1,C,11,0,0,0,0,0,0,0,0,0,0,340,180,0,0,0,1,1,19,-18,-3,14630,998,-38,15,0,1,2,5,0,3,0,995,9.8,998,998,998,99.8,99.8,99.8,115.319765838598,4,4
15153,17,117,1-17-2019-117-08,8,2,3GNFK16Z24G2,17,20,422,2004,15,3,15,0,2,F,1,2244,5,46,1,5,4,,,,,,,,,,,,,,,,,,,,,,,,,,,,,,,,,,,,,,,,,,,,,,,,,,,,,,,,,,,,,,,,,,95,95,95,95,,,,,,,,,,115.319765838598,4,4
15155,15,68,1-15-2019-068-03,3,1,3CZRU6H38JG7,17,37,404,2018,14,3,14,0,1,L,9,1389,5,0,1,4,5,2,48,1,8,1,0,2,7,0,11510,9,9,2,4,2,1,2,2,1,1,1,2,0,0,1,2,0,0,9,1,12,2,21,99,1,6,6,M,98,0,0,0,0,0,0,0,0,0,0,180,255,0,0,0,1,12,999,999,999,9999999,999,999,999,9,0,1,1,0,4,0,995,9.8,998,998,998,99.8,99.8,99.8,192.350798814943,1,4
15155,15,68,1-15-2019-068-03,3,2,5N1AT2MV5JC7,17,35,51,2018,6,1,3,0,1,F,9,1610,5,9999,9,0,998,5,48,1,8,9,998,8,7,9,11566,9,9,2,4,2,1,2,2,1,1,1,2,0,0,1,2,0,0,9,0,1,4,64,99,1,1,6,M,98,0,0,0,0,0,0,0,0,0,0,255,180,0,0,0,1,0,999,999,999,9999999,999,999,999,9,0,95,95,95,95,0,995,9.8,998,998,998,99.8,99.8,99.8,192.350798814943,1,4
15156,22,79,1-22-2019-079-01,1,1,JHLRE48518C0,17,37,402,2008,14,3,14,0,1,F,3,1604,5,0,1,1,26,2,105,1,0,1,0,3,0,1,83540,5,9,0,1,3,2,2,1,1,1,3,1,0,2,1,1,0,0,9,1,1,2,12,99,1,4,3,G,50,0,0,0,0,0,0,0,0,0,0,120,300,0,0,0,1,1,57,-54,20,379265,998,41,73,0,4,5,38,1,1,0,995,9.8,998,998,998,99.8,99.8,99.8,40.1392378017778,12,4
15156,22,79,1-22-2019-079-01,1,2,1C3CCCAB7FN5,17,6,18,2015,4,1,3,0,1,F,3,1575,5,0,1,1,25,2,105,1,0,0,995,0,0,0,83501,1,2,0,1,2,2,2,1,1,1,3,2,1,3,1,1,0,0,1,0,1,4,62,4,1,1,3,G,51,0,0,0,0,0,0,0,0,0,0,300,120,0,0,0,1,1,58,-54,20,76645,998,36,34,0,4,1,2,0,4,0,995,9.8,998,998,998,99.8,99.8,99.8,40.1392378017778,12,4
15156,22,79,1-22-2019-079-01,1,3,1FM5K8B82GGA,17,12,401,2016,14,3,14,0,1,F,1,2067,5,0,1,1,24,2,105,1,0,0,995,0,0,0,83703,9,9,0,1,2,1,2,1,1,1,1,3,2,3,1,1,0,0,9,0,1,4,60,98,1,1,6,M,98,0,0,0,0,0,0,0,0,0,0,315,280,0,0,0,2,1,16,-14,8,28998,998,97,16,0,4,99,99,0,99,0,995,9.8,998,998,998,99.8,99.8,99.8,40.1392378017778,12,4
15157,22,80,1-22-2019-080-08,8,1,19UUA66228A0,17,54,35,2008,4,1,3,0,1,F,1,1642,5,0,1,1,5,2,56,1,0,0,995,0,0,0,83501,1,2,0,5,3,1,2,1,1,1,0,2,0,0,1,8,0,0,1,1,1,2,13,1,1,4,1,A,1,1,2,2,2,2,4,59,4,2,4,998,998,0,1,0,3,1,15,-15,0,16326,998,25,15,0,4,1,1,0,4,3,998,0.0,59,1,81,38.2,3.7,38.5,72.5607477972902,12,4
15158,18,56,1-18-2019-056-07,7,1,5NPDH4AE3CH1,17,55,35,2012,4,1,3,0,1,L,2,1265,5,0,1,1,9,2,72,1,1,0,995,0,0,0,54729,1,2,0,4,2,1,2,2,1,1,0,0,0,0,2,2,0,0,9,1,1,6,87,99,1,4,1,A,2,1,2,2,2,1,4,61,1,2,5,997,997,0,0,0,3,6,999,999,999,9999999,999,999,999,7,0,1,1,0,0,3,997,0.0,4,6,120,11.2,0.7,11.3,9256.84921369847,6,4
15159,17,119,1-17-2019-119-03,3,1,KMHD35LH5HU3,17,55,35,2017,5,1,2,0,1,F,1,1295,5,0,1,1,16,2,48,1,9,0,995,0,7,0,61244,9,9,2,4,6,4,1,1,1,1,1,2,0,0,1,1,1,2,2,0,11,2,15,99,1,1,4,J,68,0,0,0,0,0,0,0,0,0,0,190,80,0,0,0,1,3,16,-15,-5,9731,998,-94,11,0,4,99,99,0,8,0,995,9.8,998,998,998,99.8,99.8,99.8,148.275863367692,4,4
15159,17,119,1-17-2019-119-03,3,2,3FA6P0UU0JR1,17,12,23,2018,4,1,4,0,1,L,1,1660,5,9999,9,0,998,2,48,1,9,0,995,0,7,0,61275,1,2,2,4,5,2,1,1,1,1,1,3,0,0,1,1,1,2,1,0,1,4,62,1,1,1,4,J,69,0,0,0,0,0,0,0,0,0,0,80,190,0,0,0,1,3,13,-8,10,24066,998,-69,17,0,4,0,0,0,0,0,995,9.8,998,998,998,99.8,99.8,99.8,148.275863367692,4,4
15160,33,85,1-33-2019-085-04,4,1,1C4PJMCBXKD1,17,2,404,2019,14,3,14,0,1,L,1,1797,5,0,1,1,13,2,89,1,0,0,995,0,0,0,95954,1,2,0,4,2,1,2,1,2,2,1,2,0,0,1,8,0,0,3,1,14,2,13,1,1,4,1,A,1,1,1,2,2,2,4,44,4,2,5,997,997,0,0,0,2,6,999,999,999,9999999,999,999,999,6,0,1,1,0,0,3,997,0.0,120,50,120,5.6,1.7,5.6,493.861899621596,12,4