CASEID,PSU,CASENO,CASENUMBER,CATEGORY,VEHNO,VIN,VINLENGTH,MAKE,MODEL,MODELYR,BODYTYPE,BODYCAT,VEHCLASS,SPECUSE,TRANSTAT,DAMPLANE,DAMSEV,CURBWT,CURBSRC,CARGOWT,CARGOSRC,INSPTYPE,INSPLAG,TOWED,SPEEDLIMIT,DRPRESENT,PARALCOHOL,ALCTEST,ALCTESTRESULT,ALCTESTSRC,PARDRUG,DRUGTEST,ZIP,RACE,ETHNICITY,RELTOJUNCT,TRAFFLOW,RDLANES,INITLANE,SURFTYPE,SURFCOND,ALIGNMENT,PROFILE,LINERIGHT,LINELEFT,RUMBINIT,RUMBROAD,LIGHTCOND,WEATHER,TRAFDEV,TRAFFUNCT,DISTRACT,PREFHE,PREMOVE,CRITCAT,CRITEVENT,MANEUVER,PRESTAB,PRELOC,CRASHCAT,CRASHCONF,CRASHTYPE,ROLLTYPE,ROLLTURN,ROLLINTRPT,ROLLPREMAN,ROLLINITYP,ROLLINLOC,ROLLOBJ,ROLLTRIP,ROLLDIR,ROLLDIST,DVANGTHIS,DVANGOTH,TOWHITCH,TRAJDOC,TREEPOLE,DVEVENT,DVBASIS,DVTOTAL,DVLONG,DVLAT,DVENERGY,DVSPEED,DVMOMENT,DVBES,DVEST,DVCONF,VAIS,VISS,VINJURED,VTREAT,INITOBJCLASS,HEADANGLECAT,SHLDRWIDTH,STRKLENGTH,STRKWIDTH,STRKHEIGHT,EDGEDISTX,EDGEDISTY,EDGEDISTZ,CASEWGT,PSUSTRAT,VERSION
15267,66,63,1-66-2019-063-04,4,2,3B6MF36C32M3,17,7,482,2002,40,6,45,0,1,F,9,2675,5,9999,9,0,998,5,48,1,0,0,995,0,7,0,65769,9,9,2,4,2,1,2,2,1,1,0,0,0,0,1,2,0,0,1,0,1,4,66,4,1,1,5,L,88,0,0,0,0,0,0,0,0,0,0,10,275,0,0,0,1,0,999,999,999,9999999,999,999,999,9,0,95,95,95,95,0,995,9.8,998,998,998,99.8,99.8,99.8,782.644851318856,6,4
15278,77,115,1-77-2019-115-02,2,1,LYV402FK7GB1,17,51,47,2016,4,1,4,0,1,F,1,1658,5,0,1,1,12,2,56,1,0,1,0,2,0,0,22901,1,2,0,4,2,1,2,1,1,1,0,2,0,0,1,1,0,0,3,1,1,2,13,2,1,4,1,A,1,1,4,2,6,1,1,61,1,2,21,998,998,0,0,1,1,1,11,-11,-2,9163,998,34,11,0,4,3,14,2,3,3,998,0.0,88,65,47,9.2,1.8,9.2,91.4212064025226,9,4
15279,77,116,1-77-2019-116-02,2,1,JB3XE74CXMY0,17,7,39,1991,3,1,1,0,2,B,9,1395,5,9999,9,0,998,,,,,,,,,,,,,,,,,,,,,,,,,,,,,,,,,,,,,,,,,,,,,,,,,,,,,,,,,,,,,,,,,,95,95,95,95,,,,,,,,,,91.4212064025226,9,4
15279,77,116,1-77-2019-116-02,2,2,WA1ECCFS6JR0,17,32,405,2018,14,3,14,0,1,F,2,1670,5,0,1,1,25,2,40,1,1,8,997,8,9,9,22901,1,2,0,3,1,1,2,2,1,1,1,1,0,0,3,8,0,0,3,1,1,2,11,1,1,4,1,C,11,1,1,2,5,7,2,1,3,2,6,70,65,0,0,0,1,98,999,999,999,9999999,999,999,999,7,0,1,1,0,4,1,995,9.8,998,998,998,99.8,99.8,99.8,91.4212064025226,9,4
15280,77,117,1-77-2019-117-06,6,1,3N1BC1CP9CL3,17,35,50,2012,5,1,2,0,1,F,1,1235,5,0,1,1,15,2,64,1,0,0,995,0,0,0,22968,1,2,2,4,2,1,2,1,3,4,0,2,0,0,1,1,0,0,1,0,14,4,67,2,1,1,4,K,83,0,0,0,0,0,0,0,0,0,0,280,170,0,0,0,1,12,999,999,999,9999999,999,999,21,2,0,0,0,0,0,0,995,9.8,998,998,998,99.8,99.8,99.8,3222.47576243632,9,4
15280,77,117,1-77-2019-117-06,6,2,999999999999,99,99,499,9999,48,6,48,99,1,L,9,9999,9,9999,9,0,998,5,999,1,8,0,995,0,7,0,99999,9,9,2,4,2,1,2,1,1,1,0,2,0,0,1,1,2,2,9,1,11,2,15,99,1,1,4,K,82,0,0,0,0,0,0,0,0,0,0,170,280,0,0,0,1,0,999,999,999,9999999,999,999,999,9,0,95,95,95,95,0,995,9.8,998,998,998,99.8,99.8,99.8,3222.47576243632,9,4
15281,11,102,1-11-2019-102-01,1,1,5FNYF6H92HB0,17,37,421,2017,15,3,15,0,1,F,2,1930,5,0,1,1,19,2,89,1,1,1,152,2,9,2,23116,9,9,1,2,3,3,2,1,1,1,2,3,0,0,2,1,0,0,1,1,1,2,13,2,1,4,1,A,1,0,0,0,0,0,0,0,0,0,0,998,998,0,0,0,2,7,999,999,999,9999999,999,999,999,7,0,3,27,3,1,0,998,4.3,120,120,50,25.8,0.5,25.9,208.169528765753,8,4
15283,24,119,1-24-2019-119-08,8,1,5PVNJ8JV6K30,17,98,806,2019,63,8,60,99,1,F,9,,,,,,,2,80,1,0,0,995,0,0,0,19013,9,9,2,4,2,1,2,1,1,2,1,2,0,0,1,1,0,0,9,0,1,4,66,99,1,1,5,L,86,,,,,,,,,,,,,,,,,,,,,,,,,,,95,95,95,95,,,2.4,999,999,999,99.9,99.9,99.9,479.247775178189,1,4
15283,24,119,1-24-2019-119-08,8,2,1N4BA41E18C8,17,35,39,2008,4,1,4,0,1,R,3,1641,5,0,1,1,21,2,40,1,0,1,0,2,0,1,08332,2,2,2,4,2,1,2,1,1,1,0,0,0,0,1,1,2,2,9,0,1,2,17,99,1,1,5,L,87,0,0,0,0,0,0,0,0,0,0,200,110,0,0,0,1,5,999,999,999,9999999,999,999,48,4,0,2,5,0,3,0,995,2.4,999,999,999,99.9,99.9,99.9,479.247775178189,1,4
15284,24,120,1-24-2019-120-07,7,1,JA32U2FU9AU0,17,52,46,2010,4,1,2,0,1,F,1,1325,5,0,1,1,19,2,56,1,8,9,998,8,7,9,08330,2,2,1,3,4,2,2,1,2,9,9,9,0,0,3,1,9,9,1,0,14,3,51,7,1,9,2,D,32,0,0,0,0,0,0,0,0,0,0,998,998,0,0,0,2,12,999,999,999,9999999,999,999,999,6,0,0,0,0,0,0,998,9.9,999,999,999,99.9,99.9,99.9,2903.35318920466,1,4
15284,24,120,1-24-2019-120-07,7,2,19UUA8F21BA0,17,54,35,2011,4,1,4,0,1,B,9,1682,5,9999,9,0,998,5,56,1,0,0,995,0,0,0,99999,9,9,1,3,4,2,2,1,2,9,9,9,0,0,3,1,9,9,9,0,14,3,53,99,1,1,2,D,32,0,0,0,0,0,0,0,0,0,0,250,220,0,0,0,1,0,999,999,999,9999999,999,999,999,9,0,95,95,95,95,0,995,9.8,998,998,998,99.8,99.8,99.8,2903.35318920466,1,4
15285,24,121,1-24-2019-121-02,2,1,3N1AB7AP9JL6,17,35,43,2018,4,1,3,0,1,F,1,1300,5,9999,9,5,21,2,40,1,0,1,0,2,1,2,11216,2,2,0,4,2,1,2,2,3,1,0,2,0,0,3,2,0,0,9,1,14,2,10,99,1,2,3,G,50,0,0,0,0,0,0,0,0,0,0,330,160,0,0,0,1,3,19,-19,0,21842,998,0,19,0,4,1,2,0,4,0,995,9.8,998,998,998,99.8,99.8,99.8,101.430695438973,1,4
15285,24,121,1-24-2019-121-02,2,2,JM3KFBDM0K06,17,41,403,2019,14,3,14,0,1,F,1,1602,5,0,1,1,19,2,40,1,0,1,0,2,0,0,11747,1,2,0,3,2,1,2,2,2,1,0,2,0,0,3,2,0,0,1,0,14,4,62,2,1,1,3,G,51,0,0,0,0,0,0,0,0,0,0,160,330,0,0,0,1,3,17,-17,3,19157,998,-11,17,0,4,2,4,0,4,0,995,0.0,999,999,999,0.0,0.0,0.0,101.430695438973,1,4
15287,73,72,1-73-2019-072-06,6,1,1FMCU9GX4EUA,17,12,402,2014,14,3,14,0,1,L,1,1713,5,0,1,1,8,2,72,1,8,0,995,0,7,0,04355,9,9,2,4,2,1,2,1,1,2,1,4,0,0,1,1,0,0,2,0,11,2,15,1,1,1,4,J,72,0,0,0,0,0,0,0,0,0,0,210,270,0,0,0,1,3,12,4,11,13265,998,102,11,0,4,1,1,0,4,0,995,9.8,998,998,998,99.8,99.8,99.8,35.0393284416094,3,4
15287,73,72,1-73-2019-072-06,6,2,2GTEK13T0414,17,23,481,2004,34,5,31,0,1,F,2,2397,5,50,1,1,9,2,72,1,0,8,997,8,0,3,04963,9,9,2,4,2,1,2,1,1,2,2,1,0,0,1,1,0,0,1,1,15,4,61,2,1,2,4,J,73,0,0,0,0,0,0,0,0,0,0,998,998,0,1,2,3,10,999,999,999,9999999,999,-110,31,3,0,2,6,0,4,0,998,5.2,3,3,120,2.9,2.9,2.0,35.0393284416094,3,4
15289,48,60,1-48-2019-060-07,7,1,3FAHP0JA7CR4,17,12,23,2012,4,1,3,0,1,F,1,1490,5,0,2,1,8,2,121,1,0,0,995,0,0,0,84015,1,2,1,2,4,2,2,1,2,1,1,3,0,3,1,1,0,0,3,1,14,2,12,4,2,4,1,B,6,0,0,0,0,0,0,0,0,0,0,998,998,0,0,4,1,10,999,999,999,9999999,999,999,999,6,0,1,1,0,5,0,998,1.1,8,4,35,0.3,0.1,0.3,672.513684954277,12,4
15290,48,61,1-48-2019-061-07,7,1,2A4RR5D19AR3,17,6,441,2010,20,4,20,0,1,F,2,2044,5,0,2,5,12,2,89,1,0,0,995,0,0,0,84341,1,2,0,5,5,1,2,1,1,9,1,3,0,0,2,1,0,0,1,0,1,6,87,2,1,1,1,C,13,0,0,0,0,0,0,0,0,0,0,998,998,0,0,0,1,10,999,999,999,9999999,999,999,999,7,0,0,0,0,0,0,998,9.8,998,998,998,99.8,99.8,99.8,672.513684954277,12,4
15291,16,76,1-16-2019-076-02,2,1,1FTEW1E81GKE,17,12,481,2016,34,5,31,0,1,F,2,2130,5,0,1,1,3,2,56,1,0,9,998,8,0,9,45040,1,2,2,4,2,1,2,1,3,1,1,2,0,0,1,1,0,0,9,1,14,2,10,1,1,2,3,G,50,0,0,0,0,0,0,0,0,0,0,260,90,0,0,0,1,1,34,-34,-6,97495,998,-41,33,0,1,1,1,0,4,0,995,9.8,998,998,998,99.8,99.8,99.8,19.5600329236722,5,4
15291,16,76,1-16-2019-076-02,2,2,2C4RC1JG3GR2,17,6,441,2016,20,4,20,0,1,F,2,2115,5,0,1,1,3,2,56,1,0,9,998,8,0,9,45238,1,2,0,4,2,1,2,1,3,4,1,2,0,0,1,1,0,0,9,0,14,4,62,2,1,1,3,G,51,0,0,0,0,0,0,0,0,0,0,90,260,0,0,0,1,1,34,-34,0,112727,998,-23,35,0,1,2,5,0,3,0,995,9.8,998,998,998,99.8,99.8,99.8,19.5600329236722,5,4
15292,16,77,1-16-2019-077-09,9,1,WBAET37445NJ,17,34,34,2005,4,1,3,0,1,F,1,1470,5,0,1,1,2,2,56,1,0,0,995,0,0,0,45248,1,2,3,4,4,1,2,2,1,4,0,3,0,0,1,2,0,0,1,0,1,3,52,2,1,1,2,D,28,0,0,0,0,0,0,0,0,0,0,290,310,0,0,0,1,3,12,-12,0,9249,998,16,12,0,4,1,1,0,4,0,995,9.8,998,998,998,99.8,99.8,99.8,980.186639548496,5,4
15292,16,77,1-16-2019-077-09,9,2,2G1FC1EV1A91,17,20,9,2010,2,1,4,0,1,B,1,1700,5,9999,9,0,998,5,56,1,0,0,995,0,0,0,45238,9,9,3,4,4,1,2,2,1,4,0,3,0,0,1,2,0,0,1,0,10,3,53,1,1,1,2,D,31,0,0,0,0,0,0,0,0,0,0,310,290,0,0,0,1,3,12,11,-4,12875,998,90,12,0,4,95,95,95,95,0,995,9.8,998,998,998,99.8,99.8,99.8,980.186639548496,5,4
15293,16,78,1-16-2019-078-09,9,1,1FMEU33E68UA,17,12,473,2008,34,5,30,0,1,F,1,2048,5,0,1,1,5,2,56,1,0,0,995,0,0,0,45246,2,2,2,4,5,3,2,1,1,1,1,2,0,0,5,8,1,2,1,0,11,2,15,2,1,2,4,J,68,0,0,0,0,0,0,0,0,0,0,120,355,0,0,0,1,1,15,-13,-8,19695,998,-83,14,0,1,0,0,0,0,0,995,9.8,998,998,998,99.8,99.8,99.8,980.186639891733,5,4
15293,16,78,1-16-2019-078-09,9,2,1FMZU67K85UB,17,12,473,2005,34,5,30,0,1,L,1,1876,5,0,1,1,5,2,56,1,0,0,995,0,0,0,45039,1,2,2,4,5,1,2,1,1,1,0,1,0,0,5,8,1,2,1,0,1,4,62,99,1,1,4,J,69,0,0,0,0,0,0,0,0,0,0,355,120,0,0,0,1,1,16,-15,6,28236,998,-53,18,0,1,1,2,0,4,0,995,9.8,998,998,998,99.8,99.8,99.8,980.186639891733,5,4
15294,32,127,1-32-2019-127-01,1,1,1D7RB1CT6BS5,17,7,482,2011,34,5,31,0,1,F,2,2295,5,0,1,1,20,2,48,1,1,1,205,2,0,2,75216,9,1,2,4,2,1,2,1,1,1,0,0,0,0,3,1,0,0,9,0,1,4,66,3,1,1,5,L,88,0,0,0,0,0,0,0,0,0,0,340,260,0,0,0,1,1,25,-19,-16,188609,998,-133,36,0,4,1,3,0,4,0,995,0.0,120,6,120,8.9,5.0,10.4,91.530410371053,7,4
15294,32,127,1-32-2019-127-01,1,2,1FTYR10C8WUB,17,12,471,1998,34,5,30,0,1,L,3,1347,5,0,1,1,21,2,48,1,0,1,0,3,0,2,75216,1,1,2,4,2,1,2,1,1,1,0,0,0,0,3,1,2,2,9,0,1,2,17,99,1,1,5,L,89,1,3,2,5,7,1,1,2,2,30,260,340,0,1,0,1,1,41,-20,35,33105,998,97,20,0,4,6,75,1,1,1,995,9.8,998,998,998,99.8,99.8,99.8,91.530410371053,7,4
15294,32,127,1-32-2019-127-01,1,3,1FTRW12W86KD,17,12,481,2006,34,5,31,0,2,F,2,2363,5,0,1,5,19,,,,,,,,,,,,,,,,,,,,,,,,,,,,,,,,,,,,,,,,,,,,,,,,,,,,,,,,,,,,,,,,,,95,95,95,95,,,,,,,,,,91.530410371053,7,4
15296,32,129,1-32-2019-129-06,6,1,3FADP4BJ3EM1,17,12,32,2014,4,1,1,0,1,F,1,1215,5,0,1,1,11,2,72,1,0,0,995,0,0,0,75052,2,2,2,1,5,2,1,1,1,1,3,3,0,0,1,1,1,1,1,0,1,2,17,2,1,1,5,L,86,0,0,0,0,0,0,0,0,0,0,80,170,0,0,0,1,3,20,-17,10,12321,998,71,13,0,4,1,1,0,5,0,995,9.8,998,998,998,99.8,99.8,99.8,1443.19684810543,7,4
15296,32,129,1-32-2019-129-06,6,2,1FTEW1E89GFC,17,12,481,2016,34,5,31,0,1,R,1,2236,5,9999,9,0,998,5,72,1,0,0,995,0,0,0,76140,9,9,2,3,3,1,1,1,1,1,0,3,0,0,1,1,1,1,9,0,1,4,66,99,1,1,5,L,87,0,0,0,0,0,0,0,0,0,0,170,80,0,0,0,1,3,13,-7,-11,33067,998,63,18,0,4,95,95,95,95,0,995,9.8,998,998,998,99.8,99.8,99.8,1443.19684810543,7,4
15297,28,58,1-28-2019-058-09,9,1,1HGEG8643NL0,17,37,31,1992,4,1,2,0,1,F,2,1027,5,0,1,1,14,2,113,1,0,0,995,0,0,0,17771,1,2,0,2,2,1,2,1,3,1,1,3,2,3,1,1,0,0,1,1,14,2,13,1,3,4,1,A,2,0,0,0,0,0,0,0,0,0,0,998,998,0,1,0,1,11,999,999,999,9999999,999,999,999,7,0,1,2,0,4,0,998,2.8,106,26,44,0.0,0.0,0.0,131.66969006346,3,4
15298,28,59,1-28-2019-059-08,8,1,1FAFP42X12F1,17,12,3,2002,2,1,2,0,1,R,2,1644,5,0,1,1,12,2,89,1,1,1,0,2,1,2,17765,1,2,0,4,2,1,2,1,1,1,1,2,1,0,5,1,0,0,9,0,6,6,90,99,1,1,1,C,12,1,6,2,2,5,4,31,1,2,31,997,997,0,0,0,2,6,999,999,999,9999999,999,999,999,7,0,2,6,0,3,2,997,9.8,998,998,998,99.8,99.8,99.8,57.2537276409718,3,4
15299,52,65,1-52-2019-065-06,6,1,1C4AJWAG6CL2,17,2,403,2012,14,3,14,0,1,F,2,1759,5,0,1,1,9,2,56,1,1,8,997,8,0,9,59105,1,2,0,4,2,1,2,1,1,1,1,2,0,0,2,1,0,0,3,1,1,2,12,1,1,4,1,B,6,1,4,1,2,1,3,61,1,1,29,998,998,0,0,7,1,12,999,999,999,9999999,999,999,999,7,0,0,0,0,5,3,998,0.6,29,29,999,4.4,1.2,4.7,117.145444967732,12,4
15300,52,66,1-52-2019-066-03,3,1,2G1WB5EK9A11,17,20,2,2010,4,1,4,0,1,R,1,1613,5,0,1,1,9,2,40,1,0,0,995,0,0,0,59101,5,2,2,4,2,1,2,1,1,1,0,0,0,0,1,1,0,0,1,0,1,2,17,1,1,1,5,L,87,0,0,0,0,0,0,0,0,0,0,270,180,0,0,0,1,1,14,-2,-14,27131,998,152,15,0,4,1,1,0,0,0,995,9.8,998,998,998,99.8,99.8,99.8,81.5496209242555,12,4
15300,52,66,1-52-2019-066-03,3,2,2LMTJ8LR1GBL,17,13,14,2016,6,1,4,0,1,F,1,1990,5,0,1,1,9,2,40,1,0,0,995,0,0,0,59101,1,2,2,4,2,1,2,1,1,1,0,0,0,0,1,1,0,0,1,0,1,4,66,2,1,1,5,L,86,0,0,0,0,0,0,0,0,0,0,180,270,0,0,0,1,1,12,-11,2,10665,998,38,11,0,4,1,1,0,0,0,995,9.8,998,998,998,99.8,99.8,99.8,81.5496209242555,12,4
15301,14,57,1-14-2019-057-03,3,1,SHHEP33562U3,17,37,31,2002,3,1,2,0,1,F,2,1252,5,0,1,1,18,2,80,1,0,0,995,0,0,0,78070,1,2,3,4,2,1,2,1,3,1,1,2,0,0,1,1,0,0,3,0,14,3,50,1,1,1,2,D,20,0,0,0,0,0,0,0,0,0,0,65,65,0,0,0,1,1,32,-32,0,49001,998,-18,29,0,4,1,1,0,0,0,995,9.8,998,998,998,99.8,99.8,99.8,2517.54988436488,8,4
15301,14,57,1-14-2019-057-03,3,2,1G1FB1RX6H01,17,20,9,2017,2,1,4,0,1,B,2,1530,5,0,1,1,18,2,80,1,0,0,995,0,0,0,78259,1,2,3,4,2,1,2,1,3,1,1,2,0,0,1,1,0,0,9,0,5,3,53,99,1,1,2,D,21,0,0,0,0,0,0,0,0,0,0,65,65,0,0,0,1,1,29,29,0,63998,998,-27,31,0,4,1,2,0,4,0,995,9.8,998,998,998,99.8,99.8,99.8,2517.54988436488,8,4
15301,14,57,1-14-2019-057-03,3,3,1VWDT7A3XHC0,17,30,52,2017,4,1,4,0,1,L,1,1439,5,9999,9,0,998,2,80,1,0,0,995,0,0,0,78070,1,9,3,4,2,1,2,1,2,1,1,2,0,0,1,1,0,0,9,0,14,4,62,99,1,1,6,M,98,0,0,0,0,0,0,0,0,0,0,240,40,0,0,0,2,3,5,-1,5,1358,998,-44,5,0,4,0,0,0,0,0,995,9.8,998,998,998,99.8,99.8,99.8,2517.54988436488,8,4
15302,10,58,1-10-2019-058-06,6,1,2T1BR32EX5C3,17,49,32,2005,4,1,3,0,1,F,3,1455,5,9999,9,0,998,5,105,1,0,0,995,0,0,0,45005,9,9,0,3,2,1,2,1,1,1,1,3,2,3,1,1,0,0,1,0,1,3,52,2,1,1,2,D,28,0,0,0,0,0,0,0,0,0,0,60,50,0,0,0,1,3,45,-45,0,166885,998,90,46,0,4,95,95,95,95,0,995,2.8,120,999,999,0.0,0.0,0.0,75.3431708280919,4,4
15302,10,58,1-10-2019-058-06,6,2,1G1ZC5E07CF2,17,20,37,2012,4,1,4,0,1,B,2,1551,5,0,1,1,6,2,105,1,0,0,995,0,0,0,45449,9,9,0,3,2,1,2,1,1,1,1,3,2,3,1,1,0,0,1,0,2,3,53,1,1,1,2,D,29,0,0,0,0,0,0,0,0,0,0,50,60,0,0,0,1,3,39,38,7,100139,998,-42,37,0,4,99,99,0,8,0,995,9.8,998,998,998,99.8,99.8,99.8,75.3431708280919,4,4
15303,10,59,1-10-2019-059-06,6,1,5NPEB4AC5CH4,17,55,33,2012,4,1,4,0,1,F,2,1454,5,0,1,1,6,2,56,1,0,0,995,0,0,0,99999,9,9,0,4,2,1,2,1,2,1,0,2,0,0,3,1,0,0,9,1,14,2,13,99,1,4,1,C,11,0,0,0,0,0,0,0,0,0,0,270,270,0,0,0,1,8,999,999,999,9999999,999,999,999,7,0,99,99,0,99,0,995,9.8,998,998,998,99.8,99.8,99.8,75.3431708457714,4,4
15303,10,59,1-10-2019-059-06,6,2,1C4GP64L3YB6,17,6,441,2000,20,4,20,0,2,B,1,1916,5,0,1,4,7,,,,,,,,,,,,,,,,,,,,,,,,,,,,,,,,,,,,,,,,,,,,,,,,,,,,,,,,,,,,,,,,,,95,95,95,95,,,,,,,,,,75.3431708457714,4,4
15304,66,64,1-66-2019-064-09,9,1,2G1WX12K2Y93,17,20,36,2000,2,1,4,0,1,F,1,1558,5,0,1,1,2,2,89,1,0,0,995,0,7,0,65712,1,2,0,4,2,1,2,1,1,1,1,2,0,0,2,5,0,0,1,0,1,6,87,2,1,1,1,C,13,0,0,0,0,0,0,0,0,0,0,998,998,0,0,0,1,10,999,999,999,9999999,999,0,13,2,0,0,0,0,4,0,998,9.8,998,998,998,99.8,99.8,99.8,1010.92116366829,6,4
15305,66,65,1-66-2019-065-01,1,1,2D4GP44L55R3,17,7,442,2005,20,4,20,0,1,F,2,1857,5,0,1,1,29,2,16,1,9,1,0,2,7,0,65633,1,2,0,4,2,1,2,1,3,1,1,2,0,0,1,8,0,0,9,1,14,2,13,99,2,4,1,A,1,1,4,2,2,1,4,61,1,1,25,998,998,0,0,0,1,10,999,999,999,9999999,999,0,30,3,0,3,22,1,1,3,998,2.1,120,120,-120,40.7,5.4,40.8,153.515868165854,6,4
15306,25,69,1-25-2019-069-09,9,1,5Y2SP67869Z4,17,22,32,2009,6,1,2,0,1,F,2,1295,5,0,1,5,5,2,64,1,1,8,997,8,7,0,04103,1,2,0,1,2,1,2,1,1,1,1,2,0,0,2,1,0,0,9,1,1,2,13,1,1,4,1,A,1,0,0,0,0,0,0,0,0,0,0,998,998,0,1,0,5,12,999,999,999,9999999,999,999,999,7,0,0,0,0,5,0,998,2.9,999,999,999,15.0,4.1,15.4,2065.80823190688,2,4
15307,25,70,1-25-2019-070-10,10,1,YV4SZ5922612,17,51,43,2006,6,1,3,0,1,F,1,1630,5,0,1,1,6,2,80,1,8,0,995,0,7,0,04098,1,2,0,4,4,1,2,1,1,1,1,3,0,0,2,1,0,0,1,0,1,6,87,3,1,1,1,C,13,0,0,0,0,0,0,0,0,0,0,998,998,0,0,0,1,12,999,999,999,9999999,999,999,999,6,0,0,0,0,0,0,998,9.8,998,998,998,99.8,99.8,99.8,12019.9482307989,2,4
15308,12,68,1-12-2019-068-05,5,1,KNAFW6A39D56,17,63,38,2013,2,1,3,0,1,R,3,1341,5,0,1,1,53,2,64,1,0,0,995,0,0,0,73401,9,9,2,4,3,2,1,1,1,1,1,1,0,0,3,1,1,2,9,0,1,4,66,1,1,1,5,L,87,0,0,0,0,0,0,0,0,0,0,175,85,0,0,0,1,1,49,-17,-46,68463,998,-21,35,0,1,9,97,0,8,0,995,3.6,25,25,120,2.9,7.8,8.5,330.370128596484,9,4
15308,12,68,1-12-2019-068-05,5,2,JF1SF655XWH7,17,48,401,1998,14,3,14,0,1,F,3,1365,5,0,1,1,37,2,72,1,0,0,995,0,0,0,76259,9,9,2,1,3,2,1,1,1,1,1,1,0,0,3,1,1,2,9,0,1,2,17,1,1,1,5,L,86,0,0,0,0,0,0,0,0,0,0,85,175,0,0,0,1,1,48,-45,16,218056,998,61,57,0,1,9,97,0,8,0,995,9.8,998,998,998,99.8,99.8,99.8,330.370128596484,9,4
15309,23,33,1-23-2019-033-06,6,1,2C3CDXKT9JH1,17,7,24,2018,4,1,5,5,1,R,1,1886,5,113,8,2,8,5,56,1,8,0,995,0,7,0,99999,9,9,2,4,5,3,2,2,1,1,1,2,0,0,2,2,1,2,1,0,11,2,15,2,1,3,4,J,68,0,0,0,0,0,0,0,0,0,0,205,95,0,0,0,1,1,15,-5,-14,22358,998,103,14,0,1,95,95,95,95,0,995,9.8,998,998,998,99.8,99.8,99.8,3519.08057087551,5,4
15309,23,33,1-23-2019-033-06,6,2,5N1AL0MM9DC3,17,58,402,2013,14,3,14,0,1,F,1,2005,5,9999,9,1,14,2,56,1,8,0,995,0,7,0,43015,9,9,2,4,5,2,2,2,1,1,3,1,0,0,2,2,1,2,1,0,1,4,62,3,1,1,4,J,69,0,0,0,0,0,0,0,0,0,0,95,205,0,0,0,1,1,14,-14,0,17101,998,12,14,0,1,9,97,0,5,0,995,9.8,998,998,998,99.8,99.8,99.8,3519.08057087551,5,4
15310,26,130,1-26-2019-130-08,8,1,KL1TG56676B6,17,20,39,2006,4,1,1,0,1,L,1,1075,5,0,1,1,13,2,40,1,0,0,995,0,0,0,95825,1,9,2,4,2,1,2,1,1,1,0,4,0,0,3,1,2,2,9,0,11,2,15,99,1,1,4,K,82,0,0,0,0,0,0,0,0,0,0,350,100,0,0,0,1,1,17,-8,14,3962,998,82,8,0,4,9,97,0,0,0,995,9.8,998,998,998,99.8,99.8,99.8,423.677907506574,10,4
15310,26,130,1-26-2019-130-08,8,2,JHMES16522S0,17,37,31,2002,4,1,2,0,1,F,1,1095,5,0,1,1,13,2,64,1,0,0,995,0,0,0,95838,3,2,2,5,5,2,2,1,1,1,3,4,0,0,3,1,0,0,1,0,1,4,67,2,1,1,4,K,83,0,0,0,0,0,0,0,0,0,0,100,350,0,0,0,1,1,16,-16,-3,24911,998,-13,24,0,4,2,4,0,4,0,995,9.8,998,998,998,99.8,99.8,99.8,423.677907506574,10,4
15311,26,131,1-26-2019-131-09,9,1,1J4GL38KX4W2,17,2,405,2004,14,3,14,0,1,L,2,1834,5,0,1,5,29,2,72,1,1,9,998,8,9,9,95820,1,1,0,5,5,2,2,1,1,1,3,2,0,0,3,1,0,0,1,1,1,2,13,8,3,4,1,A,2,0,0,0,0,0,0,0,0,0,0,998,998,0,0,7,1,12,999,999,999,9999999,999,999,999,7,0,0,0,0,4,0,998,1.0,30,30,999,5.9,2.0,6.2,2288.69984188496,10,4
15312,26,132,1-26-2019-132-05,5,1,2B3CL3CG1BH5,17,7,24,2011,4,1,5,0,1,F,3,1797,5,0,1,1,25,2,64,1,9,1,0,2,9,1,95822,9,1,2,1,3,1,2,1,1,1,0,3,0,0,3,8,0,0,9,0,1,4,66,99,1,1,5,L,86,1,4,1,1,1,4,63,1,1,16,250,320,0,1,0,1,12,999,999,999,9999999,999,999,999,8,0,3,22,1,3,3,995,0.0,120,5,92,4.3,0.8,4.4,59.6415155829471,10,4
15312,26,132,1-26-2019-132-05,5,2,5TFDY5F16DX2,17,49,482,2013,34,5,31,0,1,R,3,2551,5,9999,9,1,25,2,40,1,9,1,100,2,9,2,95822,2,9,2,4,2,1,2,1,1,1,0,0,0,0,3,8,2,2,9,0,1,2,17,3,1,1,5,L,87,1,4,1,1,1,4,63,1,1,19,320,250,0,1,0,1,12,999,999,999,9999999,999,999,999,8,0,3,22,2,3,3,995,0.0,55,105,13,1.0,0.6,1.1,59.6415155829471,10,4
15312,26,132,1-26-2019-132-05,5,3,KMHCT5AE6HU3,17,55,36,2017,5,1,2,0,2,B,2,1159,5,9999,9,4,31,,,,,,,,,,,,,,,,,,,,,,,,,,,,,,,,,,,,,,,,,,,,,,,,,,,,,,,,,,,,,,,,,,95,95,95,95,,,,,,,,,,59.6415155829471,10,4