CASEID,PSU,CASENO,CASENUMBER,CATEGORY,VEHNO,VIN,VINLENGTH,MAKE,MODEL,MODELYR,BODYTYPE,BODYCAT,VEHCLASS,SPECUSE,TRANSTAT,DAMPLANE,DAMSEV,CURBWT,CURBSRC,CARGOWT,CARGOSRC,INSPTYPE,INSPLAG,TOWED,SPEEDLIMIT,DRPRESENT,PARALCOHOL,ALCTEST,ALCTESTRESULT,ALCTESTSRC,PARDRUG,DRUGTEST,ZIP,RACE,ETHNICITY,RELTOJUNCT,TRAFFLOW,RDLANES,INITLANE,SURFTYPE,SURFCOND,ALIGNMENT,PROFILE,LINERIGHT,LINELEFT,RUMBINIT,RUMBROAD,LIGHTCOND,WEATHER,TRAFDEV,TRAFFUNCT,DISTRACT,PREFHE,PREMOVE,CRITCAT,CRITEVENT,MANEUVER,PRESTAB,PRELOC,CRASHCAT,CRASHCONF,CRASHTYPE,ROLLTYPE,ROLLTURN,ROLLINTRPT,ROLLPREMAN,ROLLINITYP,ROLLINLOC,ROLLOBJ,ROLLTRIP,ROLLDIR,ROLLDIST,DVANGTHIS,DVANGOTH,TOWHITCH,TRAJDOC,TREEPOLE,DVEVENT,DVBASIS,DVTOTAL,DVLONG,DVLAT,DVENERGY,DVSPEED,DVMOMENT,DVBES,DVEST,DVCONF,VAIS,VISS,VINJURED,VTREAT,INITOBJCLASS,HEADANGLECAT,SHLDRWIDTH,STRKLENGTH,STRKWIDTH,STRKHEIGHT,EDGEDISTX,EDGEDISTY,EDGEDISTZ,CASEWGT,PSUSTRAT,VERSION
15391,17,126,1-17-2019-126-09,9,2,1GC1KXEG2BF2,17,20,481,2011,34,5,31,0,1,L,1,2892,5,9999,9,0,998,5,89,1,9,0,995,0,9,0,61254,9,9,2,4,2,1,2,2,1,1,1,2,0,0,2,2,0,0,9,0,1,4,62,99,1,1,4,J,69,0,0,0,0,0,0,0,0,0,0,180,300,0,0,0,1,3,18,-12,14,100293,998,-76,28,0,4,95,95,95,95,0,995,9.8,998,998,998,99.8,99.8,99.8,831.574016118459,4,4
15392,17,127,1-17-2019-127-03,3,1,1FM5K8F83EGC,17,12,401,2014,14,3,14,0,1,F,2,2146,5,0,1,1,7,2,48,1,8,1,0,2,7,1,61265,1,2,0,4,3,1,1,1,2,4,0,2,0,0,1,1,0,0,9,1,14,2,10,1,1,2,3,G,50,0,0,0,0,0,0,0,0,0,0,175,5,0,0,0,1,1,25,-24,4,63007,998,17,27,0,3,2,5,0,3,0,995,9.8,998,998,998,99.8,99.8,99.8,226.633565810367,4,4
15392,17,127,1-17-2019-127-03,3,2,1GNSKBKC8JR3,17,20,421,2018,15,3,15,0,1,F,1,2515,5,0,1,1,8,2,48,1,9,0,995,0,7,0,61279,1,2,0,4,3,1,1,1,3,2,0,2,0,0,1,1,0,0,1,0,14,4,62,4,1,1,3,G,51,0,0,0,0,0,0,0,0,0,0,5,175,0,0,0,1,1,21,-20,7,35437,998,36,18,0,3,1,1,0,4,0,995,9.8,998,998,998,99.8,99.8,99.8,226.633565810367,4,4
15393,17,128,1-17-2019-128-07,7,1,JN8AZ1MW1EW5,17,35,49,2014,6,1,4,0,1,R,1,1826,5,0,1,1,12,2,48,1,9,0,995,0,9,0,61265,1,2,2,4,2,1,4,1,1,1,0,0,0,0,1,1,3,2,2,0,1,2,17,3,1,1,5,L,87,0,0,0,0,0,0,0,0,0,0,0,270,0,0,0,1,3,6,-2,-5,3950,998,-81,6,0,4,0,0,0,0,0,995,9.8,998,998,998,99.8,99.8,99.8,917.747662557698,4,4
15393,17,128,1-17-2019-128-07,7,2,1GCRKSE3XBZ3,17,20,481,2011,34,5,31,0,1,F,1,2408,5,0,2,3,11,2,48,1,9,0,995,0,9,0,61244,9,9,2,4,2,1,2,1,1,1,0,0,0,0,1,1,0,0,9,0,1,4,66,2,1,1,5,L,86,0,0,0,0,0,0,0,0,0,0,270,0,0,0,0,1,3,4,-4,2,1567,998,86,4,0,4,0,0,0,0,0,995,9.8,998,998,998,99.8,99.8,99.8,917.747662557698,4,4
15394,18,60,1-18-2019-060-04,4,1,1HGCV1F35JA1,17,37,32,2018,4,1,4,0,1,R,1,1462,5,0,1,1,5,2,56,1,0,0,995,0,0,0,53140,1,2,2,4,2,1,2,1,1,1,1,2,0,0,1,1,1,2,1,0,1,2,17,1,1,1,5,L,87,0,0,0,0,0,0,0,0,0,0,225,160,0,0,0,1,3,5,-1,-5,4447,998,212,5,0,4,0,0,0,0,0,995,9.8,998,998,998,99.8,99.8,99.8,753.325792959787,6,4
15394,18,60,1-18-2019-060-04,4,2,3C3EL55H4XT5,17,6,43,1999,1,1,3,0,1,F,1,1555,5,9999,9,0,998,5,40,1,0,0,995,0,0,0,54729,9,9,2,4,2,1,2,1,1,4,1,2,0,0,1,1,0,0,9,0,1,4,66,99,1,1,5,L,86,0,0,0,0,0,0,0,0,0,0,160,225,0,0,0,1,3,5,-4,3,2326,998,102,5,0,4,95,95,95,95,0,995,9.8,998,998,998,99.8,99.8,99.8,753.325792959787,6,4
15395,18,61,1-18-2019-061-07,7,1,1FTFW1R69EFB,17,12,481,2014,34,5,31,0,1,F,1,2812,5,0,1,1,5,2,113,1,0,0,995,0,0,0,54660,1,2,0,2,2,1,2,1,1,1,1,3,2,3,2,1,0,0,1,0,1,6,87,1,1,1,1,C,13,0,0,0,0,0,0,0,0,0,0,998,998,0,0,0,1,10,999,999,999,9999999,999,35,19,2,0,0,0,0,0,0,998,9.8,998,998,998,99.8,99.8,99.8,1035.60958080118,6,4
15396,15,72,1-15-2019-072-04,4,1,3C4NJDBB4JT2,17,2,1,2018,6,1,2,0,1,R,1,1509,5,9999,9,0,998,5,48,1,8,9,998,8,7,9,11572,9,9,2,4,5,3,2,1,2,4,1,2,0,0,1,1,1,2,9,0,11,2,15,99,1,1,4,J,68,0,0,0,0,0,0,0,0,0,0,205,100,0,0,0,1,3,24,-8,-22,52918,998,53,28,0,4,95,95,95,95,0,995,9.8,998,998,998,99.8,99.8,99.8,232.177320146335,1,4
15396,15,72,1-15-2019-072-04,4,2,3N1AB7AP4FL6,17,35,43,2015,4,1,3,0,1,F,2,1293,5,0,1,1,19,2,48,1,8,0,995,0,7,0,11429,1,1,2,4,5,1,2,1,3,2,1,1,0,0,1,1,1,2,1,0,14,4,62,4,1,1,4,J,69,0,0,0,0,0,0,0,0,0,0,100,205,0,0,0,1,3,26,-26,5,22810,998,34,20,0,4,1,1,0,4,0,995,9.8,998,998,998,99.8,99.8,99.8,232.177320146335,1,4
15397,15,73,1-15-2019-073-06,6,1,1FTNX20LXYED,17,12,481,2000,34,5,31,0,1,F,9,2354,5,9999,9,0,998,5,48,1,8,0,995,0,7,0,11520,9,9,2,4,4,1,2,1,1,1,1,1,0,0,1,8,1,2,9,0,1,2,17,99,1,1,4,K,83,0,0,0,0,0,0,0,0,0,0,90,355,0,0,0,1,0,999,999,999,9999999,999,999,999,9,0,95,95,95,95,0,995,9.8,998,998,998,99.8,99.8,99.8,98.4528300426779,1,4
15397,15,73,1-15-2019-073-06,6,2,JH4CU2F46EC0,17,54,39,2014,4,1,3,0,1,L,1,1545,5,0,1,1,13,2,48,1,8,0,995,0,7,0,11793,1,2,2,4,2,1,2,1,1,2,0,2,0,0,1,8,1,2,1,0,11,4,66,2,1,1,4,K,82,0,0,0,0,0,0,0,0,0,0,355,90,0,0,0,1,12,999,999,999,9999999,999,999,14,2,0,1,1,0,0,0,995,9.8,998,998,998,99.8,99.8,99.8,98.4528300426779,1,4
15398,22,84,1-22-2019-084-06,6,1,JTDKN3DU2A00,17,49,46,2010,5,1,3,0,1,F,2,1380,5,0,1,1,30,2,105,1,0,0,995,0,0,0,83501,1,2,0,1,2,1,2,1,1,1,1,3,2,3,2,1,0,0,1,0,1,6,87,4,1,1,1,C,13,0,0,0,0,0,0,0,0,0,0,998,998,0,1,0,1,10,999,999,999,9999999,999,-5,25,3,0,0,0,0,0,0,998,9.8,998,998,998,99.8,99.8,99.8,278.232065478041,12,4
15399,26,133,1-26-2019-133-05,5,1,2G4WS52J2212,17,18,7,2002,4,1,3,0,1,F,3,1528,5,0,1,1,17,2,89,1,0,1,0,2,0,0,89403,1,2,0,4,2,1,2,1,1,1,1,2,3,3,1,1,0,0,3,1,1,2,10,99,1,4,3,G,50,0,0,0,0,0,0,0,0,0,0,250,90,0,0,0,1,1,60,-60,0,407782,998,-5,81,0,1,1,3,0,3,0,995,9.8,998,998,998,99.8,99.8,99.8,84.9314559388932,10,4
15399,26,133,1-26-2019-133-05,5,2,19XFB2F99DE2,17,37,31,2013,4,1,3,0,1,F,3,1236,5,0,1,1,25,2,89,1,0,1,0,2,0,1,95683,1,9,0,4,2,1,2,1,1,1,1,2,3,3,1,1,0,0,1,1,1,4,62,4,1,4,3,G,51,0,0,0,0,0,0,0,0,0,0,90,250,0,0,0,1,1,72,-68,25,83083,998,25,40,0,1,3,22,1,3,0,995,9.8,998,998,998,99.8,99.8,99.8,84.9314559388932,10,4
15400,26,134,1-26-2019-134-02,2,1,3N1AB7AP7KY2,17,35,43,2019,4,1,3,0,1,T,3,1315,5,0,1,1,25,2,105,1,0,1,0,2,0,2,95605,1,9,0,2,3,1,2,1,1,1,1,3,0,0,3,1,0,0,9,1,1,2,13,10,1,4,1,A,1,1,6,1,2,1,3,61,1,1,21,998,998,0,0,1,2,7,999,999,999,9999999,999,999,999,8,0,2,12,0,3,3,998,1.3,999,999,999,65.2,2.3,65.3,35.3870978701242,10,4
15401,26,135,1-26-2019-135-06,6,1,3GNGC26U61G1,17,20,431,2001,16,3,16,99,1,R,9,2565,5,9999,9,0,998,2,80,1,9,9,998,8,9,9,95948,1,9,0,4,2,1,2,1,1,1,0,4,0,0,1,1,0,0,9,1,6,2,10,2,2,4,3,I,64,1,1,2,2,7,4,2,2,2,3,170,20,0,1,0,1,0,999,999,999,9999999,999,999,999,9,0,1,1,0,8,1,995,9.8,998,998,998,99.8,99.8,99.8,1214.77341529542,10,4
15401,26,135,1-26-2019-135-06,6,2,3C6JR6AT6EG2,17,7,482,2014,34,5,31,0,1,F,1,2146,5,9999,9,4,47,2,80,1,0,0,995,0,0,0,95673,1,1,0,4,2,1,2,1,1,1,0,4,0,0,1,1,0,0,1,0,1,4,62,8,1,1,3,I,65,0,0,0,0,0,0,0,0,0,0,20,170,0,1,0,1,12,999,999,999,9999999,999,999,999,6,0,0,0,0,4,0,995,9.8,998,998,998,99.8,99.8,99.8,1214.77341529542,10,4
15403,32,133,1-32-2019-133-03,3,1,2GNALBEK7H15,17,20,404,2017,14,3,14,0,1,F,1,1706,5,0,1,1,20,2,113,1,0,0,995,0,0,0,75098,1,9,1,2,5,1,1,1,1,1,1,3,0,0,3,1,0,0,9,1,1,2,13,99,1,4,1,C,11,0,0,0,0,0,0,0,0,0,0,295,290,0,0,0,1,3,13,-13,-2,8077,998,35,11,0,4,9,97,0,5,0,995,2.9,120,14,16,21.6,3.0,21.8,697.880859924719,7,4
15403,32,133,1-32-2019-133-03,3,2,1HGCP36748A0,17,37,32,2008,4,1,4,0,2,L,1,1621,5,0,1,5,8,,,,,,,,,,,,,,,,,,,,,,,,,,,,,,,,,,,,,,,,,,,,,,,,,,,,,,,,,,,,,,,,,,95,95,95,95,,,,,,,,,,697.880859924719,7,4
15403,32,133,1-32-2019-133-03,3,3,1XPHD49X2DD1,17,87,881,2013,66,8,68,0,1,U,9,,,,,,,5,113,1,0,0,995,0,0,0,71055,9,9,1,2,5,1,1,1,1,1,1,3,0,0,3,1,0,0,9,0,1,6,90,99,1,1,6,M,98,,,,,,,,,,,,,,,,,,,,,,,,,,,95,95,95,95,,,9.8,998,998,998,99.8,99.8,99.8,697.880859924719,7,4
15403,32,133,1-32-2019-133-03,3,4,WDBJF70J21B2,17,42,48,2001,4,1,4,0,1,U,9,1710,5,9999,9,0,998,5,113,1,0,0,995,0,0,0,75220,9,9,1,2,5,2,1,1,1,1,3,3,0,0,3,1,0,0,9,0,1,6,90,99,1,9,6,M,98,0,0,0,0,0,0,0,0,0,0,998,998,0,0,0,4,0,999,999,999,9999999,999,999,999,9,0,95,95,95,95,0,998,9.8,998,998,998,99.8,99.8,99.8,697.880859924719,7,4
15404,30,96,1-30-2019-096-03,3,1,KMHGC4DD9CU1,17,55,41,2012,4,1,5,0,1,F,2,1768,5,9999,9,4,144,2,72,1,1,1,237,3,0,0,85258,9,9,2,1,3,2,2,1,2,1,3,3,0,0,3,1,1,2,1,0,14,3,50,99,1,1,2,D,20,0,0,0,0,0,0,0,0,0,0,330,330,0,0,0,1,12,999,999,999,9999999,999,999,999,7,0,1,1,0,4,0,995,9.8,998,998,998,99.8,99.8,99.8,174.703785525035,10,4
15404,30,96,1-30-2019-096-03,3,2,JTEBU5JR0G53,17,49,401,2016,14,3,14,0,1,B,9,2111,5,9999,9,0,998,2,72,1,0,0,995,0,0,0,85254,1,2,2,1,3,2,2,1,2,1,3,3,0,0,3,1,1,2,1,0,5,3,53,1,1,1,2,D,21,0,0,0,0,0,0,0,0,0,0,330,330,0,0,0,1,0,999,999,999,9999999,999,999,999,9,0,1,1,0,4,0,995,9.8,998,998,998,99.8,99.8,99.8,174.703785525035,10,4
15404,30,96,1-30-2019-096-03,3,3,1GYFK66827R2,17,19,421,2007,15,3,15,0,1,B,1,2570,5,9999,9,4,144,3,72,1,0,0,995,0,0,0,85250,9,9,2,1,3,2,2,1,2,1,3,3,0,0,3,1,1,2,1,0,5,3,53,1,1,1,6,M,98,0,0,0,0,0,0,0,0,0,0,330,330,0,0,0,2,12,999,999,999,9999999,999,999,999,6,0,9,97,0,8,0,995,9.8,998,998,998,99.8,99.8,99.8,174.703785525035,10,4
15405,13,80,1-13-2019-080-09,9,1,1GNEK13R2VJ4,17,20,421,1997,15,3,15,0,1,F,9,2396,5,9999,9,0,998,5,48,1,0,0,995,0,0,0,76039,9,9,2,4,2,1,1,1,1,1,0,0,0,0,1,1,0,0,9,0,11,2,15,99,1,1,4,K,82,0,0,0,0,0,0,0,0,0,0,130,270,0,0,0,1,0,999,999,999,9999999,999,999,999,9,0,95,95,95,95,0,995,9.8,998,998,998,99.8,99.8,99.8,11190.942356507,7,4
15405,13,80,1-13-2019-080-09,9,2,JT2BG22K4X03,17,49,40,1999,4,1,3,0,1,F,2,1360,5,0,1,4,12,2,48,1,0,0,995,0,0,0,76039,1,2,2,5,5,3,1,1,1,1,4,4,0,0,1,1,0,0,1,0,1,4,67,2,1,1,4,K,83,0,0,0,0,0,0,0,0,0,0,270,130,0,0,0,1,12,999,999,999,9999999,999,999,999,7,0,0,0,0,0,0,995,9.8,998,998,998,99.8,99.8,99.8,11190.942356507,7,4
15406,21,112,1-21-2019-112-02,2,1,1G1ZD5ST1JF1,17,20,37,2018,4,1,4,0,1,L,2,1400,5,0,2,1,43,2,89,1,9,1,0,2,9,1,93596,1,2,1,3,1,1,2,1,1,9,1,1,0,0,2,1,0,0,9,1,11,2,15,1,1,6,4,J,72,1,3,2,2,1,4,61,1,1,18,20,95,0,0,0,1,5,999,999,999,9999999,999,999,31,3,0,3,17,1,3,3,995,2.9,999,999,999,8.0,3.0,8.3,32.7360487870005,11,4
15406,21,112,1-21-2019-112-02,2,2,3AKJGLD5XGSG,17,82,881,2016,66,8,68,0,1,F,9,,,,,,,2,89,1,0,0,995,0,0,0,92027,9,9,1,1,2,1,2,1,3,9,1,2,1,3,2,1,0,0,1,0,14,4,74,3,1,2,4,J,73,,,,,,,,,,,,,,,,,,,,,,,,,,,95,95,95,95,,,2.7,999,999,999,15.0,3.0,15.1,32.7360487870005,11,4
15407,21,113,1-21-2019-113-03,3,1,JF1VA1A65K98,17,48,47,2019,4,1,3,0,1,F,1,1543,5,9999,9,4,33,2,105,1,0,0,995,0,0,0,91740,9,9,0,2,4,2,1,1,1,9,3,3,0,0,2,1,0,0,3,0,1,3,51,8,1,1,2,D,24,0,0,0,0,0,0,0,0,0,0,195,180,0,0,0,1,5,999,999,999,9999999,999,999,999,2,0,1,1,0,99,0,995,9.8,998,998,998,99.8,99.8,99.8,407.386557362972,11,4
15407,21,113,1-21-2019-113-03,3,2,3HSDJSJR4CN5,17,84,881,2012,66,8,68,0,1,B,9,,,,,,,5,89,1,0,0,995,0,0,0,00001,9,9,0,2,4,2,1,1,1,9,3,3,0,0,2,1,0,0,1,0,1,3,53,1,1,1,2,D,25,,,,,,,,,,,,,,,,,,,,,,,,,,,95,95,95,95,,,9.8,998,998,998,99.8,99.8,99.8,407.386557362972,11,4
15409,21,115,1-21-2019-115-03,3,1,5YFBURHE5JP7,17,49,32,2018,4,1,3,0,1,F,9,1265,5,9999,9,0,998,2,56,1,0,0,995,0,0,0,93245,3,2,2,4,3,2,2,1,1,1,1,2,0,0,1,1,2,2,9,0,1,2,17,1,1,1,5,L,86,0,0,0,0,0,0,0,0,0,0,230,320,0,0,0,6,0,999,999,999,9999999,999,999,999,9,0,2,4,0,4,0,995,0.0,120,15,20,0.0,0.0,0.0,407.386557412148,11,4
15409,21,115,1-21-2019-115-03,3,2,1HGEM219X1L8,17,37,31,2001,2,1,2,0,1,R,9,1095,5,9999,9,0,998,2,56,1,0,0,995,0,0,0,92551,9,1,2,1,4,3,2,1,1,1,1,1,0,0,1,1,2,2,9,0,1,4,66,1,1,1,5,L,87,0,0,0,0,0,0,0,0,0,0,320,230,0,0,0,1,0,999,999,999,9999999,999,999,999,9,0,0,0,0,0,0,995,9.8,998,998,998,99.8,99.8,99.8,407.386557412148,11,4
15410,20,47,1-20-2019-047-09,9,1,1MEFM50U92G6,17,14,17,2002,4,1,3,0,1,F,9,1533,8,9999,9,0,998,5,0,1,8,0,995,0,7,0,93905,9,9,0,4,2,1,2,1,1,4,0,0,0,0,1,1,0,0,9,0,11,2,15,1,1,1,4,K,82,0,0,0,0,0,0,0,0,0,0,325,60,0,0,0,1,0,999,999,999,9999999,999,999,999,9,0,95,95,95,95,0,995,9.8,998,998,998,99.8,99.8,99.8,5770.15136025009,11,4
15410,20,47,1-20-2019-047-09,9,2,1HGCM66553A0,17,37,32,2003,4,1,3,0,1,F,2,1389,5,9999,9,1,13,2,40,1,8,9,998,8,7,9,95012,9,1,0,5,5,1,2,1,1,1,3,2,0,0,1,1,0,0,9,0,1,4,72,99,1,1,4,K,83,0,0,0,0,0,0,0,0,0,0,998,998,0,0,1,2,1,27,-27,-5,44254,998,-1,27,0,4,1,1,0,0,0,998,5.0,120,28,-120,5.2,3.7,6.1,5770.15136025009,11,4
15413,76,53,1-76-2019-053-10,10,1,2GCEK19V3311,17,20,481,2003,34,5,31,0,1,F,1,2151,5,0,1,1,26,2,48,1,8,9,998,8,7,9,12496,9,9,0,4,2,1,2,1,1,1,1,2,0,0,3,1,0,0,9,0,1,6,87,99,1,1,1,C,13,0,0,0,0,0,0,0,0,0,0,998,998,0,0,0,1,10,999,999,999,9999999,999,17,13,2,0,0,0,0,0,0,998,9.8,998,998,998,99.8,99.8,99.8,28.9409305669902,3,4
15414,29,124,1-29-2019-124-06,6,1,1G11A5SA2DF3,17,20,37,2013,4,1,3,0,1,F,2,1539,5,0,1,1,9,2,48,1,0,0,995,0,0,0,02703,9,9,0,4,2,1,2,2,1,1,1,2,0,0,1,2,0,0,9,1,1,1,6,2,2,4,1,A,2,0,0,0,0,0,0,0,0,0,0,998,998,0,1,1,2,12,999,999,999,9999999,999,999,36,3,0,99,99,0,0,0,998,1.0,16,15,13,0.0,0.0,0.0,73.011235205074,2,4
15415,54,31,1-54-2019-031-04,4,1,2C4RC1BG6GR1,17,6,441,2016,20,4,20,0,1,F,1,2115,5,0,1,1,16,2,72,1,0,0,995,0,0,0,35581,1,1,2,3,2,1,2,2,3,1,1,2,0,0,1,2,1,2,1,0,11,4,66,2,1,1,4,K,82,0,0,0,0,0,0,0,0,0,0,240,355,0,0,0,1,1,18,-14,11,29374,998,101,16,0,4,1,1,0,0,0,995,9.8,998,998,998,99.8,99.8,99.8,539.892575500541,9,4
15415,54,31,1-54-2019-031-04,4,2,1FTFW1EV3AFD,17,12,481,2010,34,5,31,0,1,F,1,2522,5,0,1,1,25,2,72,1,8,0,995,0,0,0,35581,1,2,2,1,4,1,2,2,1,1,1,3,0,0,1,2,1,2,3,0,1,2,17,3,1,1,4,K,83,0,0,0,0,0,0,0,0,0,0,355,240,0,0,0,1,1,14,-13,-5,30246,998,-21,17,0,4,1,1,0,0,0,995,9.8,998,998,998,99.8,99.8,99.8,539.892575500541,9,4
15420,77,121,1-77-2019-121-02,2,1,19XFA1F83AE0,17,37,31,2010,4,1,3,0,1,F,1,1199,5,9999,9,4,39,2,56,1,0,1,0,2,0,0,22902,9,9,0,4,2,1,2,1,3,1,1,2,0,0,2,1,0,0,1,0,14,4,62,99,1,1,3,G,51,0,0,0,0,0,0,0,0,0,0,230,50,0,0,0,1,3,23,-23,0,30725,998,0,25,0,4,2,5,0,3,0,995,9.8,998,998,998,99.8,99.8,99.8,82.9547267506105,9,4
15420,77,121,1-77-2019-121-02,2,2,WMEEJ3BA0FK8,17,65,398,2015,3,1,1,0,1,F,2,820,5,0,1,1,39,2,56,1,1,1,379,2,9,0,22901,9,9,0,4,2,1,2,1,2,1,1,2,0,0,2,1,0,0,9,1,14,2,10,99,1,2,3,G,50,0,0,0,0,0,0,0,0,0,0,50,230,0,0,0,1,3,32,-32,0,31353,998,-9,30,0,4,3,14,1,3,0,995,9.8,998,998,998,99.8,99.8,99.8,82.9547267506105,9,4
15421,77,122,1-77-2019-122-06,6,1,JF2SHADC4BH7,17,48,401,2011,14,3,14,0,1,F,1,1500,5,0,1,5,7,2,56,1,0,0,995,0,0,0,22901,1,2,2,1,4,2,2,2,3,1,3,1,0,0,3,2,1,2,1,0,14,2,17,2,1,1,4,J,69,0,0,0,0,0,0,0,0,0,0,345,120,0,0,0,1,3,15,-15,3,13498,998,37,14,0,4,0,0,0,0,0,995,9.8,998,998,998,99.8,99.8,99.8,1416.10656150084,9,4
15421,77,122,1-77-2019-122-06,6,2,1GNKVGKD8EJ3,17,20,423,2014,15,3,15,0,1,F,1,2197,5,0,1,1,7,2,56,1,0,0,995,0,0,0,22911,1,2,2,1,4,4,2,2,1,1,1,2,0,0,3,2,1,2,1,0,11,4,63,1,1,1,4,J,68,0,0,0,0,0,0,0,0,0,0,120,345,0,0,0,1,3,10,-9,-5,13454,998,-73,11,0,1,0,0,0,0,0,995,9.8,998,998,998,99.8,99.8,99.8,1416.10656150084,9,4
15422,77,123,1-77-2019-123-03,3,1,2GTEK63N8513,17,23,481,2005,34,5,31,0,1,F,3,2397,5,9999,9,0,998,5,48,1,0,0,995,0,0,0,22551,9,9,2,1,6,2,2,1,1,4,1,3,0,0,1,1,1,2,3,0,1,3,52,99,1,1,2,D,28,0,0,0,0,0,0,0,0,0,0,30,30,0,0,0,1,3,45,-45,0,184893,998,0,45,0,4,95,95,95,95,0,995,9.8,998,998,998,99.8,99.8,99.8,985.808311288203,9,4
15422,77,123,1-77-2019-123-03,3,2,5FNRL38716B4,17,37,441,2006,20,4,20,0,1,B,3,2062,5,0,1,1,5,2,72,1,0,0,995,0,0,0,22902,1,2,2,1,6,2,2,1,1,4,1,3,0,0,1,1,1,2,1,0,2,3,53,1,1,1,2,D,29,0,0,0,0,0,0,0,0,0,0,30,30,0,0,0,1,3,47,47,0,196719,998,8,47,0,4,0,0,0,0,0,995,9.8,998,998,998,99.8,99.8,99.8,985.808311288203,9,4
15422,77,123,1-77-2019-123-03,3,3,KNDJX3A50F71,17,63,37,2015,6,1,2,0,1,B,1,1306,5,0,1,1,5,2,72,1,0,0,995,0,0,0,22937,1,2,2,1,6,2,2,1,1,4,1,3,0,0,1,1,1,2,1,0,1,3,52,1,1,1,6,M,98,0,0,0,0,0,0,0,0,0,0,30,30,0,0,0,2,1,20,20,0,7973,998,-10,12,0,1,0,0,0,0,0,995,9.8,998,998,998,99.8,99.8,99.8,985.808311288203,9,4
15424,11,104,1-11-2019-104-02,2,1,1B7GG66X1KS0,17,7,472,1989,34,5,30,0,1,F,2,1623,5,0,2,0,998,2,56,1,0,0,995,0,0,0,23836,1,2,0,4,2,1,2,2,2,1,1,2,0,0,5,2,0,0,1,1,14,1,6,99,9,2,3,G,50,0,0,0,0,0,0,0,0,0,0,30,230,0,0,0,1,3,26,-26,5,78044,998,88,29,0,4,1,1,0,6,0,995,9.8,998,998,998,99.8,99.8,99.8,236.33190718934,8,4
15424,11,104,1-11-2019-104-02,2,2,1GKS2BKC9HR1,17,23,421,2017,15,3,15,0,1,F,1,2515,5,0,1,1,23,2,56,1,0,0,995,0,0,0,23834,9,9,0,4,2,1,2,2,1,1,1,2,0,0,5,2,0,0,1,0,1,4,62,2,1,1,3,G,51,0,0,0,0,0,0,0,0,0,0,230,30,0,0,0,1,3,17,-14,8,15037,998,56,11,0,4,9,97,0,99,0,995,9.8,998,998,998,99.8,99.8,99.8,236.33190718934,8,4
15426,24,126,1-24-2019-126-03,3,1,1FAHP2L81GG1,17,12,17,2016,4,1,4,5,1,F,1,1822,5,0,1,5,18,2,40,1,0,0,995,0,0,0,08401,2,2,2,3,2,1,2,1,1,1,0,3,0,0,3,1,1,2,1,0,1,4,66,4,1,1,5,L,88,0,0,0,0,0,0,0,0,0,0,355,250,0,0,0,1,3,14,-14,-2,9786,998,-45,11,0,4,1,2,0,4,0,995,9.8,998,998,998,99.8,99.8,99.8,383.483882023931,1,4
15426,24,126,1-24-2019-126-03,3,2,5NPET4AC9AH6,17,55,33,2010,4,1,3,0,1,L,1,1493,5,0,1,5,12,2,40,1,0,0,995,0,0,0,08401,2,2,2,3,2,1,2,1,1,1,3,0,0,0,3,1,1,2,3,0,1,2,17,99,1,1,5,L,89,0,0,0,0,0,0,0,0,0,0,250,355,0,0,0,1,3,15,-5,14,22798,998,-39,18,0,4,1,2,0,4,0,995,9.8,998,998,998,99.8,99.8,99.8,383.483882023931,1,4
15427,24,127,1-24-2019-127-03,3,1,JN8AZ28R99T1,17,35,52,2009,6,1,2,0,1,F,1,2884,9,9999,9,0,998,5,56,1,0,0,995,0,0,0,08401,9,9,0,1,4,2,2,1,1,1,3,2,0,0,1,1,0,0,9,0,1,3,52,99,1,1,2,D,28,0,0,0,0,0,0,0,0,0,0,320,320,0,0,0,1,3,5,-5,0,4661,998,0,6,0,4,95,95,95,95,0,995,9.8,998,998,998,99.8,99.8,99.8,383.483882023931,1,4
15427,24,127,1-24-2019-127-03,3,2,JC1NFAEK1J01,17,36,39,2018,1,1,1,0,1,B,1,1114,5,0,1,1,11,2,56,1,0,0,995,0,0,0,08406,1,2,0,1,4,2,2,1,1,1,3,2,0,0,1,1,0,0,1,0,2,3,51,1,1,1,2,D,29,0,0,0,0,0,0,0,0,0,0,320,320,0,0,0,1,3,13,13,0,6644,998,-16,12,0,4,1,1,0,6,0,995,9.8,998,998,998,99.8,99.8,99.8,383.483882023931,1,4
15428,52,70,1-52-2019-070-10,10,1,1FTWW31R38ED,17,12,481,2008,39,5,39,0,1,F,1,2785,5,68,1,1,27,3,105,1,0,0,995,0,0,0,59101,1,2,0,2,2,2,2,5,1,1,3,2,1,3,4,1,0,0,1,1,1,1,5,7,3,4,1,B,7,0,0,0,0,0,0,0,0,0,0,998,998,0,0,0,1,10,999,999,999,9999999,999,32,13,2,0,0,0,0,0,0,998,1.2,120,8,30,6.1,5.1,8.2,4899.08661120578,12,4