CASEID,PSU,CASENO,CASENUMBER,CATEGORY,VEHNO,VIN,VINLENGTH,MAKE,MODEL,MODELYR,BODYTYPE,BODYCAT,VEHCLASS,SPECUSE,TRANSTAT,DAMPLANE,DAMSEV,CURBWT,CURBSRC,CARGOWT,CARGOSRC,INSPTYPE,INSPLAG,TOWED,SPEEDLIMIT,DRPRESENT,PARALCOHOL,ALCTEST,ALCTESTRESULT,ALCTESTSRC,PARDRUG,DRUGTEST,ZIP,RACE,ETHNICITY,RELTOJUNCT,TRAFFLOW,RDLANES,INITLANE,SURFTYPE,SURFCOND,ALIGNMENT,PROFILE,LINERIGHT,LINELEFT,RUMBINIT,RUMBROAD,LIGHTCOND,WEATHER,TRAFDEV,TRAFFUNCT,DISTRACT,PREFHE,PREMOVE,CRITCAT,CRITEVENT,MANEUVER,PRESTAB,PRELOC,CRASHCAT,CRASHCONF,CRASHTYPE,ROLLTYPE,ROLLTURN,ROLLINTRPT,ROLLPREMAN,ROLLINITYP,ROLLINLOC,ROLLOBJ,ROLLTRIP,ROLLDIR,ROLLDIST,DVANGTHIS,DVANGOTH,TOWHITCH,TRAJDOC,TREEPOLE,DVEVENT,DVBASIS,DVTOTAL,DVLONG,DVLAT,DVENERGY,DVSPEED,DVMOMENT,DVBES,DVEST,DVCONF,VAIS,VISS,VINJURED,VTREAT,INITOBJCLASS,HEADANGLECAT,SHLDRWIDTH,STRKLENGTH,STRKWIDTH,STRKHEIGHT,EDGEDISTX,EDGEDISTY,EDGEDISTZ,CASEWGT,PSUSTRAT,VERSION
15429,52,71,1-52-2019-071-05,5,1,5TBBV54188S4,17,49,482,2008,34,5,31,0,1,F,3,2470,9,46,1,1,27,2,97,1,0,8,997,8,0,0,59718,1,1,0,4,2,1,2,5,1,1,1,2,0,0,1,4,0,0,9,1,1,1,5,99,1,2,3,G,50,0,0,0,0,0,0,0,0,0,0,190,55,0,1,0,1,2,45,-42,-15,167646,58,-76,37,0,1,1,1,0,4,0,995,9.8,998,998,998,99.8,99.8,99.8,25.9688450283259,12,4
15429,52,71,1-52-2019-071-05,5,2,1FTFW1EF7CFB,17,12,481,2012,34,5,31,0,1,F,3,2522,5,150,1,1,27,2,97,1,1,1,97,2,0,0,59101,1,2,0,4,2,1,2,3,1,1,1,2,0,0,1,4,0,0,9,0,1,4,62,3,1,1,3,G,51,0,0,0,0,0,0,0,0,0,0,55,190,0,1,0,1,2,42,-40,14,307521,46,69,49,0,1,5,38,1,3,0,995,9.8,998,998,998,99.8,99.8,99.8,25.9688450283259,12,4
15430,28,61,1-28-2019-061-02,2,1,2T1BURHE3JC9,17,49,32,2018,4,1,3,0,1,F,2,1265,5,0,1,1,18,2,113,1,0,1,0,2,0,0,14304,1,2,0,2,2,2,2,1,2,1,3,2,1,3,2,1,0,0,1,1,14,2,12,1,1,4,1,B,6,0,0,0,0,0,0,0,0,0,0,998,998,0,0,0,3,11,999,999,999,9999999,999,999,999,7,0,2,6,0,4,0,998,1.3,120,43,82,99.9,1.0,99.9,43.8808232157901,3,4
15431,28,62,1-28-2019-062-04,4,1,3GCPYFED0KG1,17,20,481,2019,34,5,31,0,1,R,2,2184,8,0,1,1,5,2,56,1,0,0,995,0,0,0,16915,1,2,0,4,2,1,2,2,3,1,0,2,0,0,2,2,6,2,1,0,14,6,87,3,1,1,1,C,13,0,0,0,0,0,0,0,0,0,0,998,998,0,1,1,3,11,999,999,999,9999999,999,999,999,7,0,0,0,0,0,0,998,0.0,10,4,120,13.8,4.1,14.3,2036.70437463308,3,4
15432,48,63,1-48-2019-063-07,7,1,3TMMU4FN4DM0,17,49,472,2013,34,5,30,0,1,T,1,1914,5,0,2,1,9,2,129,1,0,0,995,0,0,0,84020,1,2,0,1,2,2,1,1,2,1,3,2,1,3,1,1,0,0,3,1,14,2,12,1,1,4,1,B,6,1,3,2,2,1,3,61,1,1,11,997,997,0,0,0,3,6,999,999,999,9999999,999,999,999,6,0,0,0,0,5,3,997,0.7,8,8,40,31.3,2.2,31.7,876.224951009777,12,4
15433,48,64,1-48-2019-064-07,7,1,1HGES25742L0,17,37,31,2002,4,1,2,0,1,F,2,1095,5,0,1,2,1,5,80,1,0,0,995,0,0,0,84337,9,9,0,4,2,1,2,1,1,1,1,2,0,0,1,1,0,0,1,0,1,3,52,3,1,1,2,D,28,0,0,0,0,0,0,0,0,0,0,170,175,0,0,0,1,12,999,999,999,9999999,999,999,999,3,0,95,95,95,95,0,995,9.8,998,998,998,99.8,99.8,99.8,876.224951009777,12,4
15433,48,64,1-48-2019-064-07,7,2,1FAHP3FNXBW1,17,12,37,2011,4,1,2,0,1,B,1,1225,5,0,2,1,2,2,80,1,0,0,995,0,0,0,84414,1,1,0,4,2,1,2,1,1,1,1,2,0,0,1,1,0,0,1,0,2,3,53,1,1,1,2,D,29,0,0,0,0,0,0,0,0,0,0,175,170,0,0,0,1,12,999,999,999,9999999,999,999,999,6,0,0,0,0,0,0,995,9.8,998,998,998,99.8,99.8,99.8,876.224951009777,12,4
15434,10,63,1-10-2019-063-06,6,1,1GNKVGED4CJ3,17,20,24,2012,6,1,5,0,1,L,1,2234,5,0,1,1,6,2,56,1,0,0,995,0,0,0,45417,9,9,0,1,1,1,2,2,1,1,0,2,0,0,3,2,0,0,1,0,8,2,21,1,1,2,6,M,98,0,0,0,0,0,0,0,0,0,0,55,95,0,0,0,1,3,6,4,4,6292,998,147,6,0,4,1,1,0,4,0,995,9.8,998,998,998,99.8,99.8,99.8,93.5415096631219,4,4
15434,10,63,1-10-2019-063-06,6,2,2GDCG15HXM45,17,23,461,1991,21,4,21,99,1,F,1,2031,9,9999,9,0,998,5,56,1,0,0,995,0,0,0,45417,9,9,0,1,1,1,2,2,1,1,0,2,0,0,3,2,0,0,1,0,1,4,64,99,1,9,6,M,98,0,0,0,0,0,0,0,0,0,0,95,55,0,0,0,1,3,7,-6,-1,2820,998,-40,6,0,4,95,95,95,95,0,995,9.8,998,998,998,99.8,99.8,99.8,93.5415096631219,4,4
15437,32,135,1-32-2019-135-05,5,1,1C3CCBABXCN2,17,6,18,2012,4,1,3,0,1,F,3,1537,5,0,1,1,24,2,48,1,0,0,995,0,0,0,75238,1,1,0,1,3,1,1,1,1,1,0,3,0,0,3,8,0,0,2,0,1,3,50,2,1,1,2,D,20,0,0,0,0,0,0,0,0,0,0,65,65,0,0,0,1,1,42,-42,0,100490,998,0,38,0,4,3,10,2,3,0,995,0.0,999,999,999,13.2,5.7,14.3,136.724284705694,7,4
15437,32,135,1-32-2019-135-05,5,2,JHMGE8H56BC0,17,37,39,2011,5,1,1,0,1,B,3,1121,5,0,1,1,24,2,48,1,0,1,0,2,0,0,75226,1,2,0,1,3,1,1,1,1,1,0,3,0,0,3,8,0,0,1,0,5,3,53,1,1,1,2,D,21,0,0,0,0,0,0,0,0,0,0,65,65,0,0,0,1,1,58,58,0,196109,998,0,62,0,4,2,9,0,3,0,995,9.8,998,998,998,99.8,99.8,99.8,136.724284705694,7,4
15437,32,135,1-32-2019-135-05,5,3,999999999999,99,99,399,9999,9,1,9,99,2,L,9,9999,9,9999,9,0,998,,,,,,,,,,,,,,,,,,,,,,,,,,,,,,,,,,,,,,,,,,,,,,,,,,,,,,,,,,,,,,,,,,95,95,95,95,,,,,,,,,,136.724284705694,7,4
15438,32,136,1-32-2019-136-03,3,1,2HGFC4B00JH3,17,37,31,2018,2,1,3,0,1,F,2,1256,5,0,1,1,21,2,64,1,0,0,995,0,0,0,75238,1,9,2,1,5,2,1,1,1,1,3,3,0,0,3,8,1,2,9,0,1,2,17,8,1,1,5,L,90,0,0,0,0,0,0,0,0,0,0,65,195,0,0,0,1,1,27,-26,5,68855,998,66,33,0,4,0,0,0,0,0,995,9.8,998,998,998,99.8,99.8,99.8,1432.61078026923,7,4
15438,32,136,1-32-2019-136-03,3,2,1N4AL3AP4FC4,17,35,47,2015,4,1,4,0,1,R,1,1416,5,0,1,1,21,2,64,1,0,0,995,0,0,0,75203,1,1,2,1,5,4,1,1,1,1,1,1,0,0,3,8,1,2,1,0,1,4,66,3,1,1,5,L,90,0,0,0,0,0,0,0,0,0,0,195,65,0,0,0,1,1,23,-18,-15,7247,998,7,11,0,4,2,4,0,4,0,995,9.8,998,998,998,99.8,99.8,99.8,1432.61078026923,7,4
15439,14,60,1-14-2019-060-03,3,1,999999999999,99,99,884,9999,78,8,78,0,1,R,9,,,,,,,5,113,1,0,0,995,0,0,0,99999,9,9,0,2,3,2,2,1,1,9,3,3,0,3,3,1,0,0,9,1,15,2,11,99,1,2,2,F,46,,,,,,,,,,,,,,,,,,,,,,,,,,,95,95,95,95,,,9.8,998,998,998,99.8,99.8,99.8,2939.71939661846,8,4
15439,14,60,1-14-2019-060-03,3,2,1N4AL3AP2FC1,17,35,47,2015,4,1,4,0,1,L,1,1416,5,0,1,1,27,2,113,1,0,0,995,0,0,0,78130,1,1,0,2,3,1,2,1,1,9,1,3,2,3,3,1,0,0,1,0,1,4,60,99,1,1,2,F,45,0,0,0,0,0,0,0,0,0,0,55,55,0,0,0,1,5,999,999,999,9999999,999,999,12,2,0,1,1,0,4,0,995,9.8,998,998,998,99.8,99.8,99.8,2939.71939661846,8,4
15440,16,81,1-16-2019-081-02,2,1,5J6TF1H51DL0,17,37,405,2013,14,3,14,0,1,9,9,1694,5,9999,9,0,998,2,105,1,0,0,995,0,0,0,45069,2,2,1,2,5,4,2,1,1,1,3,3,0,3,1,8,0,0,1,1,15,2,11,99,1,2,2,F,46,0,0,0,0,0,0,0,0,0,0,300,280,0,0,0,1,0,999,999,999,9999999,999,999,999,9,0,0,0,0,0,0,995,9.9,999,999,999,99.9,99.9,99.9,32.9025449031055,5,4
15440,16,81,1-16-2019-081-02,2,2,KNAFK4A6XG55,17,63,38,2016,4,1,3,0,1,F,2,1272,5,0,1,1,7,2,105,1,0,0,995,0,0,0,45120,1,2,1,2,5,3,2,1,1,1,1,3,0,3,1,8,0,0,1,0,1,4,60,1,1,1,2,F,45,0,0,0,0,0,0,0,0,0,0,998,998,0,0,0,2,10,999,999,999,9999999,999,-33,29,3,0,2,5,0,4,0,998,9.9,999,999,999,99.9,99.9,99.9,32.9025449031055,5,4
15441,16,82,1-16-2019-082-03,3,1,KMHDH4AE4DU0,17,55,35,2013,4,1,3,0,1,F,3,1235,5,0,1,1,4,2,89,1,0,0,995,0,0,0,45223,1,2,1,2,2,1,2,1,1,1,1,3,2,3,1,99,0,0,3,0,1,3,52,2,1,1,2,D,28,0,0,0,0,0,0,0,0,0,0,115,115,0,0,0,1,1,46,-46,0,17300,998,10,18,0,1,1,1,0,4,0,995,9.8,998,998,998,99.8,99.8,99.8,426.309950246745,5,4
15441,16,82,1-16-2019-082-03,3,2,JTHBK1GGXF21,17,59,31,2015,4,1,4,0,1,B,2,1610,5,0,1,1,4,2,89,1,0,0,995,0,1,0,45223,1,2,1,2,2,1,2,1,1,1,1,3,2,3,1,99,0,0,1,0,2,3,53,1,1,1,2,D,29,0,0,0,0,0,0,0,0,0,0,115,115,0,0,0,1,1,34,34,0,183246,998,13,49,0,1,1,1,0,6,0,995,9.8,998,998,998,99.8,99.8,99.8,426.309950246745,5,4
15441,16,82,1-16-2019-082-03,3,3,3FA6P0H73JR1,17,12,23,2018,4,1,4,0,1,B,1,1558,5,0,1,2,20,5,89,1,0,0,995,0,0,0,45219,9,9,1,2,2,1,2,1,1,1,1,3,2,3,1,99,0,0,1,0,2,3,53,1,1,1,6,M,98,0,0,0,0,0,0,0,0,0,0,115,115,0,0,0,2,1,20,20,0,19486,998,0,18,0,1,95,95,95,95,0,995,9.8,998,998,998,99.8,99.8,99.8,426.309950246745,5,4
15442,16,83,1-16-2019-083-08,8,1,1J4FA49S91P3,17,2,403,2001,14,3,14,0,1,F,1,1459,5,0,1,1,12,2,56,1,0,0,995,0,0,0,45211,1,2,0,4,3,1,2,2,2,2,0,2,0,0,1,2,0,0,1,1,14,2,10,4,1,2,3,G,50,0,0,0,0,0,0,0,0,0,0,190,80,0,0,0,1,5,999,999,999,9999999,999,999,11,2,0,1,1,0,6,0,995,9.8,998,998,998,99.8,99.8,99.8,331.557426257783,5,4
15442,16,83,1-16-2019-083-08,8,2,1HGCM56663A0,17,37,32,2003,4,1,3,0,1,F,1,1389,5,0,1,1,7,2,56,1,0,0,995,0,0,1,45238,9,9,0,4,3,1,2,2,1,3,0,2,0,0,1,2,0,0,1,0,1,4,62,99,1,1,3,G,51,0,0,0,0,0,0,0,0,0,0,80,190,0,0,0,1,5,999,999,999,9999999,999,999,17,2,0,9,97,0,8,0,995,9.8,998,998,998,99.8,99.8,99.8,331.557426257783,5,4
15443,66,67,1-66-2019-067-06,6,1,3FAHP0HA9AR1,17,12,23,2010,4,1,3,0,1,F,2,1490,5,0,1,1,35,2,72,1,0,0,995,0,7,0,65752,1,2,0,4,2,1,4,1,1,1,0,0,0,0,1,1,0,0,1,1,1,2,12,3,1,4,1,B,8,1,1,1,2,5,4,31,6,2,7,998,998,0,0,1,3,7,999,999,999,9999999,999,999,999,7,0,1,1,0,0,2,998,0.0,60,60,20,8.2,2.8,8.4,161.560141378123,6,4
15444,66,68,1-66-2019-068-10,10,1,2G2WP5525811,17,22,20,2008,4,1,4,0,1,F,1,1577,5,0,1,1,12,2,89,1,0,0,995,0,7,0,64865,1,2,0,4,2,1,2,2,1,2,1,2,0,0,2,2,0,0,1,0,1,6,87,2,1,1,1,C,13,0,0,0,0,0,0,0,0,0,0,998,998,0,0,0,1,10,999,999,999,9999999,999,-36,12,2,0,0,0,0,0,0,998,9.8,998,998,998,99.8,99.8,99.8,2715.53108511174,6,4
15445,12,71,1-12-2019-071-09,9,1,1N4BL11E16N3,17,35,47,2006,4,1,4,0,1,F,1,1465,5,0,1,1,7,2,105,1,0,0,995,0,0,0,73438,1,2,0,1,2,2,2,1,1,1,3,2,0,0,4,8,0,0,1,1,1,2,13,3,2,4,1,A,3,0,0,0,0,0,0,0,0,0,0,998,998,0,0,1,3,1,19,-19,0,23941,998,-55,19,0,4,2,5,0,4,0,998,0.4,5,5,999,8.4,4.9,10.2,1439.45424337639,9,4
15446,25,72,1-25-2019-072-06,6,1,YV1612FH6E12,17,51,47,2014,4,1,4,0,1,F,2,1609,5,0,1,1,15,2,56,1,8,0,995,0,7,0,04105,1,2,0,4,2,1,2,2,3,1,1,2,0,0,1,2,0,0,1,1,14,1,6,2,2,4,1,A,2,0,0,0,0,0,0,0,0,0,0,998,998,0,0,1,1,12,999,999,999,9999999,999,999,999,7,0,1,1,0,4,0,998,0.8,44,44,63,34.5,4.5,34.0,421.049596690068,2,4
15447,25,73,1-25-2019-073-03,3,1,1N4AL21E57N4,17,35,47,2007,4,1,4,0,1,F,1,1429,5,0,1,1,8,2,80,1,8,0,995,0,7,0,04085,9,9,3,4,2,1,2,2,1,1,1,2,1,0,1,2,0,0,1,0,1,3,52,99,1,1,2,D,28,0,0,0,0,0,0,0,0,0,0,155,155,0,0,0,1,1,17,-17,0,14232,998,-2,16,0,1,0,0,0,0,0,995,9.8,998,998,998,99.8,99.8,99.8,340.837356989233,2,4
15447,25,73,1-25-2019-073-03,3,2,5FNRL5H65CB0,17,37,441,2012,20,4,20,0,1,B,1,2047,5,0,1,1,8,2,80,1,8,0,995,0,7,0,04084,1,2,3,4,2,1,2,2,1,1,1,2,1,0,1,2,0,0,1,0,2,3,53,1,1,1,2,D,29,0,0,0,0,0,0,0,0,0,0,155,155,0,0,0,1,1,11,11,0,13217,998,-31,12,0,1,1,1,0,4,0,995,9.8,998,998,998,99.8,99.8,99.8,340.837356989233,2,4
15447,25,73,1-25-2019-073-03,3,3,1FTYR2CM1KKA,17,12,462,2019,21,4,21,0,1,B,9,2268,5,9999,9,0,998,5,80,1,8,0,995,0,7,0,04068,9,9,3,4,2,1,2,2,1,1,1,2,1,0,1,2,0,0,1,0,11,3,53,99,1,1,6,M,98,0,0,0,0,0,0,0,0,0,0,135,175,0,0,0,2,0,999,999,999,9999999,999,999,999,9,0,95,95,95,95,0,995,9.8,998,998,998,99.8,99.8,99.8,340.837356989233,2,4
15449,76,55,1-76-2019-055-07,7,1,1J4GW48S54C3,17,2,404,2004,14,3,14,0,1,L,1,1812,5,0,1,2,26,5,89,1,8,9,998,8,7,9,13755,9,9,3,4,2,1,5,1,3,4,0,0,0,0,1,1,0,0,3,0,11,2,15,99,1,1,4,K,82,0,0,0,0,0,0,0,0,0,0,225,310,0,0,0,1,1,14,0,14,7107,998,138,7,0,1,95,95,95,95,0,995,9.8,998,998,998,99.8,99.8,99.8,22.1484030724278,3,4
15449,76,55,1-76-2019-055-07,7,2,3VW1K7AJ7CM3,17,30,40,2012,4,1,3,0,1,F,1,1289,5,0,1,1,26,2,89,1,8,9,998,8,7,9,10596,9,9,3,4,2,1,2,1,2,2,1,2,0,0,1,1,0,0,9,0,14,4,72,2,1,1,4,K,83,0,0,0,0,0,0,0,0,0,0,310,225,0,0,0,1,1,18,-18,0,36400,998,-33,26,0,1,0,0,0,0,0,995,9.8,998,998,998,99.8,99.8,99.8,22.1484030724278,3,4
15450,23,35,1-23-2019-035-02,2,1,KNAFK4A68G55,17,63,38,2016,4,1,3,0,1,L,2,1272,5,9999,9,1,16,2,89,1,8,9,998,8,7,9,43315,9,9,2,4,2,1,2,1,1,2,0,0,0,0,1,1,2,2,9,0,1,2,17,99,1,1,5,L,89,0,0,0,0,0,0,0,0,0,0,105,185,0,0,0,1,1,29,-10,28,12482,998,90,13,0,4,9,97,0,8,0,995,9.8,998,998,998,99.8,99.8,99.8,88.9201900875574,5,4
15450,23,35,1-23-2019-035-02,2,2,2D4RN5D1XAR1,17,7,442,2010,20,4,20,0,1,F,1,2038,5,9999,9,1,28,2,89,1,8,0,995,0,7,0,43334,9,9,2,4,2,1,2,1,1,1,0,0,0,0,1,1,0,0,1,0,1,4,66,3,1,1,5,L,88,0,0,0,0,0,0,0,0,0,0,185,105,0,0,0,1,1,19,-16,-9,89437,998,-83,29,0,4,9,97,0,99,0,995,0.0,30,30,100,2.1,3.2,3.8,88.9201900875574,5,4
15452,31,66,1-31-2019-066-07,7,1,2C3CDYAG3DH6,17,7,28,2013,2,1,5,0,1,F,1,1739,5,0,2,1,4,2,113,1,0,0,995,0,0,0,62249,1,2,0,1,2,2,2,1,1,1,3,2,1,3,2,1,0,0,1,0,1,6,87,1,1,1,1,C,13,0,0,0,0,0,0,0,0,0,0,998,998,0,0,0,1,12,999,999,999,9999999,999,999,999,6,0,0,0,0,0,0,998,9.8,998,998,998,99.8,99.8,99.8,530.549718368361,6,4
15453,32,134,1-32-2019-134-07,7,1,1GYEE6370601,17,19,20,2006,6,1,5,0,1,F,1,1889,5,0,1,1,19,2,56,1,0,0,995,0,0,0,75232,9,9,2,4,4,2,2,1,1,1,1,2,0,0,3,1,1,2,9,0,11,2,15,99,1,1,4,J,68,0,0,0,0,0,0,0,0,0,0,340,185,0,0,0,1,12,999,999,999,9999999,999,999,999,6,0,99,99,0,99,0,995,9.8,998,998,998,99.8,99.8,99.8,6134.39937719369,7,4
15453,32,134,1-32-2019-134-07,7,2,JN8AZ1MU7EW4,17,35,49,2014,6,1,4,0,1,9,9,1891,5,0,1,6,39,2,56,1,0,0,995,0,0,0,75216,2,2,2,4,4,2,2,1,1,1,1,2,0,0,3,1,1,2,1,0,1,4,62,4,1,1,4,J,69,0,0,0,0,0,0,0,0,0,0,185,340,0,0,0,1,12,999,999,999,9999999,999,999,999,9,0,1,1,0,6,0,995,9.8,998,998,998,99.8,99.8,99.8,6134.39937719369,7,4
15454,19,70,1-19-2019-070-08,8,1,1GNDV23E45D1,17,20,443,2005,20,4,20,0,1,R,2,1741,5,113,1,1,5,2,113,1,0,1,0,2,0,1,35901,1,2,0,2,2,2,1,2,3,2,3,2,1,3,1,8,0,0,9,1,14,1,6,99,4,4,1,B,7,1,4,2,2,1,4,49,1,2,999,997,997,0,1,0,2,6,999,999,999,9999999,999,999,999,7,0,4,41,1,3,3,997,0.7,999,999,999,24.3,2.1,24.5,333.345255405613,9,4
15455,19,71,1-19-2019-071-04,4,1,2C3CDXHG3GH2,17,7,24,2016,4,1,5,0,1,R,2,1785,5,0,1,1,8,2,105,1,0,0,995,0,0,0,35903,1,2,2,1,4,4,2,1,1,1,1,2,0,0,1,5,0,0,2,0,11,2,15,2,1,1,4,J,68,0,0,0,0,0,0,0,0,0,0,190,90,0,1,0,1,1,25,-16,-19,41656,998,131,18,0,4,1,3,0,6,0,995,9.8,998,998,998,99.8,99.8,99.8,1163.68385244775,9,4
15455,19,71,1-19-2019-071-04,4,2,1FAHP35NX9W1,17,12,37,2009,4,1,2,0,1,F,2,1189,5,0,1,1,8,2,105,1,0,0,995,0,0,0,35904,1,2,2,1,4,2,2,1,1,1,1,3,0,0,1,5,0,0,1,0,1,4,62,2,1,1,4,J,69,0,0,0,0,0,0,0,0,0,0,90,190,0,1,0,1,1,38,-33,19,141137,998,84,46,0,4,1,1,0,4,0,995,9.8,998,998,998,99.8,99.8,99.8,1163.68385244775,9,4
15456,29,125,1-29-2019-125-07,7,1,5J6RM4H38CL0,17,37,402,2012,14,3,14,0,1,F,1,1583,5,0,1,3,11,2,48,1,0,0,995,0,0,0,02703,7,2,2,3,1,1,2,1,3,1,1,2,0,0,1,1,0,0,1,0,14,3,50,3,1,1,2,D,20,0,0,0,0,0,0,0,0,0,0,120,120,0,0,0,1,3,10,-10,0,7079,998,0,11,0,4,0,0,0,0,0,995,9.8,998,998,998,99.8,99.8,99.8,452.74552307643,2,4
15456,29,125,1-29-2019-125-07,7,2,4M2CU91Z18KJ,17,14,402,2008,14,3,14,0,1,B,1,1609,5,0,1,2,5,5,48,1,0,0,995,0,0,0,02703,9,9,2,3,1,1,2,1,3,1,1,2,0,0,1,1,0,0,1,0,5,3,53,1,1,1,2,D,21,0,0,0,0,0,0,0,0,0,0,120,120,0,0,0,1,3,10,10,0,6080,998,-26,9,0,4,95,95,95,95,0,995,9.8,998,998,998,99.8,99.8,99.8,452.74552307643,2,4
15457,29,126,1-29-2019-126-04,4,1,19UUB2F51FA0,17,54,44,2015,4,1,4,0,1,F,2,1579,5,0,1,1,30,2,105,1,1,8,997,8,0,0,02777,9,9,0,1,3,2,2,2,1,9,3,3,0,3,2,8,0,0,9,0,1,3,51,3,1,1,2,D,24,0,0,0,0,0,0,0,0,0,0,125,125,0,0,0,1,1,29,-29,0,90685,998,0,38,0,1,0,0,0,0,0,995,2.0,999,999,999,40.8,45.6,61.4,281.678277670263,2,4
15457,29,126,1-29-2019-126-04,4,2,WVWAB7AJXCW0,17,30,42,2012,3,1,2,0,1,B,2,1376,5,0,1,1,20,2,105,1,0,0,995,0,0,0,02720,1,2,0,1,3,2,2,2,1,9,3,3,0,3,2,8,0,0,1,0,1,3,53,1,1,1,2,D,25,0,0,0,0,0,0,0,0,0,0,125,125,0,0,0,1,1,33,33,0,23294,998,-17,20,0,1,1,2,0,4,0,995,9.8,998,998,998,99.8,99.8,99.8,281.678277670263,2,4
15458,29,127,1-29-2019-127-06,6,1,1GNSKBE09BR2,17,20,421,2011,15,3,15,0,1,F,1,2506,5,0,1,1,7,2,48,1,0,0,995,0,9,0,02740,9,9,2,4,2,1,2,2,1,1,0,2,0,0,3,2,0,0,9,0,1,4,66,2,1,1,5,L,86,0,0,0,0,0,0,0,0,0,0,160,255,0,0,0,1,1,16,-15,5,28419,998,99,14,0,4,0,0,0,0,0,995,9.8,998,998,998,99.8,99.8,99.8,131.677859328346,2,4
15458,29,127,1-29-2019-127-06,6,2,1FAHP2F81DG1,17,12,17,2013,4,1,4,0,1,R,1,1918,5,0,1,1,7,2,48,1,0,0,995,0,9,0,02743,1,2,2,4,2,1,2,2,1,1,0,0,0,0,3,2,2,1,1,0,1,2,17,3,2,1,5,L,87,0,0,0,0,0,0,0,0,0,0,255,160,0,1,0,1,1,19,-10,-16,35472,998,-1,21,0,4,1,1,0,4,0,995,0.0,120,120,93,2.5,4.3,4.6,131.677859328346,2,4
15460,30,98,1-30-2019-098-02,2,1,1G6AR5S36F01,17,19,18,2015,4,1,5,0,1,R,1,1703,5,0,1,1,157,2,72,1,0,0,995,0,0,0,85255,9,9,2,1,5,5,2,1,1,9,1,0,0,0,1,1,1,2,1,0,11,2,15,9,1,1,4,J,68,0,0,0,0,0,0,0,0,0,0,115,0,0,0,0,1,3,16,-10,-12,24623,998,69,17,0,4,9,97,0,8,0,995,9.8,998,998,998,99.8,99.8,99.8,44.7360017974787,10,4
15460,30,98,1-30-2019-098-02,2,2,1GNSKBKC7HR1,17,20,421,2017,15,3,15,0,1,F,1,2515,5,9999,9,4,137,2,72,1,0,0,995,0,0,0,85331,9,9,2,1,5,3,2,1,1,1,3,3,0,0,1,1,1,2,9,0,1,4,62,2,1,1,4,J,69,0,0,0,0,0,0,0,0,0,0,0,115,0,0,0,1,3,11,-11,2,8732,998,42,9,0,4,99,99,0,8,0,995,9.8,998,998,998,99.8,99.8,99.8,44.7360017974787,10,4
15461,22,85,1-22-2019-085-09,9,1,1FAFP52U63G1,17,12,17,2003,4,1,3,0,1,T,1,1521,5,0,1,1,9,2,89,1,0,1,0,2,7,0,99161,1,2,0,4,2,1,2,5,2,4,1,2,1,0,2,1,0,0,1,1,14,1,5,7,3,4,1,A,2,1,4,2,2,1,4,61,1,2,13,997,997,0,1,0,1,6,999,999,999,9999999,999,999,999,6,0,2,5,0,4,3,997,9.8,998,998,998,99.8,99.8,99.8,474.323045145121,12,4
15462,22,86,1-22-2019-086-04,4,1,2G1FP22S0S21,17,20,9,1995,2,1,2,0,1,F,1,1476,5,9999,9,5,12,5,40,1,0,0,995,0,7,0,83501,9,9,2,4,2,1,2,1,1,1,1,2,0,0,1,1,2,2,9,0,11,2,15,99,1,1,4,J,68,0,0,0,0,0,0,0,0,0,0,330,180,0,0,0,1,3,15,-14,-3,14532,998,-94,13,0,4,95,95,95,95,0,995,9.8,998,998,998,99.8,99.8,99.8,409.373363212949,12,4
15462,22,86,1-22-2019-086-04,4,2,1C4PJMLB1KD4,17,2,404,2019,14,3,14,0,1,L,1,1797,5,0,1,1,9,2,40,1,0,0,995,0,7,0,83501,1,2,2,4,2,1,2,1,1,1,0,0,0,0,1,1,2,2,1,0,1,4,62,1,1,1,4,J,69,0,0,0,0,0,0,0,0,0,0,180,330,0,0,0,1,3,12,-11,4,15374,998,-83,13,0,4,1,2,0,4,0,995,9.8,998,998,998,99.8,99.8,99.8,409.373363212949,12,4
15463,17,129,1-17-2019-129-06,6,1,1GNDT13X14K1,17,20,401,2004,14,3,14,0,1,F,1,1912,5,0,1,1,7,2,89,1,9,9,998,8,7,9,61281,9,9,2,4,2,1,2,1,1,1,1,2,0,0,2,1,2,2,2,0,1,2,17,2,1,2,5,L,90,0,0,0,0,0,0,0,0,0,0,320,180,0,0,0,1,1,16,-14,-8,44642,998,-102,19,0,1,9,97,0,99,0,995,9.8,998,998,998,99.8,99.8,99.8,313.849276254468,4,4
15463,17,129,1-17-2019-129-06,6,2,1N4AL3APXEN2,17,35,47,2014,4,1,4,0,1,F,1,1451,5,0,1,1,8,2,89,1,9,1,0,2,7,0,61265,1,2,2,1,4,3,2,1,1,1,3,1,0,0,2,1,0,0,1,0,1,4,66,4,1,1,5,L,90,0,0,0,0,0,0,0,0,0,0,180,320,0,0,0,1,1,20,-20,4,10751,998,-12,13,0,1,1,1,0,4,0,995,9.8,998,998,998,99.8,99.8,99.8,313.849276254468,4,4