CASEID,PSU,CASENO,CASENUMBER,CATEGORY,VEHNO,VIN,VINLENGTH,MAKE,MODEL,MODELYR,BODYTYPE,BODYCAT,VEHCLASS,SPECUSE,TRANSTAT,DAMPLANE,DAMSEV,CURBWT,CURBSRC,CARGOWT,CARGOSRC,INSPTYPE,INSPLAG,TOWED,SPEEDLIMIT,DRPRESENT,PARALCOHOL,ALCTEST,ALCTESTRESULT,ALCTESTSRC,PARDRUG,DRUGTEST,ZIP,RACE,ETHNICITY,RELTOJUNCT,TRAFFLOW,RDLANES,INITLANE,SURFTYPE,SURFCOND,ALIGNMENT,PROFILE,LINERIGHT,LINELEFT,RUMBINIT,RUMBROAD,LIGHTCOND,WEATHER,TRAFDEV,TRAFFUNCT,DISTRACT,PREFHE,PREMOVE,CRITCAT,CRITEVENT,MANEUVER,PRESTAB,PRELOC,CRASHCAT,CRASHCONF,CRASHTYPE,ROLLTYPE,ROLLTURN,ROLLINTRPT,ROLLPREMAN,ROLLINITYP,ROLLINLOC,ROLLOBJ,ROLLTRIP,ROLLDIR,ROLLDIST,DVANGTHIS,DVANGOTH,TOWHITCH,TRAJDOC,TREEPOLE,DVEVENT,DVBASIS,DVTOTAL,DVLONG,DVLAT,DVENERGY,DVSPEED,DVMOMENT,DVBES,DVEST,DVCONF,VAIS,VISS,VINJURED,VTREAT,INITOBJCLASS,HEADANGLECAT,SHLDRWIDTH,STRKLENGTH,STRKWIDTH,STRKHEIGHT,EDGEDISTX,EDGEDISTY,EDGEDISTZ,CASEWGT,PSUSTRAT,VERSION
15503,28,63,1-28-2019-063-07,7,1,1FADP3L9XDL2,17,12,37,2013,5,1,3,0,1,F,1,1475,5,0,1,1,10,2,72,1,1,1,130,1,0,0,16901,1,2,0,4,2,1,2,1,2,1,1,2,0,0,2,1,0,0,3,1,14,2,12,98,3,4,1,A,2,0,0,0,0,0,0,0,0,0,0,998,998,0,0,0,1,1,11,-5,9,18815,998,167,11,0,4,0,0,0,0,0,998,0.7,120,120,-120,8.6,2.4,9.1,331.432460392081,3,4
15504,54,32,1-54-2019-032-04,4,1,1C4RJEBG5GC3,17,2,422,2016,15,3,15,0,1,F,1,2211,5,0,1,1,4,2,64,1,0,0,995,0,0,0,35654,1,2,0,4,2,1,2,1,3,1,1,2,0,0,1,1,0,0,1,1,14,4,62,8,1,4,1,A,3,0,0,0,0,0,0,0,0,0,0,998,998,0,1,0,2,12,999,999,999,9999999,999,999,999,6,0,0,0,0,0,0,998,9.9,120,120,40,5.1,4.0,6.5,221.306357527782,9,4
15505,32,137,1-32-2019-137-09,9,1,1FTDF17W5VKD,17,12,481,1997,34,5,31,0,1,F,9,1837,5,0,2,4,43,2,56,1,0,0,995,0,0,0,75248,1,2,0,1,3,3,1,2,1,1,3,0,0,0,3,2,0,0,3,1,1,2,12,1,1,4,1,B,6,0,0,0,0,0,0,0,0,0,0,998,998,0,0,6,1,12,999,999,999,9999999,999,999,999,9,0,0,0,0,5,0,998,0.0,999,999,999,4.3,0.6,4.3,11190.942356507,7,4
15506,77,127,1-77-2019-127-07,7,1,3FAHP0JG3CR1,17,12,23,2012,4,1,3,0,1,L,1,1563,5,0,1,1,23,2,56,1,0,0,995,0,0,0,22968,1,2,2,4,2,1,2,1,1,1,0,0,0,0,1,1,2,2,1,0,11,2,15,2,1,1,4,K,82,0,0,0,0,0,0,0,0,0,0,30,175,0,0,0,1,1,13,-10,9,8389,998,-81,10,0,1,0,0,0,0,0,995,9.8,998,998,998,99.8,99.8,99.8,3513.08851350945,9,4
15506,77,127,1-77-2019-127-07,7,2,2T1BR30E66C6,17,49,32,2006,4,1,2,0,1,F,1,1135,5,0,1,1,12,2,56,1,0,0,995,0,0,0,22911,7,9,2,1,2,1,2,1,1,4,0,1,0,0,1,1,0,0,3,0,1,4,67,2,1,1,4,K,83,0,0,0,0,0,0,0,0,0,0,175,30,0,0,0,1,1,18,-18,0,23368,998,-31,21,0,1,0,0,0,0,0,995,9.8,998,998,998,99.8,99.8,99.8,3513.08851350945,9,4
15507,23,36,1-23-2019-036-03,3,1,1FDUF4GY9CEC,17,12,881,2012,61,8,60,0,1,F,9,,,,,,,5,89,1,8,0,995,0,7,0,43338,9,9,2,4,2,1,4,1,1,1,0,0,0,0,1,1,2,2,9,0,1,2,17,99,1,1,5,L,86,,,,,,,,,,,,,,,,,,,,,,,,,,,95,95,95,95,,,9.8,998,998,998,99.8,99.8,99.8,1676.45762820105,5,4
15507,23,36,1-23-2019-036-03,3,2,1FMCU9G90GUC,17,12,402,2016,14,3,14,0,1,R,1,1671,8,9999,9,1,30,2,89,1,8,0,995,0,7,0,43338,9,9,2,4,2,1,2,1,1,1,1,2,0,0,1,1,0,0,1,0,1,4,66,3,1,1,5,L,87,0,0,0,0,0,0,0,0,0,0,335,255,0,0,0,1,5,999,999,999,9999999,999,999,15,2,0,9,97,0,5,0,995,0.7,999,999,999,99.9,99.9,99.9,1676.45762820105,5,4
15508,27,66,1-27-2019-066-03,3,1,1GNET13M8723,17,20,403,2007,14,3,14,0,1,F,1,2084,5,9999,9,2,15,5,48,1,0,9,998,8,0,9,01220,9,9,2,4,2,1,2,1,1,1,0,2,0,0,1,8,2,2,2,0,11,2,15,1,1,1,4,K,82,0,0,0,0,0,0,0,0,0,0,100,170,0,0,0,1,8,999,999,999,9999999,999,999,999,6,0,95,95,95,95,0,995,9.8,998,998,998,99.8,99.8,99.8,110.169534157836,3,4
15508,27,66,1-27-2019-066-03,3,2,KNMAT2MV0FP5,17,35,51,2015,6,1,3,0,1,R,2,1610,5,0,2,3,10,2,72,1,0,9,998,8,0,9,01247,1,2,2,4,4,1,2,1,1,1,1,3,0,0,1,8,0,0,1,0,1,4,67,3,1,1,4,K,83,0,0,0,0,0,0,0,0,0,0,170,100,0,0,0,1,12,999,999,999,9999999,999,999,999,7,0,1,1,0,4,0,995,9.8,998,998,998,99.8,99.8,99.8,110.169534157836,3,4
15509,10,66,1-10-2019-066-06,6,1,1GNDM19X72B1,17,20,441,2002,20,4,20,0,1,F,1,1970,5,9999,9,4,6,5,56,1,9,0,995,0,0,0,99999,9,9,0,4,4,1,2,1,1,1,0,3,0,0,1,1,0,0,9,1,15,3,50,99,1,2,2,D,32,0,0,0,0,0,0,0,0,0,0,260,255,0,0,0,1,3,24,-24,4,41940,998,37,23,0,4,95,95,95,95,0,995,9.8,998,998,998,99.8,99.8,99.8,97.8772006691129,4,4
15509,10,66,1-10-2019-066-06,6,2,3FA6P0G72DR3,17,12,23,2013,4,1,4,0,1,B,2,1554,5,0,1,1,7,2,56,1,0,0,995,0,0,0,45417,9,9,0,4,4,2,2,1,1,1,3,1,0,0,1,1,0,0,1,0,5,3,52,1,1,1,2,D,32,0,0,0,0,0,0,0,0,0,0,255,260,0,0,0,1,3,28,28,-5,60672,998,46,29,0,4,9,97,0,99,0,995,9.8,998,998,998,99.8,99.8,99.8,97.8772006691129,4,4
15509,10,66,1-10-2019-066-06,6,3,3A4GY5F97AT1,17,6,52,2010,6,1,2,99,1,B,9,1427,5,9999,9,0,998,3,56,1,0,0,995,0,0,0,45417,9,9,0,4,4,2,2,1,1,1,3,2,0,0,1,1,0,0,9,0,5,3,51,1,1,1,6,M,98,0,0,0,0,0,0,0,0,0,0,255,255,0,0,0,2,0,999,999,999,9999999,999,999,999,9,0,99,99,0,0,0,995,9.8,998,998,998,99.8,99.8,99.8,97.8772006691129,4,4
15510,10,67,1-10-2019-067-04,4,1,4T4BF1FK9FR5,17,49,40,2015,4,1,4,0,1,F,1,1467,5,0,1,1,6,2,56,1,0,0,995,0,0,0,45415,9,9,2,4,7,3,2,1,2,1,1,1,0,0,3,8,1,2,1,0,14,2,17,4,1,1,5,L,86,0,0,0,0,0,0,0,0,0,0,10,80,0,0,0,1,1,10,-9,5,17140,998,88,15,0,4,0,0,0,0,0,995,9.8,998,998,998,99.8,99.8,99.8,234.079081977558,4,4
15510,10,67,1-10-2019-067-04,4,2,4S4BRCLCXC32,17,48,45,2012,4,1,3,0,1,R,1,1542,5,0,1,1,13,2,56,1,0,0,995,0,0,0,45344,9,9,2,1,4,3,2,1,1,1,1,1,0,0,3,8,1,2,1,0,1,2,17,1,1,1,5,L,87,0,0,0,0,0,0,0,0,0,0,80,10,0,0,0,1,1,10,-2,-10,7062,998,176,7,0,4,0,0,0,0,0,995,9.8,998,998,998,99.8,99.8,99.8,234.079081977558,4,4
15511,10,68,1-10-2019-068-06,6,1,3FAHP0HA0AR3,17,12,23,2010,4,1,3,0,1,F,3,1490,5,0,1,1,4,2,56,1,1,1,183,1,0,0,45405,9,9,0,4,5,1,2,1,3,1,0,3,0,0,3,1,0,0,1,1,14,2,13,7,1,4,1,A,1,0,0,0,0,0,0,0,0,0,0,998,998,0,0,1,1,1,52,-52,0,193750,998,-55,52,0,1,9,97,0,8,0,998,0.0,120,999,999,1.0,0.6,1.0,97.8772006121171,4,4
15511,10,68,1-10-2019-068-06,6,2,1FMNU43S3YED,17,12,423,2000,16,3,16,0,2,L,1,3261,5,0,1,5,10,,,,,,,,,,,,,,,,,,,,,,,,,,,,,,,,,,,,,,,,,,,,,,,,,,,,,,,,,,,,,,,,,,95,95,95,95,,,,,,,,,,97.8772006121171,4,4
15512,25,74,1-25-2019-074-03,3,1,1N6AA1EJ9HN5,17,35,481,2017,34,5,31,0,1,L,1,2580,5,0,1,1,5,2,56,1,8,0,995,0,7,0,04049,1,2,3,4,2,1,2,1,1,1,0,0,0,0,1,1,0,0,9,0,11,2,15,11,1,1,4,K,82,0,0,0,0,0,0,0,0,0,0,285,45,0,0,0,1,3,9,-4,8,16931,998,-141,10,0,4,1,1,0,6,0,995,9.8,998,998,998,99.8,99.8,99.8,1266.648673946,2,4
15512,25,74,1-25-2019-074-03,3,2,5TFUM5F11DX0,17,49,482,2013,34,5,31,0,1,F,1,2476,5,9999,9,4,5,2,56,1,8,0,995,0,7,0,04074,9,9,3,5,4,2,2,1,1,1,3,2,0,0,1,1,0,0,9,0,1,4,72,99,1,1,4,K,83,0,0,0,0,0,0,0,0,0,0,45,285,0,0,0,1,3,10,-10,0,6337,998,0,8,0,4,0,0,0,4,0,995,9.8,998,998,998,99.8,99.8,99.8,1266.648673946,2,4
15513,31,68,1-31-2019-068-09,9,1,2G4WS52J5Y12,17,18,7,2000,4,1,3,0,1,F,1,1528,5,0,2,1,6,2,56,1,0,0,995,0,0,0,62869,1,2,0,4,2,1,2,1,1,1,0,4,0,0,1,1,0,0,1,0,1,3,52,2,1,1,2,D,28,0,0,0,0,0,0,0,0,0,0,60,60,0,0,0,1,3,15,-15,0,15066,998,0,15,0,4,1,1,0,4,0,995,9.8,998,998,998,99.8,99.8,99.8,1737.96800324091,6,4
15513,31,68,1-31-2019-068-09,9,2,1C4RJFAG5DC5,17,2,404,2013,14,3,14,0,1,B,1,2114,5,9999,9,0,998,5,56,1,0,0,995,0,0,0,62824,9,9,0,4,2,1,2,1,1,1,0,4,0,0,1,1,0,0,9,0,2,3,53,1,1,1,2,D,29,0,0,0,0,0,0,0,0,0,0,60,60,0,0,0,1,3,12,12,0,11387,998,0,12,0,4,95,95,95,95,0,995,9.8,998,998,998,99.8,99.8,99.8,1737.96800324091,6,4
15515,19,72,1-19-2019-072-06,6,1,1N4AA5AP5BC8,17,35,39,2011,4,1,4,0,1,F,1,1630,5,0,1,1,5,2,72,1,0,0,995,0,0,0,35904,2,2,2,4,7,2,2,2,1,1,1,3,0,0,3,2,1,2,1,0,1,4,61,2,1,1,2,D,32,0,0,0,0,0,0,0,0,0,0,180,180,0,0,0,1,1,11,-11,0,11346,998,66,12,0,4,0,0,0,4,0,995,9.8,998,998,998,99.8,99.8,99.8,297.577943323546,9,4
15515,19,72,1-19-2019-072-06,6,2,1FALP62W9VH1,17,12,4,1997,2,1,4,0,1,B,1,1591,5,0,1,1,6,3,72,1,0,0,995,0,0,0,35906,1,2,2,4,2,1,2,2,1,1,0,2,0,0,3,2,1,2,1,1,15,2,10,1,1,2,2,D,32,0,0,0,0,0,0,0,0,0,0,180,180,0,0,0,1,1,12,12,0,10487,998,67,12,0,4,0,0,0,0,0,995,9.8,998,998,998,99.8,99.8,99.8,297.577943323546,9,4
15516,19,73,1-19-2019-073-04,4,1,2HGFC2F72GH5,17,37,31,2016,4,1,3,0,1,R,1,1244,5,0,1,1,4,2,72,1,0,0,995,0,0,0,36265,1,2,2,1,4,4,2,1,1,1,1,0,0,0,3,1,0,0,2,0,11,2,15,3,1,1,4,J,68,0,0,0,0,0,0,0,0,0,0,45,295,0,0,0,1,1,12,-8,-9,3600,998,-44,8,0,4,0,0,0,6,0,995,9.8,998,998,998,99.8,99.8,99.8,681.301105377431,9,4
15516,19,73,1-19-2019-073-04,4,2,2G1FB1EV9A91,17,20,9,2010,2,1,4,0,1,F,1,1700,5,0,1,1,4,2,72,1,0,0,995,0,0,0,35904,2,2,2,1,3,1,2,1,2,1,1,3,0,0,3,1,0,0,1,0,14,4,62,1,1,1,4,J,69,0,0,0,0,0,0,0,0,0,0,295,45,0,0,0,1,1,10,-9,3,13231,998,42,13,0,4,0,0,0,0,0,995,9.8,998,998,998,99.8,99.8,99.8,681.301105377431,9,4
15517,19,74,1-19-2019-074-08,8,1,2FMDK39CX7BB,17,12,24,2007,6,1,4,0,1,F,3,1853,5,0,1,1,5,2,56,1,0,0,995,0,0,0,35901,2,2,0,4,2,1,2,1,2,1,0,2,0,0,3,1,0,0,1,1,14,1,6,2,1,2,3,G,50,0,0,0,0,0,0,0,0,0,0,160,350,0,1,0,1,3,40,-39,7,189352,998,33,47,0,4,3,14,2,3,0,995,0.0,999,999,999,2.6,0.6,2.6,195.163394737346,9,4
15517,19,74,1-19-2019-074-08,8,2,1J4GA69138L5,17,2,403,2008,14,3,14,0,1,F,3,1936,5,91,1,1,4,2,56,1,0,1,0,2,0,1,35954,2,2,0,4,2,1,2,1,1,1,0,2,0,0,3,1,0,0,1,0,1,4,62,2,1,1,3,G,51,0,0,0,0,0,0,0,0,0,0,350,160,0,0,0,1,3,40,-38,14,119013,998,72,33,0,4,2,5,0,3,0,995,9.8,998,998,998,99.8,99.8,99.8,195.163394737346,9,4
15518,26,139,1-26-2019-139-03,3,1,3FA6P0RU3KR1,17,12,23,2019,4,1,4,0,1,L,2,1660,5,9999,9,4,44,2,40,1,0,0,995,0,0,0,95818,2,9,0,4,2,1,2,1,1,1,0,0,0,0,1,99,0,0,9,1,8,2,10,99,1,7,2,F,48,0,0,0,0,0,0,0,0,0,0,315,345,0,0,0,1,12,999,999,999,9999999,999,999,999,7,0,99,99,0,99,0,995,9.8,998,998,998,99.8,99.8,99.8,536.823659006025,10,4
15518,26,139,1-26-2019-139-03,3,2,1GCRCSE09BZ1,17,20,481,2011,34,5,31,0,1,F,1,2299,5,9999,9,4,44,5,40,1,0,0,995,0,0,0,95823,9,9,0,4,2,1,2,1,1,1,0,0,0,0,1,99,0,0,9,0,1,4,64,99,1,1,2,F,48,0,0,0,0,0,0,0,0,0,0,345,315,0,0,0,1,12,999,999,999,9999999,999,999,999,6,0,95,95,95,95,0,995,9.8,998,998,998,99.8,99.8,99.8,536.823659006025,10,4
15519,26,140,1-26-2019-140-02,2,1,2T1BURHE5GC5,17,49,32,2016,4,1,3,0,1,F,3,1265,5,0,1,1,22,2,80,1,0,1,79,2,0,1,95864,1,9,2,1,5,2,2,1,3,1,1,3,0,0,3,99,1,2,3,1,14,2,13,1,1,4,1,A,1,0,0,0,0,0,0,0,0,0,0,998,998,0,1,1,7,1,88,-88,0,415053,998,19,88,0,2,3,22,1,3,0,998,0.0,90,15,14,0.0,0.0,0.0,20.8303923623141,10,4
15520,26,141,1-26-2019-141-04,4,1,JTDKARFP1H30,17,49,46,2017,5,1,4,0,1,F,1,1505,5,0,1,1,9,2,72,1,0,0,995,0,0,0,95626,1,2,0,4,3,1,2,1,1,1,1,2,0,0,5,1,0,0,3,0,1,3,50,2,1,1,2,D,20,0,0,0,0,0,0,0,0,0,0,230,230,0,0,0,1,3,15,-15,0,10123,998,8,13,0,4,1,1,0,0,0,995,9.8,998,998,998,99.8,99.8,99.8,1390.66561530161,10,4
15520,26,141,1-26-2019-141-04,4,2,1G1FH3D76J01,17,20,9,2018,1,1,4,0,1,B,1,1794,5,0,1,3,10,2,72,1,0,0,995,0,0,0,95843,1,2,0,4,3,1,2,1,1,1,1,2,0,0,5,1,0,0,1,0,5,3,53,1,1,1,2,D,21,0,0,0,0,0,0,0,0,0,0,230,230,0,0,0,1,3,12,12,0,14092,998,0,14,0,4,0,0,0,6,0,995,9.8,998,998,998,99.8,99.8,99.8,1390.66561530161,10,4
15521,66,69,1-66-2019-069-06,6,1,JTDKN3DU1D16,17,49,46,2013,5,1,3,0,1,F,2,1380,5,9999,9,4,28,2,80,1,0,0,995,0,7,0,65708,9,9,2,4,2,1,2,2,1,1,1,2,0,0,1,2,1,2,9,0,11,2,15,99,1,1,4,J,68,0,0,0,0,0,0,0,0,0,0,95,300,0,0,0,1,12,999,999,999,9999999,999,999,999,7,0,99,99,0,99,0,995,9.8,998,998,998,99.8,99.8,99.8,286.750935070814,6,4
15521,66,69,1-66-2019-069-06,6,2,1GNFK16308R2,17,20,422,2008,15,3,15,0,1,F,1,2611,5,9999,9,4,30,2,64,1,0,0,995,0,7,0,65605,9,9,2,4,2,1,2,2,1,1,1,2,0,0,1,2,1,2,9,0,1,4,62,99,1,1,4,J,69,0,0,0,0,0,0,0,0,0,0,300,95,0,0,0,1,12,999,999,999,9999999,999,999,999,6,0,99,99,0,99,0,995,9.8,998,998,998,99.8,99.8,99.8,286.750935070814,6,4
15523,13,83,1-13-2019-083-02,2,1,2GCEC19T4113,17,20,481,2001,34,5,31,0,1,F,2,1980,5,0,1,4,12,2,72,1,0,0,995,0,0,0,76133,1,1,2,5,5,2,2,1,1,1,3,2,0,0,1,1,1,2,3,0,1,2,17,1,1,1,4,K,83,0,0,0,0,0,0,0,0,0,0,130,30,0,0,0,1,12,999,999,999,9999999,999,999,999,7,0,0,0,0,0,0,995,9.8,998,998,998,99.8,99.8,99.8,189.585778166393,7,4
15523,13,83,1-13-2019-083-02,2,2,2C3CDZAG6FH7,17,7,28,2015,2,1,5,0,1,L,2,1785,5,0,1,4,26,2,72,1,0,0,995,0,0,0,76115,1,1,2,4,3,2,2,1,1,1,1,2,0,0,1,1,1,2,1,0,11,4,66,1,1,1,4,K,82,0,0,0,0,0,0,0,0,0,0,30,130,0,0,0,1,12,999,999,999,9999999,999,999,999,7,0,2,6,0,3,0,995,9.8,998,998,998,99.8,99.8,99.8,189.585778166393,7,4
15524,21,116,1-21-2019-116-02,2,1,WBS3U9C56FJ9,17,34,47,2015,1,1,4,0,1,T,9,1839,8,9999,9,5,17,2,113,1,0,1,0,2,0,2,06614,9,9,0,1,3,3,1,1,1,9,3,2,1,3,1,1,0,0,9,1,1,2,12,8,1,4,1,B,6,1,6,2,2,1,4,61,1,2,48,997,997,0,0,0,2,6,999,999,999,9999999,999,999,999,9,0,2,5,0,3,3,997,9.8,998,998,998,99.8,99.8,99.8,71.9712209654168,11,4
15525,17,132,1-17-2019-132-02,2,1,5NPE34AF6HH5,17,55,33,2017,4,1,4,0,1,R,2,1475,5,0,1,1,12,2,72,1,9,1,0,2,9,2,61201,1,2,2,1,6,5,1,2,1,1,1,1,0,0,3,2,1,2,9,0,11,2,15,99,1,1,4,J,68,0,0,0,0,0,0,0,0,0,0,200,100,0,0,0,1,1,33,-17,-29,14480,998,-56,14,0,1,3,19,1,3,0,995,9.8,998,998,998,99.8,99.8,99.8,57.5680443688784,4,4
15525,17,132,1-17-2019-132-02,2,2,2GNAXNEX3J61,17,20,404,2018,14,3,14,0,1,F,2,1508,5,0,1,1,12,2,72,1,9,0,995,0,9,0,61244,1,2,2,1,6,4,1,2,1,1,3,1,0,0,3,2,1,2,1,0,1,4,62,2,1,1,4,J,69,0,0,0,0,0,0,0,0,0,0,100,200,0,0,0,1,1,31,-29,11,138303,998,67,42,0,3,3,14,1,3,0,995,9.8,998,998,998,99.8,99.8,99.8,57.5680443688784,4,4
15527,17,134,1-17-2019-134-01,1,1,1N4AL2AP2AN4,17,35,47,2010,4,1,4,0,1,T,1,1437,5,0,1,1,12,2,89,1,9,9,998,8,9,9,61254,9,9,0,4,2,1,2,1,2,1,1,2,0,0,2,1,0,0,9,1,14,2,12,99,1,4,1,B,6,2,98,8,8,98,8,32,8,8,998,997,997,0,0,0,1,6,999,999,999,9999999,999,999,999,6,0,9,0,0,1,8,997,9.8,998,998,998,99.8,99.8,99.8,69.7981473883128,4,4
15528,29,128,1-29-2019-128-06,6,1,4A4AR4AU6EE0,17,52,47,2014,5,1,3,0,1,F,2,1525,5,0,1,1,6,2,56,1,0,0,995,0,0,0,02908,1,2,1,3,1,1,2,1,1,9,1,2,0,0,1,1,0,0,1,0,1,3,50,4,1,1,2,D,20,0,0,0,0,0,0,0,0,0,0,95,95,0,0,0,1,1,31,-31,0,86124,998,-24,37,0,2,1,1,0,4,0,995,9.8,998,998,998,99.8,99.8,99.8,81.5391708903471,2,4
15528,29,128,1-29-2019-128-06,6,2,5GAEV23768J2,17,18,24,2008,6,1,5,0,1,B,1,2168,5,0,1,1,7,2,56,1,0,0,995,0,0,0,02886,9,9,1,3,1,1,2,1,1,9,1,2,0,0,1,1,0,0,1,0,5,3,52,99,1,1,2,D,21,0,0,0,0,0,0,0,0,0,0,95,95,0,0,0,1,1,22,22,0,17157,998,-17,14,0,1,99,99,0,8,0,995,9.8,998,998,998,99.8,99.8,99.8,81.5391708903471,2,4
15530,29,130,1-29-2019-130-04,4,1,KNMAT2MV3GP7,17,35,51,2016,6,1,3,0,1,R,9,1610,5,0,1,6,21,5,105,1,0,0,995,0,0,0,02719,9,9,0,2,3,3,2,2,1,9,3,2,1,3,1,8,0,0,1,1,15,2,11,99,1,2,2,F,46,0,0,0,0,0,0,0,0,0,0,305,310,0,0,0,1,8,999,999,999,9999999,999,999,999,9,0,95,95,95,95,0,995,9.8,998,998,998,99.8,99.8,99.8,174.424260437443,2,4
15530,29,130,1-29-2019-130-04,4,2,2C3CCAGG5FH8,17,6,51,2015,4,1,5,0,1,F,2,2047,5,0,1,1,22,2,105,1,0,0,995,0,0,0,02702,9,9,0,2,3,2,2,2,1,9,3,3,0,3,1,8,0,0,1,0,1,4,60,4,1,1,2,F,45,0,0,0,0,0,0,0,0,0,0,998,998,0,0,0,2,8,999,999,999,9999999,999,999,999,7,0,0,0,0,0,0,998,1.6,120,999,999,0.0,0.0,0.0,174.424260437443,2,4
15531,33,91,1-33-2019-091-07,7,1,JHMGE8H58DC0,17,37,39,2013,5,1,1,0,1,F,1,1163,5,0,1,1,7,2,56,1,0,0,995,0,0,0,95991,1,2,2,4,6,3,2,1,1,1,3,1,0,0,1,1,1,2,1,0,1,3,52,2,1,1,2,D,28,0,0,0,0,0,0,0,0,0,0,355,355,0,0,0,1,3,16,-16,0,8583,998,0,14,0,4,99,99,0,99,0,995,9.8,998,998,998,99.8,99.8,99.8,502.058579803339,12,4
15531,33,91,1-33-2019-091-07,7,2,4T1BF1FK4GU5,17,49,40,2016,4,1,4,0,1,B,1,1467,5,0,1,2,9,5,56,1,0,0,995,0,0,0,95948,9,9,2,4,6,3,2,1,1,1,3,1,0,0,1,1,1,2,1,0,2,3,53,1,1,1,2,D,29,0,0,0,0,0,0,0,0,0,0,355,355,0,0,0,1,3,13,13,0,12236,998,2,15,0,4,95,95,95,95,0,995,9.8,998,998,998,99.8,99.8,99.8,502.058579803339,12,4
15532,12,72,1-12-2019-072-06,6,1,2GNALPEX1C12,17,20,404,2012,14,3,14,0,1,R,1,1706,5,0,1,2,8,5,56,1,0,0,995,0,0,0,73401,9,9,2,4,2,1,1,1,1,1,0,0,0,0,1,1,2,2,9,0,1,2,17,1,1,1,5,L,87,0,0,0,0,0,0,0,0,0,0,355,265,0,0,0,1,12,999,999,999,9999999,999,999,999,6,0,95,95,95,95,0,995,9.8,998,998,998,99.8,99.8,99.8,425.98572009862,9,4
15532,12,72,1-12-2019-072-06,6,2,1G4HE5EM3AU1,17,18,23,2010,4,1,5,0,1,F,1,1800,5,0,1,1,8,2,56,1,0,0,995,0,0,0,73401,1,2,2,4,2,1,1,1,1,1,0,0,0,0,1,1,0,0,1,1,1,4,66,1,1,1,5,L,86,0,0,0,0,0,0,0,0,0,0,998,998,0,0,7,2,10,999,999,999,9999999,999,30,19,2,0,1,1,0,4,0,998,0.0,30,30,999,0.3,0.9,0.5,425.98572009862,9,4
15533,12,73,1-12-2019-073-07,7,1,1FTFW1C6XEFA,17,12,481,2014,34,5,31,0,1,F,1,2440,5,0,1,2,8,5,56,1,0,0,995,0,0,0,73438,9,9,3,1,2,1,1,1,2,1,1,3,0,0,1,1,0,0,9,0,14,3,52,4,1,1,2,D,28,0,0,0,0,0,0,0,0,0,0,245,245,0,0,0,1,1,18,-18,0,16645,998,-1,13,0,1,95,95,95,95,0,995,9.8,998,998,998,99.8,99.8,99.8,1474.04225211622,9,4
15533,12,73,1-12-2019-073-07,7,2,2G4WS52J5411,17,18,2,2004,4,1,3,0,1,B,2,1528,5,0,1,1,5,2,56,1,0,0,995,0,0,0,73401,1,2,3,1,2,1,1,1,2,1,1,3,0,0,1,1,0,0,1,0,2,3,53,1,1,1,2,D,31,0,0,0,0,0,0,0,0,0,0,245,245,0,0,0,1,1,26,26,0,55117,998,0,29,0,1,1,2,0,4,0,995,9.8,998,998,998,99.8,99.8,99.8,1474.04225211622,9,4
15534,30,100,1-30-2019-100-04,4,1,JN8AT2MT9GW0,17,35,51,2016,6,1,3,0,1,R,1,1550,5,0,1,1,15,2,64,1,0,0,995,0,0,0,85345,9,9,2,1,3,3,2,1,1,1,1,0,0,0,1,1,0,0,1,0,11,2,15,1,1,1,4,J,68,0,0,0,0,0,0,0,0,0,0,20,260,0,1,0,1,1,18,-11,-14,6913,998,149,7,0,2,0,0,0,0,0,995,9.8,998,998,998,99.8,99.8,99.8,7587.99593095192,10,4
15534,30,100,1-30-2019-100-04,4,2,5TDZA22C26S5,17,49,442,2006,20,4,20,0,1,F,1,1880,5,0,1,1,15,2,64,1,0,0,995,0,0,0,85381,1,9,2,5,6,1,2,1,1,1,0,3,0,0,1,1,0,0,1,0,1,4,62,3,1,1,4,J,69,0,0,0,0,0,0,0,0,0,0,260,20,0,1,0,1,1,16,-16,3,59297,998,61,26,0,2,0,0,0,0,0,995,9.8,998,998,998,99.8,99.8,99.8,7587.99593095192,10,4
15535,17,133,1-17-2019-133-07,7,1,3FAHP0HA0AR3,17,12,23,2010,4,1,3,0,1,F,1,1490,5,9999,9,4,18,2,89,1,8,0,995,0,7,0,61263,1,2,0,4,3,1,2,1,1,1,1,4,0,0,2,1,0,0,1,0,1,6,87,1,1,1,1,C,13,0,0,0,0,0,0,0,0,0,0,998,998,0,0,0,1,12,999,999,999,9999999,999,999,999,6,0,0,0,0,0,0,998,9.8,998,998,998,99.8,99.8,99.8,1647.14552220357,4,4
15536,22,87,1-22-2019-087-08,8,1,2T1BR32E08C8,17,49,32,2008,4,1,2,0,1,T,1,1135,5,0,2,1,7,2,80,1,0,1,0,2,7,0,99113,1,1,0,4,2,1,4,1,3,1,0,0,0,0,1,1,0,0,1,1,14,2,12,98,2,4,1,B,7,1,2,2,2,2,4,31,4,1,18,997,997,0,0,0,2,6,999,999,999,9999999,999,999,999,6,0,3,13,1,3,2,997,0.0,120,120,60,1.4,1.8,2.3,63.7107908781363,12,4