CASEID,PSU,CASENO,CASENUMBER,CATEGORY,VEHNO,VIN,VINLENGTH,MAKE,MODEL,MODELYR,BODYTYPE,BODYCAT,VEHCLASS,SPECUSE,TRANSTAT,DAMPLANE,DAMSEV,CURBWT,CURBSRC,CARGOWT,CARGOSRC,INSPTYPE,INSPLAG,TOWED,SPEEDLIMIT,DRPRESENT,PARALCOHOL,ALCTEST,ALCTESTRESULT,ALCTESTSRC,PARDRUG,DRUGTEST,ZIP,RACE,ETHNICITY,RELTOJUNCT,TRAFFLOW,RDLANES,INITLANE,SURFTYPE,SURFCOND,ALIGNMENT,PROFILE,LINERIGHT,LINELEFT,RUMBINIT,RUMBROAD,LIGHTCOND,WEATHER,TRAFDEV,TRAFFUNCT,DISTRACT,PREFHE,PREMOVE,CRITCAT,CRITEVENT,MANEUVER,PRESTAB,PRELOC,CRASHCAT,CRASHCONF,CRASHTYPE,ROLLTYPE,ROLLTURN,ROLLINTRPT,ROLLPREMAN,ROLLINITYP,ROLLINLOC,ROLLOBJ,ROLLTRIP,ROLLDIR,ROLLDIST,DVANGTHIS,DVANGOTH,TOWHITCH,TRAJDOC,TREEPOLE,DVEVENT,DVBASIS,DVTOTAL,DVLONG,DVLAT,DVENERGY,DVSPEED,DVMOMENT,DVBES,DVEST,DVCONF,VAIS,VISS,VINJURED,VTREAT,INITOBJCLASS,HEADANGLECAT,SHLDRWIDTH,STRKLENGTH,STRKWIDTH,STRKHEIGHT,EDGEDISTX,EDGEDISTY,EDGEDISTZ,CASEWGT,PSUSTRAT,VERSION
15580,14,61,1-14-2019-061-03,3,1,JM3KE2BY8G07,17,41,403,2016,14,3,14,0,1,F,2,1559,5,0,1,1,26,2,72,1,1,8,997,8,0,0,78133,1,2,2,4,3,2,2,1,2,1,1,2,0,0,3,1,0,0,3,1,14,2,10,7,1,2,3,I,64,1,2,2,2,1,4,61,1,1,13,255,80,0,1,0,1,5,999,999,999,9999999,999,999,999,7,0,1,1,0,4,3,995,9.8,998,998,998,99.8,99.8,99.8,8471.05373663676,8,4
15580,14,61,1-14-2019-061-03,3,2,1FMCU0G96HUB,17,12,402,2017,14,3,14,0,1,L,9,1611,5,9999,9,0,998,2,72,1,0,0,995,0,0,0,78133,1,9,2,4,2,1,2,1,3,4,1,2,0,0,3,1,0,0,9,0,14,4,62,99,1,1,3,I,65,0,0,0,0,0,0,0,0,0,0,80,255,0,0,0,1,0,999,999,999,9999999,999,999,999,9,0,99,99,0,99,0,995,9.8,998,998,998,99.8,99.8,99.8,8471.05373663676,8,4
15581,76,59,1-76-2019-059-04,4,1,1FTYR44E74PB,17,12,471,2004,34,5,30,0,1,F,1,1502,5,0,1,1,21,2,72,1,8,1,0,2,7,9,13752,1,2,0,4,2,1,2,2,1,4,0,0,0,0,1,8,0,0,3,1,1,2,13,1,1,4,1,A,1,1,3,2,2,1,4,61,1,1,6,40,40,0,0,0,2,1,19,-19,0,21904,998,-50,18,0,4,2,6,0,3,3,995,0.0,999,999,999,11.0,1.3,11.1,53.4888673461052,3,4
15581,76,59,1-76-2019-059-04,4,2,JTMRFREV3FD1,17,49,402,2015,14,3,14,0,1,B,1,1615,5,0,2,1,25,2,72,1,8,9,998,8,7,9,13752,1,2,0,4,2,1,2,2,1,4,0,0,0,0,1,8,0,0,1,0,1,3,53,1,1,1,6,M,98,0,0,0,0,0,0,0,0,0,0,40,40,0,0,0,2,1,18,18,0,25839,998,-29,20,0,4,0,0,0,0,0,995,9.8,998,998,998,99.8,99.8,99.8,53.4888673461052,3,4
15582,76,60,1-76-2019-060-05,5,1,2D4RN4DE2AR1,17,7,442,2010,20,4,20,0,1,F,1,1960,5,0,1,1,6,2,48,1,8,9,998,8,7,9,12058,9,9,2,4,2,1,2,1,1,1,1,2,0,0,1,1,1,2,9,1,1,2,13,99,1,4,1,A,1,0,0,0,0,0,0,0,0,0,0,998,998,0,0,1,1,98,999,999,999,9999999,999,999,999,6,0,9,97,0,8,0,998,0.9,30,30,120,0.9,0.6,1.0,27.9272146005522,3,4
15583,19,75,1-19-2019-075-06,6,1,JN8AS5MT7DW5,17,35,51,2013,6,1,3,0,1,F,1,1495,5,200,1,1,3,2,72,1,0,0,995,0,0,0,35952,1,2,0,4,2,1,2,1,1,1,0,0,0,0,2,1,0,0,1,0,1,6,88,3,1,1,1,C,13,0,0,0,0,0,0,0,0,0,0,998,998,0,0,0,1,10,999,999,999,9999999,999,-11,12,2,0,0,0,0,4,0,998,9.8,998,998,998,99.8,99.8,99.8,385.98053787339,9,4
15584,19,76,1-19-2019-076-08,8,1,1FMZU63P01ZA,17,12,401,2001,14,3,14,0,1,T,2,1744,8,0,1,1,2,2,56,1,0,0,995,0,0,0,35952,1,2,0,4,2,1,2,1,3,1,0,0,0,0,1,1,0,0,1,1,14,2,13,7,1,4,1,A,1,1,4,2,2,1,4,61,1,2,15,997,997,0,1,0,1,6,999,999,999,9999999,999,999,999,7,0,5,38,1,3,3,997,9.8,998,998,998,99.8,99.8,99.8,253.141315625045,9,4
15585,29,132,1-29-2019-132-03,3,1,5TDJZ3DCXHS1,17,49,442,2017,20,4,20,0,1,F,1,2115,5,0,1,1,8,2,40,1,0,0,995,0,0,0,02740,7,2,2,4,2,1,2,1,1,1,0,0,0,0,1,1,0,0,1,0,1,2,17,3,1,1,5,L,88,0,0,0,0,0,0,0,0,0,0,180,110,0,0,0,1,1,13,-11,-7,34688,998,-88,17,0,4,1,1,0,5,0,995,9.8,998,998,998,99.8,99.8,99.8,199.126469371737,2,4
15585,29,132,1-29-2019-132-03,3,2,1FTMF1EP7GFB,17,12,481,2016,34,5,31,0,1,L,1,1955,5,0,1,1,36,2,40,1,0,9,998,8,0,9,02719,1,2,2,4,2,1,2,1,1,2,0,0,0,0,1,1,0,0,2,0,1,4,66,1,1,1,5,L,89,0,0,0,0,0,0,0,0,0,0,110,180,0,1,0,1,1,15,-3,14,8151,998,93,9,0,4,1,1,0,4,0,995,0.0,27,27,120,5.5,3.2,6.4,199.126469371737,2,4
15586,29,133,1-29-2019-133-03,3,1,1N6AD0CW0GN7,17,35,472,2016,34,5,30,0,1,F,1,1956,5,9999,9,1,6,2,40,1,8,9,998,8,7,9,02719,9,9,2,4,2,1,2,1,1,1,1,2,0,0,1,1,2,2,9,0,1,2,14,1,1,4,1,C,14,0,0,0,0,0,0,0,0,0,0,998,998,0,0,0,3,1,17,-17,0,23148,998,0,17,0,1,99,99,0,8,0,998,0.0,120,120,120,16.5,15.3,23.3,199.126469371737,2,4
15587,29,134,1-29-2019-134-01,1,1,1FMYU93153KC,17,12,402,2003,14,3,14,0,1,F,9,1421,5,0,2,0,998,2,105,1,0,1,0,2,0,2,02780,1,2,0,2,2,2,2,1,1,9,3,2,1,3,2,1,0,0,1,1,6,2,12,2,2,4,1,B,7,1,4,2,6,1,1,61,1,2,21,998,998,0,0,0,1,0,999,999,999,9999999,999,999,999,9,0,3,22,1,1,3,998,0.8,999,999,999,99.9,0.8,99.9,43.0855728550254,2,4
15588,26,142,1-26-2019-142-03,3,1,5NPD84LFXHH0,17,55,35,2017,4,1,3,0,1,F,1,1275,5,0,1,1,25,2,64,1,0,0,995,0,0,0,95835,3,9,0,1,3,3,2,1,1,1,3,0,0,0,3,1,0,0,3,1,1,2,12,1,1,4,1,B,6,0,0,0,0,0,0,0,0,0,0,310,150,0,1,0,2,1,15,-15,0,8649,998,54,12,0,4,99,99,0,99,0,995,0.0,120,26,18,0.0,0.0,0.0,461.272841275002,10,4
15588,26,142,1-26-2019-142-03,3,2,1GKFK06239R2,17,23,421,2009,15,3,15,0,1,F,1,2648,5,0,1,1,25,2,64,1,0,8,997,8,0,0,95825,2,9,2,1,3,3,2,1,1,1,3,0,0,0,3,1,0,0,1,0,1,4,62,2,1,1,6,M,98,0,0,0,0,0,0,0,0,0,0,150,310,0,1,0,2,1,7,-7,2,13078,998,126,9,0,4,1,2,0,4,0,995,9.8,998,998,998,99.8,99.8,99.8,461.272841275002,10,4
15591,15,77,1-15-2019-077-05,5,1,5N1AR2MM8DC6,17,35,401,2013,14,3,14,1,1,F,2,1987,5,0,1,5,19,2,64,1,8,1,0,2,7,9,11374,1,2,0,1,3,1,2,1,3,4,1,3,0,0,1,1,0,0,3,1,14,2,13,1,1,4,1,A,1,0,0,0,0,0,0,0,0,0,0,998,998,0,0,1,2,12,999,999,999,9999999,999,999,999,7,0,2,5,0,3,0,998,3.7,120,8,120,14.7,6.8,16.2,40.3837301439133,1,4
15594,17,135,1-17-2019-135-02,2,1,1N4AL3APXHC1,17,35,47,2017,4,1,4,0,1,R,2,1453,5,0,1,1,4,2,72,1,9,1,284,2,7,0,61265,1,9,2,4,3,2,1,1,1,1,1,1,0,0,3,1,1,2,9,0,1,2,17,1,1,1,5,L,87,0,0,0,0,0,0,0,0,0,0,135,40,0,0,0,1,1,37,-13,-35,73040,998,11,35,0,1,2,5,0,3,0,995,9.8,998,998,998,99.8,99.8,99.8,57.5680443688784,4,4
15594,17,135,1-17-2019-135-02,2,2,3FADP4EJ8CM1,17,12,32,2012,5,1,1,0,1,F,3,1170,5,136,1,1,4,2,72,1,8,1,0,2,7,1,61282,1,2,2,1,6,2,1,1,1,1,1,3,0,0,3,1,1,2,1,0,1,4,66,2,1,1,5,L,86,0,0,0,0,0,0,0,0,0,0,40,135,0,0,0,1,1,41,-38,14,116442,998,59,42,0,1,1,1,0,4,0,995,9.8,998,998,998,99.8,99.8,99.8,57.5680443688784,4,4
15594,17,135,1-17-2019-135-02,2,3,1FTZX18W2WKC,17,12,481,1998,34,5,31,0,1,L,1,2032,5,9999,9,0,998,5,72,1,9,0,995,0,7,0,61265,9,9,2,1,4,4,1,1,1,1,1,2,0,0,3,1,1,2,9,0,5,4,62,99,1,1,6,M,98,0,0,0,0,0,0,0,0,0,0,320,165,0,0,0,2,3,2,-2,0,1010,998,-97,3,0,4,95,95,95,95,0,995,9.8,998,998,998,99.8,99.8,99.8,57.5680443688784,4,4
15595,17,136,1-17-2019-136-07,7,1,3GYFNBE32ES6,17,19,20,2014,6,1,4,0,1,F,1,1940,5,0,1,1,19,2,89,1,9,1,0,2,9,1,61274,1,2,0,4,2,1,4,3,1,1,0,0,0,0,1,4,0,0,1,1,1,1,6,3,2,4,1,B,7,0,0,0,0,0,0,0,0,0,0,998,998,0,0,0,1,1,22,-22,0,37814,998,0,22,0,1,2,9,0,4,0,998,0.0,120,120,-55,5.9,22.6,23.4,1880.92552908769,4,4
15596,17,137,1-17-2019-137-04,4,1,MAJ3P1TE7JC2,17,12,403,2018,14,3,14,0,1,F,2,1370,5,0,1,1,4,2,89,1,9,0,995,0,7,0,61262,9,9,0,4,2,1,2,1,1,1,1,4,0,0,2,1,0,0,3,0,1,3,51,99,1,1,2,D,24,0,0,0,0,0,0,0,0,0,0,90,90,0,0,0,1,5,999,999,999,9999999,999,999,35,3,0,0,0,0,0,0,995,9.8,998,998,998,99.8,99.8,99.8,1957.71991221387,4,4
15596,17,137,1-17-2019-137-04,4,2,999999999999,99,98,998,1972,92,10,90,0,1,B,9,,,,,,,5,89,1,9,0,995,0,7,0,61238,9,9,0,4,2,1,2,1,1,1,1,4,0,0,2,1,0,0,9,0,1,3,53,99,1,1,2,D,25,,,,,,,,,,,,,,,,,,,,,,,,,,,95,95,95,95,,,9.8,998,998,998,99.8,99.8,99.8,1957.71991221387,4,4
15597,22,88,1-22-2019-088-06,6,1,3C63D3ML4CG1,17,7,482,2012,34,5,31,0,1,F,2,3162,5,9999,9,5,8,2,40,1,0,0,995,0,0,0,99403,9,9,0,4,2,1,2,1,1,1,0,0,0,0,3,8,0,0,9,1,1,2,12,99,1,4,1,B,6,0,0,0,0,0,0,0,0,0,0,998,998,0,0,7,1,10,999,999,999,9999999,999,999,999,7,0,99,99,0,99,0,998,0.0,999,999,999,10.0,0.5,10.0,70.2483208360071,12,4
15598,22,89,1-22-2019-089-09,9,1,4T1SK12E9PU2,17,49,40,1993,4,1,2,0,1,F,1,1365,5,0,1,1,14,2,56,1,1,1,240,2,0,0,83843,2,2,2,4,5,1,2,1,1,1,1,3,0,0,1,8,1,2,3,0,1,3,50,2,1,1,2,D,20,0,0,0,0,0,0,0,0,0,0,265,265,0,0,0,1,3,20,-20,0,26891,998,18,22,0,4,1,2,0,4,0,995,9.8,998,998,998,99.8,99.8,99.8,183.985966832605,12,4
15598,22,89,1-22-2019-089-09,9,2,2HKRM4H72FH6,17,37,402,2015,14,3,14,0,1,B,1,1586,5,0,1,4,21,5,56,1,0,0,995,0,0,0,83843,9,9,2,4,5,1,2,1,1,1,1,3,0,0,1,8,1,2,9,0,5,3,53,99,1,1,2,D,21,0,0,0,0,0,0,0,0,0,0,265,265,0,0,0,1,3,18,18,0,15709,998,0,16,0,4,95,95,95,95,0,995,9.8,998,998,998,99.8,99.8,99.8,183.985966832605,12,4
15599,21,117,1-21-2019-117-02,2,1,3N1AB7AP6EY3,17,35,43,2014,4,1,3,0,1,F,3,1293,5,9999,9,1,30,2,105,1,1,8,997,8,0,0,92404,9,9,1,3,2,2,1,1,3,9,3,1,0,0,3,1,0,0,3,0,14,3,54,3,1,1,3,G,52,0,0,0,0,0,0,0,0,0,0,100,310,0,0,0,1,1,68,-64,-23,278442,998,-58,67,0,1,3,9,1,3,0,995,9.8,998,998,998,99.8,99.8,99.8,10.9289369042565,11,4
15599,21,117,1-21-2019-117-02,2,2,3N1AB7AP3JY3,17,35,43,2018,4,1,3,0,1,F,3,1300,5,0,1,1,17,2,105,1,0,0,995,0,0,0,92399,9,9,1,3,2,1,1,1,2,9,1,3,0,0,3,1,0,0,1,0,14,3,54,4,1,1,3,G,52,0,0,0,0,0,0,0,0,0,0,310,100,0,0,0,1,1,67,-66,12,262050,998,30,68,0,1,2,9,0,3,0,995,9.8,998,998,998,99.8,99.8,99.8,10.9289369042565,11,4
15600,21,118,1-21-2019-118-04,4,1,1GNDM19X15B1,17,20,441,2005,20,4,20,0,1,R,9,1960,5,9999,9,0,998,5,48,1,9,0,995,0,9,0,99999,9,9,2,4,4,2,2,1,1,4,0,0,0,0,1,1,2,2,9,1,10,2,16,1,1,2,2,F,48,0,0,0,0,0,0,0,0,0,0,205,180,0,0,0,1,0,999,999,999,9999999,999,999,999,9,0,95,95,95,95,0,995,9.8,998,998,998,99.8,99.8,99.8,999.895906478016,11,4
15600,21,118,1-21-2019-118-04,4,2,SHHFK8G77KU2,17,37,31,2019,5,1,3,0,1,L,9,1415,5,9999,9,0,998,2,48,1,0,0,995,0,0,0,92324,9,9,2,4,4,1,2,1,1,4,0,0,0,0,1,1,2,2,1,0,5,4,60,1,1,1,2,F,48,0,0,0,0,0,0,0,0,0,0,180,205,0,0,0,1,0,999,999,999,9999999,999,999,999,9,0,99,99,0,99,0,995,9.8,998,998,998,99.8,99.8,99.8,999.895906478016,11,4
15601,21,119,1-21-2019-119-04,4,1,KNAFX4A81G56,17,63,38,2016,4,1,3,0,1,R,1,1318,5,0,2,5,5,2,56,1,0,0,995,0,0,0,92570,1,2,2,1,3,3,2,1,3,1,1,0,0,0,1,1,1,2,2,0,11,4,63,1,1,1,4,J,68,0,0,0,0,0,0,0,0,0,0,0,205,0,0,0,1,5,999,999,999,9999999,999,999,999,6,0,0,0,0,0,0,995,9.8,998,998,998,99.8,99.8,99.8,999.895906478016,11,4
15601,21,119,1-21-2019-119-04,4,2,1HD1LC331EC4,17,72,706,2014,80,9,80,0,1,F,9,,,,,,,2,56,1,0,0,995,0,0,0,92324,9,9,2,1,3,2,2,1,2,1,1,1,0,0,1,1,1,2,9,0,14,4,62,99,9,1,4,J,69,,,,,,,,,,,,,,,,,,,,,,,,,,,95,95,95,95,,,9.8,998,998,998,99.8,99.8,99.8,999.895906478016,11,4
15602,26,143,1-26-2019-143-04,4,1,2C3CDZFJ8KH5,17,7,28,2019,2,1,5,0,1,F,1,1921,8,0,1,3,18,2,105,1,0,0,995,0,0,0,95209,7,9,0,2,3,2,2,1,1,9,3,3,0,3,1,1,0,0,1,0,1,3,52,4,1,1,2,D,28,0,0,0,0,0,0,0,0,0,0,350,340,0,0,0,1,1,13,-12,4,20797,998,23,16,0,1,0,0,0,0,0,995,9.8,998,998,998,99.8,99.8,99.8,1194.9478546109,10,4
15602,26,143,1-26-2019-143-04,4,2,4T1BF18B6XU2,17,49,43,1999,4,1,3,0,1,F,1,1560,5,0,1,2,20,5,105,1,0,0,995,0,0,0,95835,9,9,0,2,3,2,2,1,1,9,3,3,0,3,1,1,0,0,1,0,2,3,53,1,1,1,2,D,29,0,0,0,0,0,0,0,0,0,0,998,998,0,0,0,2,1,24,-21,-12,43120,998,-71,24,0,1,95,95,95,95,0,998,2.9,999,999,999,0.0,0.0,0.0,1194.9478546109,10,4
15603,30,101,1-30-2019-101-10,10,1,2GCEC19T2Y13,17,20,481,2000,34,5,31,0,1,L,1,1932,5,0,1,5,34,2,64,1,0,0,995,0,0,0,85345,9,9,3,4,3,2,2,1,1,1,2,2,0,0,1,1,0,0,1,0,11,2,15,99,1,1,4,K,82,0,0,0,0,0,0,0,0,0,0,160,265,0,0,0,1,12,999,999,999,9999999,999,999,999,2,0,99,99,0,99,0,995,9.8,998,998,998,99.8,99.8,99.8,14125.5072397376,10,4
15603,30,101,1-30-2019-101-10,10,2,JTDKB20U1878,17,49,46,2008,4,1,3,0,1,F,9,1335,5,9999,9,0,998,5,64,1,0,0,995,0,0,0,85353,9,9,3,5,7,5,2,1,1,1,4,4,0,0,1,1,0,0,1,0,1,4,67,99,1,1,4,K,83,0,0,0,0,0,0,0,0,0,0,265,160,0,0,0,1,0,999,999,999,9999999,999,999,999,9,0,95,95,95,95,0,995,9.8,998,998,998,99.8,99.8,99.8,14125.5072397376,10,4
15605,13,84,1-13-2019-084-02,2,1,3C6UR5HLXJG3,17,7,482,2018,34,5,31,0,1,F,1,3090,5,0,1,4,34,2,64,1,0,1,0,2,0,1,75061,1,9,0,3,2,2,1,1,2,9,3,2,0,0,1,1,0,0,9,1,14,2,12,99,1,4,1,B,6,0,0,0,0,0,0,0,0,0,0,998,998,0,0,0,1,12,999,999,999,9999999,999,999,999,6,0,2,4,0,3,0,998,2.6,999,999,999,99.0,35.0,99.0,87.5808844814777,7,4
15606,13,85,1-13-2019-085-02,2,1,1N4AL3AP1HC1,17,35,47,2017,4,1,4,0,1,F,3,1453,5,0,1,1,10,2,72,1,0,1,0,2,0,2,76112,1,9,2,3,4,3,1,1,3,1,3,1,0,0,3,1,1,2,3,1,14,2,13,1,1,4,1,A,1,0,0,0,0,0,0,0,0,0,0,998,998,0,0,1,2,1,66,-66,0,283595,998,-40,66,0,4,2,5,0,4,0,998,0.0,25,25,999,8.2,8.6,2.3,87.5808844897511,7,4
15608,33,93,1-33-2019-093-03,3,1,JTEBU5JR1G53,17,49,401,2016,14,3,14,0,1,F,1,2155,5,0,1,1,7,2,105,1,0,0,995,0,0,0,95966,1,2,0,1,2,1,2,1,1,1,1,3,2,3,1,1,0,0,1,0,1,6,88,2,1,1,1,C,13,0,0,0,0,0,0,0,0,0,0,998,998,0,0,0,1,12,999,999,999,9999999,999,999,999,6,0,1,2,0,6,0,998,9.8,998,998,998,99.8,99.8,99.8,122.640727643123,12,4
15609,18,65,1-18-2019-065-02,2,1,3FADP4EJ7DM1,17,12,32,2013,5,1,1,0,1,F,2,1170,5,0,1,1,36,2,48,1,1,8,997,8,0,0,54720,9,9,2,4,2,1,2,1,2,1,0,2,0,0,3,1,0,0,9,1,14,2,10,99,1,2,3,G,50,0,0,0,0,0,0,0,0,0,0,5,220,0,0,0,1,1,29,-29,-5,44947,998,-31,30,0,4,0,0,0,0,0,995,9.8,998,998,998,99.8,99.8,99.8,71.3942893707181,6,4
15609,18,65,1-18-2019-065-02,2,2,3GCUKREC9JG1,17,20,481,2018,34,5,31,0,1,F,1,2394,5,0,1,1,7,2,48,1,0,0,995,0,0,0,54755,1,2,2,5,3,1,2,1,3,1,0,2,0,0,3,1,0,0,1,0,14,4,62,4,1,1,3,G,51,0,0,0,0,0,0,0,0,0,0,220,5,0,0,0,1,1,14,-14,5,20807,998,65,14,0,4,1,2,0,4,0,995,9.8,998,998,998,99.8,99.8,99.8,71.3942893707181,6,4
15610,33,92,1-33-2019-092-03,3,1,JTHBF1D2XF50,17,59,35,2015,4,1,4,0,1,F,1,1570,5,0,1,1,7,2,105,1,0,0,995,0,0,0,95926,1,2,0,2,2,1,2,1,1,1,1,3,0,0,1,1,0,0,1,0,1,3,52,4,1,1,2,D,28,0,0,0,0,0,0,0,0,0,0,145,130,0,0,0,1,1,9,-9,0,9731,998,-60,11,0,4,1,2,0,6,0,995,9.8,998,998,998,99.8,99.8,99.8,122.640727643123,12,4
15610,33,92,1-33-2019-092-03,3,2,19XFC2F56GE2,17,37,31,2016,4,1,3,0,1,B,1,1244,5,0,1,1,7,2,105,1,0,0,995,0,0,0,95917,1,1,0,2,2,1,2,1,1,1,1,3,0,0,1,1,0,0,1,0,2,3,53,1,1,1,2,D,29,0,0,0,0,0,0,0,0,0,0,130,145,0,0,0,1,1,11,11,2,5781,998,-93,9,0,4,2,4,0,6,0,995,9.8,998,998,998,99.8,99.8,99.8,122.640727643123,12,4
15611,30,103,1-30-2019-103-10,10,1,1FMEU17L5VLC,17,12,422,1997,15,3,15,0,1,R,1,2177,5,9999,9,0,998,2,72,1,0,0,995,0,0,0,85035,1,1,2,1,4,4,2,1,1,1,1,0,0,0,3,1,1,2,9,0,11,2,15,99,1,1,4,J,68,0,0,0,0,0,0,0,0,0,0,95,350,0,0,0,1,3,22,-8,-21,53216,998,35,24,0,4,0,0,0,0,0,995,9.8,998,998,998,99.8,99.8,99.8,14125.5072397376,10,4
15611,30,103,1-30-2019-103-10,10,2,1N6AA07B47N2,17,35,481,2007,34,5,31,0,1,F,1,2359,5,91,2,1,38,2,72,1,0,0,995,0,0,0,85033,5,2,2,1,4,2,2,1,1,1,3,4,0,0,3,1,1,2,1,0,1,4,62,1,1,1,4,J,69,0,0,0,0,0,0,0,0,0,0,350,95,0,0,0,1,3,21,-21,4,32291,998,-10,19,0,4,1,1,0,0,0,995,9.8,998,998,998,99.8,99.8,99.8,14125.5072397376,10,4
15612,73,82,1-73-2019-082-09,9,1,1GTHG35UX511,17,23,461,2005,21,4,21,0,1,F,9,2367,5,9999,9,0,998,2,72,1,8,0,995,0,7,0,04104,9,9,3,4,2,1,2,1,1,1,1,2,0,0,1,1,0,0,9,0,1,3,52,99,1,1,2,D,28,1,1,2,9,6,1,2,3,2,3,5,5,0,0,0,1,0,999,999,999,9999999,999,999,999,9,0,99,99,0,99,1,995,9.8,998,998,998,99.8,99.8,99.8,182.559656187541,3,4
15612,73,82,1-73-2019-082-09,9,2,2GTEK19T3312,17,23,481,2003,34,5,31,0,1,B,9,2241,5,0,2,0,998,5,72,1,8,0,995,0,7,0,04979,9,9,3,4,2,1,2,1,1,1,1,2,0,0,1,1,0,0,9,0,2,2,16,1,1,1,2,D,31,0,0,0,0,0,0,0,0,0,0,5,5,0,0,0,1,0,999,999,999,9999999,999,999,999,9,0,95,95,95,95,0,995,9.8,998,998,998,99.8,99.8,99.8,182.559656187541,3,4
15614,73,83,1-73-2019-083-07,7,1,1FADP3F26EL1,17,12,37,2014,4,1,3,0,1,L,1,1340,5,48,1,1,6,2,72,1,8,0,995,0,7,0,04967,1,2,2,4,2,1,2,5,1,1,1,2,0,0,4,1,2,2,1,0,1,1,6,2,2,1,5,L,89,0,0,0,0,0,0,0,0,0,0,115,215,0,0,0,1,12,999,999,999,9999999,999,999,999,6,0,0,0,0,0,0,995,9.8,998,998,998,99.8,99.8,99.8,219.75493584644,3,4
15614,73,83,1-73-2019-083-07,7,2,2G2WP5526711,17,22,20,2007,4,1,4,0,1,F,9,1577,5,9999,9,0,998,2,72,1,8,0,995,0,7,0,04953,9,9,2,4,2,1,2,5,1,1,1,2,0,0,4,1,0,0,1,0,1,4,66,99,1,1,5,L,88,0,0,0,0,0,0,0,0,0,0,215,115,0,0,0,1,0,999,999,999,9999999,999,999,999,9,0,99,99,0,99,0,995,9.8,998,998,998,99.8,99.8,99.8,219.75493584644,3,4
15617,26,145,1-26-2019-145-09,9,1,1NXBR12E4YZ3,17,49,32,2000,4,1,1,0,1,F,3,1095,5,0,1,1,47,2,64,1,9,9,998,8,9,9,99999,9,9,1,2,4,2,2,1,1,1,1,3,0,0,3,1,0,0,9,1,1,2,13,99,9,4,1,A,1,0,0,0,0,0,0,0,0,0,0,998,998,0,0,0,1,10,999,999,999,9999999,999,-13,56,5,0,1,3,0,6,0,998,6.5,120,81,83,14.2,0.9,14.3,1648.49440709134,10,4
15619,17,138,1-17-2019-138-07,7,1,19XFA1F57AE0,17,37,31,2010,4,1,3,0,1,F,1,1199,5,0,1,1,7,2,89,1,9,0,995,0,9,0,61434,1,2,0,4,2,1,2,2,1,1,1,3,0,0,4,2,0,0,1,0,1,3,50,2,2,1,2,D,20,0,0,0,0,0,0,0,0,0,0,270,270,0,0,0,1,3,20,-20,0,15677,998,0,18,0,4,0,0,0,0,0,995,9.8,998,998,998,99.8,99.8,99.8,635.333339439767,4,4
15619,17,138,1-17-2019-138-07,7,2,1FTEX1E83FKE,17,12,481,2015,34,5,31,0,1,B,1,2081,5,9999,9,0,998,5,89,1,9,0,995,0,9,0,61238,9,9,0,1,2,1,2,2,1,1,1,3,0,0,4,2,0,0,9,0,5,3,52,99,1,1,2,D,21,0,0,0,0,0,0,0,0,0,0,270,270,0,0,0,1,3,13,13,0,17504,998,0,15,0,4,95,95,95,95,0,995,9.8,998,998,998,99.8,99.8,99.8,635.333339439767,4,4
15620,17,139,1-17-2019-139-05,5,1,KM8NU4CC1BU1,17,55,421,2011,15,3,15,0,1,R,3,1935,5,0,1,1,4,2,89,1,9,1,0,2,7,1,61201,2,2,2,4,2,1,2,1,1,1,1,2,0,0,1,1,2,2,3,0,1,2,17,2,1,1,5,L,87,0,0,0,0,0,0,0,0,0,0,0,270,0,0,0,1,1,42,-21,-37,263050,998,75,51,0,4,1,2,0,3,0,995,9.8,998,998,998,99.8,99.8,99.8,61.2546060121394,4,4
15620,17,139,1-17-2019-139-05,5,2,1GNUKCE09AR2,17,20,421,2010,15,3,15,0,1,F,2,2506,5,0,1,1,4,2,89,1,9,1,0,2,7,1,61279,1,2,2,4,3,2,2,1,1,1,1,2,0,0,1,1,0,0,1,0,1,4,66,2,1,1,5,L,86,0,0,0,0,0,0,0,0,0,0,270,0,0,0,0,1,1,34,-29,17,99126,998,116,25,0,4,1,2,0,4,0,995,9.8,998,998,998,99.8,99.8,99.8,61.2546060121394,4,4
15621,17,140,1-17-2019-140-10,10,1,WDBJF65JX1B1,17,42,48,2001,4,1,4,0,1,F,1,1650,5,0,1,1,4,2,89,1,9,0,995,0,9,0,61265,1,2,0,4,4,2,1,1,1,1,1,1,0,0,1,1,0,0,3,1,1,2,13,1,1,4,1,A,1,0,0,0,0,0,0,0,0,0,0,998,998,0,0,6,1,10,999,999,999,9999999,999,-49,13,2,0,0,0,0,0,0,998,0.7,999,999,999,23.2,1.9,23.2,5417.04393379992,4,4
15624,77,131,1-77-2019-131-03,3,1,3TMCZ5AN1KM1,17,49,472,2019,34,5,30,0,1,F,1,1984,5,0,1,1,17,2,89,1,0,0,995,0,0,0,22968,1,2,0,1,2,2,2,1,1,1,3,2,1,3,2,1,0,0,1,0,1,6,87,4,1,1,1,C,13,0,0,0,0,0,0,0,0,0,0,998,998,0,0,0,1,10,999,999,999,9999999,999,-10,13,2,0,2,4,0,4,0,998,9.8,998,998,998,99.8,99.8,99.8,625.616692408387,9,4