CASEID,PSU,CASENO,CASENUMBER,CATEGORY,VEHNO,VIN,VINLENGTH,MAKE,MODEL,MODELYR,BODYTYPE,BODYCAT,VEHCLASS,SPECUSE,TRANSTAT,DAMPLANE,DAMSEV,CURBWT,CURBSRC,CARGOWT,CARGOSRC,INSPTYPE,INSPLAG,TOWED,SPEEDLIMIT,DRPRESENT,PARALCOHOL,ALCTEST,ALCTESTRESULT,ALCTESTSRC,PARDRUG,DRUGTEST,ZIP,RACE,ETHNICITY,RELTOJUNCT,TRAFFLOW,RDLANES,INITLANE,SURFTYPE,SURFCOND,ALIGNMENT,PROFILE,LINERIGHT,LINELEFT,RUMBINIT,RUMBROAD,LIGHTCOND,WEATHER,TRAFDEV,TRAFFUNCT,DISTRACT,PREFHE,PREMOVE,CRITCAT,CRITEVENT,MANEUVER,PRESTAB,PRELOC,CRASHCAT,CRASHCONF,CRASHTYPE,ROLLTYPE,ROLLTURN,ROLLINTRPT,ROLLPREMAN,ROLLINITYP,ROLLINLOC,ROLLOBJ,ROLLTRIP,ROLLDIR,ROLLDIST,DVANGTHIS,DVANGOTH,TOWHITCH,TRAJDOC,TREEPOLE,DVEVENT,DVBASIS,DVTOTAL,DVLONG,DVLAT,DVENERGY,DVSPEED,DVMOMENT,DVBES,DVEST,DVCONF,VAIS,VISS,VINJURED,VTREAT,INITOBJCLASS,HEADANGLECAT,SHLDRWIDTH,STRKLENGTH,STRKWIDTH,STRKHEIGHT,EDGEDISTX,EDGEDISTY,EDGEDISTZ,CASEWGT,PSUSTRAT,VERSION
15653,26,147,1-26-2019-147-09,9,1,JN1AZ36D64T1,17,35,48,2004,1,1,3,0,1,F,9,1571,5,9999,9,0,998,2,64,1,0,0,995,0,0,0,95818,9,1,0,1,3,2,2,1,1,1,3,3,0,0,1,1,0,0,9,0,1,3,50,2,1,1,2,D,20,0,0,0,0,0,0,0,0,0,0,280,280,0,0,0,1,0,999,999,999,9999999,999,999,999,9,0,99,99,0,99,0,995,9.8,998,998,998,99.8,99.8,99.8,3049.30379606158,10,4
15653,26,147,1-26-2019-147-09,9,2,JTJBT20X7801,17,59,402,2008,14,3,14,0,1,B,9,2150,5,9999,9,0,998,5,64,1,0,0,995,0,0,0,95334,9,9,0,1,3,2,2,1,1,1,3,3,0,0,1,1,0,0,1,0,5,3,53,1,1,1,2,D,21,0,0,0,0,0,0,0,0,0,0,280,280,0,0,0,1,0,999,999,999,9999999,999,999,999,9,0,95,95,95,95,0,995,9.8,998,998,998,99.8,99.8,99.8,3049.30379606158,10,4
15653,26,147,1-26-2019-147-09,9,3,19XFC2F50GE2,17,37,31,2016,4,1,3,0,1,B,9,1244,5,9999,9,0,998,5,64,1,0,0,995,0,0,0,95834,9,9,0,1,3,2,2,1,1,1,3,3,0,0,1,1,0,0,9,0,5,3,53,1,1,1,6,M,98,0,0,0,0,0,0,0,0,0,0,280,280,0,0,0,2,0,999,999,999,9999999,999,999,999,9,0,95,95,95,95,0,995,9.8,998,998,998,99.8,99.8,99.8,3049.30379606158,10,4
15654,26,148,1-26-2019-148-02,2,1,3N1AB61E07L6,17,35,43,2007,4,1,3,0,1,F,1,1273,5,9999,9,4,7,5,105,1,0,0,995,0,0,0,95624,9,9,0,2,4,3,2,1,1,1,3,3,0,0,3,1,0,0,1,0,1,3,52,2,9,1,2,D,28,0,0,0,0,0,0,0,0,0,0,320,320,0,0,0,1,3,12,-12,0,6209,998,0,11,0,4,95,95,95,95,0,995,9.8,998,998,998,99.8,99.8,99.8,33.1083016921849,10,4
15654,26,148,1-26-2019-148-02,2,2,KMHTG6AF9KU0,17,55,42,2019,9,1,3,0,1,B,1,1240,5,0,1,1,16,2,105,1,0,0,995,0,0,0,95833,1,2,0,2,4,3,2,1,1,1,3,3,0,0,3,1,0,0,1,0,2,3,53,2,1,1,2,D,29,0,0,0,0,0,0,0,0,0,0,320,320,0,0,0,1,3,12,12,0,8643,998,-23,13,0,4,2,4,0,3,0,995,9.8,998,998,998,99.8,99.8,99.8,33.1083016921849,10,4
15654,26,148,1-26-2019-148-02,2,3,999999999999,99,99,399,9999,9,1,9,99,1,B,9,9999,9,9999,9,0,998,5,105,1,9,9,998,8,9,9,99999,9,9,0,2,4,3,2,1,1,1,3,3,0,0,3,1,0,0,9,0,5,3,53,99,1,1,6,M,98,0,0,0,0,0,0,0,0,0,0,320,320,0,0,0,2,0,999,999,999,9999999,999,999,999,9,0,95,95,95,95,0,995,9.8,998,998,998,99.8,99.8,99.8,33.1083016921849,10,4
15655,33,94,1-33-2019-094-04,4,1,4T1BF1FK5HU4,17,49,40,2017,4,1,4,0,1,F,1,1467,5,0,1,1,17,2,105,1,0,0,995,0,0,0,95901,1,2,0,1,3,3,2,1,1,1,3,2,1,1,2,1,0,0,1,0,1,6,87,2,1,1,1,C,13,0,0,0,0,0,0,0,0,0,0,998,998,0,0,0,1,10,999,999,999,9999999,999,25,13,2,0,0,0,0,0,0,998,9.8,998,998,998,99.8,99.8,99.8,977.05992688048,12,4
15656,29,135,1-29-2019-135-09,9,1,3MYDLBYV0KY5,17,49,51,2019,4,1,2,0,1,F,1,1095,5,9999,9,0,998,5,40,1,0,0,995,0,0,0,02871,9,9,2,4,2,1,2,1,2,1,0,0,0,0,1,8,2,2,9,0,11,2,15,99,1,1,4,K,82,0,0,0,0,0,0,0,0,0,0,145,255,0,0,0,1,3,16,-14,8,7598,998,93,11,0,4,95,95,95,95,0,995,9.8,998,998,998,99.8,99.8,99.8,332.12822366057,2,4
15656,29,135,1-29-2019-135-09,9,2,1HGCG6658XA0,17,37,32,1999,4,1,3,0,1,R,1,1310,5,0,2,1,8,2,40,1,0,0,995,0,0,0,02871,1,2,2,4,2,1,2,1,3,1,1,2,0,0,1,8,0,0,1,0,14,4,67,3,1,1,4,K,83,0,0,0,0,0,0,0,0,0,0,255,145,0,0,0,1,3,12,-9,-8,18050,998,69,17,0,4,1,1,0,0,0,995,9.8,998,998,998,99.8,99.8,99.8,332.12822366057,2,4
15657,29,136,1-29-2019-136-07,7,1,1HGCP2F64BA0,17,37,32,2011,4,1,4,0,1,F,1,1468,5,0,1,1,11,2,40,1,0,0,995,0,0,0,02703,1,2,0,4,2,1,2,2,1,1,0,2,0,0,4,8,0,0,1,1,1,6,90,8,1,4,1,A,4,0,0,0,0,0,0,0,0,0,0,998,998,0,0,1,1,1,13,-13,0,11778,998,50,13,0,4,0,0,0,0,0,998,0.0,80,80,105,0.0,0.0,0.0,366.545725582349,2,4
15658,29,137,1-29-2019-137-09,9,1,1FTYR10C9YTA,17,12,471,2000,34,5,31,0,1,F,2,1383,5,0,1,1,6,2,89,1,0,0,995,0,0,0,02745,1,2,0,2,2,1,2,5,2,9,1,3,2,3,3,8,0,0,1,1,14,1,5,2,3,4,1,A,2,0,0,0,0,0,0,0,0,0,0,998,998,0,0,0,1,1,36,-36,0,75018,998,10,36,0,4,1,1,0,4,0,998,3.2,999,999,999,0.0,0.0,0.0,332.128223558884,2,4
15659,13,86,1-13-2019-086-02,2,1,3FADP4BJ5FM1,17,12,32,2015,4,1,1,0,1,F,1,1169,5,9999,9,0,998,2,64,1,0,0,995,0,0,0,76155,9,1,2,3,4,2,1,1,3,1,3,1,0,0,1,6,1,2,9,0,14,2,17,9,1,1,5,L,88,0,0,0,0,0,0,0,0,0,0,150,70,0,0,0,1,3,14,-13,-7,7149,998,-93,10,0,4,9,97,0,0,0,995,9.8,998,998,998,99.8,99.8,99.8,118.450476510703,7,4
15659,13,86,1-13-2019-086-02,2,2,1N4AL3AP7FN3,17,35,47,2015,4,1,4,0,1,L,1,1416,5,0,1,1,34,2,64,1,0,0,995,0,0,0,75050,1,9,2,1,3,2,1,1,2,1,5,5,0,0,1,6,1,2,9,0,14,4,66,4,1,1,5,L,89,0,0,0,0,0,0,0,0,0,0,70,150,0,0,0,1,3,12,-4,11,16985,998,43,16,0,1,1,1,0,4,0,995,0.0,110,110,20,1.4,0.7,1.5,118.450476510703,7,4
15660,21,120,1-21-2019-120-09,9,1,1NXBR32E04Z3,17,49,32,2004,4,1,2,0,1,F,2,1135,5,0,1,1,14,2,105,1,0,0,995,0,0,0,92405,9,9,0,2,4,3,1,1,1,9,3,3,0,0,1,1,0,0,9,1,1,1,1,99,4,4,1,B,7,0,0,0,0,0,0,0,0,0,0,998,998,0,0,0,1,1,37,-19,-32,143124,998,-149,37,0,2,99,99,0,99,0,998,6.5,999,999,999,13.7,6.5,15.2,1689.5816440758,11,4
15661,21,121,1-21-2019-121-01,1,1,1FTPW14594KD,17,12,481,2004,34,5,31,0,1,T,1,2495,5,9999,9,4,105,2,89,1,9,0,995,0,9,0,93727,3,9,0,4,2,1,2,1,1,1,0,0,0,0,2,1,0,0,9,1,1,2,12,99,4,4,1,B,7,1,2,2,2,1,3,61,1,1,10,997,997,0,0,0,2,6,999,999,999,9999999,999,999,999,6,0,9,0,0,1,3,997,3.8,999,999,999,4.3,3.8,5.6,34.4649228608809,11,4
15662,21,122,1-21-2019-122-03,3,1,2HGFG3B84FH5,17,37,31,2015,2,1,2,0,1,L,2,1281,5,0,2,5,25,2,64,1,0,0,995,0,0,0,92507,9,1,2,4,3,2,2,1,2,1,1,2,0,0,1,1,1,2,1,0,11,4,66,11,1,1,4,K,82,0,0,0,0,0,0,0,0,0,0,290,30,0,0,0,1,98,999,999,999,9999999,999,999,999,7,0,1,1,0,4,0,995,9.8,998,998,998,99.8,99.8,99.8,479.179134342481,11,4
15662,21,122,1-21-2019-122-03,3,2,3G5DA03L27S5,17,18,401,2007,14,3,14,0,1,F,2,1792,5,0,2,5,25,2,72,1,0,0,995,0,0,0,89052,9,1,2,5,3,1,2,1,1,1,1,2,0,0,1,1,1,2,1,0,1,2,17,1,1,1,4,K,83,0,0,0,0,0,0,0,0,0,0,30,290,0,0,0,1,98,999,999,999,9999999,999,999,999,7,0,1,1,0,0,0,995,9.8,998,998,998,99.8,99.8,99.8,479.179134342481,11,4
15663,22,90,1-22-2019-090-10,10,1,1HGCM563X4A1,17,37,32,2004,4,1,3,0,1,F,1,1389,5,0,1,1,11,2,97,1,0,0,995,0,0,0,99163,1,2,2,4,2,1,2,1,1,1,1,2,3,3,2,8,0,0,3,0,1,3,50,2,1,1,2,D,20,0,0,0,0,0,0,0,0,0,0,320,320,0,0,0,1,3,21,-21,0,28007,998,26,21,0,4,0,0,0,0,0,995,9.8,998,998,998,99.8,99.8,99.8,22176.1474139505,12,4
15663,22,90,1-22-2019-090-10,10,2,2T2BK1BA1FC2,17,59,403,2015,14,3,14,0,1,B,1,1970,5,9999,9,0,998,5,97,1,0,0,995,0,0,0,99224,9,9,2,4,2,1,2,1,1,1,1,2,3,3,2,8,0,0,9,0,5,3,53,1,1,1,2,D,21,0,0,0,0,0,0,0,0,0,0,320,320,0,0,0,1,3,17,17,0,21168,998,0,17,0,4,95,95,95,95,0,995,9.8,998,998,998,99.8,99.8,99.8,22176.1474139505,12,4
15663,22,90,1-22-2019-090-10,10,3,1FM5K8AR7FGC,17,12,401,2015,14,3,14,5,1,B,9,2146,9,9999,9,0,998,5,97,1,0,0,995,0,0,0,99219,9,9,2,4,2,1,2,1,1,1,1,2,3,3,2,8,0,0,9,0,5,3,53,1,1,1,6,M,98,0,0,0,0,0,0,0,0,0,0,320,320,0,0,0,2,0,999,999,999,9999999,999,999,999,9,0,95,95,95,95,0,995,9.8,998,998,998,99.8,99.8,99.8,22176.1474139505,12,4
15664,30,104,1-30-2019-104-06,6,1,JN8AS5MT5BW5,17,35,51,2011,6,1,3,0,1,F,1,1550,5,0,1,1,30,2,56,1,0,0,995,0,0,0,85014,1,2,2,5,6,3,2,2,1,1,4,4,0,0,1,2,0,0,2,0,11,2,15,1,1,1,4,J,68,0,0,0,0,0,0,0,0,0,0,205,95,0,0,0,1,1,23,-21,-8,54935,998,-75,26,0,4,1,2,0,4,0,995,9.8,998,998,998,99.8,99.8,99.8,1850.67867930607,10,4
15664,30,104,1-30-2019-104-06,6,2,1MEFM55S25A6,17,14,17,2005,4,1,3,0,1,L,1,1503,8,0,1,1,15,2,56,1,0,0,995,0,0,0,85012,1,1,2,5,6,1,2,2,1,1,0,3,0,0,1,2,0,0,1,0,1,4,62,1,1,1,4,J,69,0,0,0,0,0,0,0,0,0,0,95,205,0,0,0,1,1,23,-15,18,19439,998,-8,18,0,4,1,2,0,4,0,995,9.8,998,998,998,99.8,99.8,99.8,1850.67867930607,10,4
15665,18,66,1-18-2019-066-07,7,1,1FAHP2HW9BG1,17,12,17,2011,4,1,4,0,1,F,9,1918,5,0,1,5,12,3,89,1,0,0,995,0,0,0,54703,9,9,0,4,2,1,2,1,1,1,1,4,0,0,1,1,0,0,9,0,1,6,87,99,1,1,1,C,13,0,0,0,0,0,0,0,0,0,0,998,998,0,0,0,1,12,999,999,999,9999999,999,999,999,9,0,0,0,0,0,0,998,9.8,998,998,998,99.8,99.8,99.8,788.982873247327,6,4
15666,18,67,1-18-2019-067-04,4,1,1FTEW1EF2HKC,17,12,481,2017,34,5,31,0,1,F,1,2130,5,0,1,6,24,2,40,1,0,0,995,0,0,0,54724,1,2,2,4,2,1,2,1,1,1,0,2,0,0,5,1,5,2,3,0,1,3,50,1,1,1,2,D,20,0,0,0,0,0,0,0,0,0,0,90,90,0,0,0,1,3,17,-17,0,30868,998,0,19,0,4,0,0,0,0,0,995,9.8,998,998,998,99.8,99.8,99.8,573.923956825155,6,4
15666,18,67,1-18-2019-067-04,4,2,5GZCZ33D87S8,17,24,401,2007,14,3,14,0,1,B,2,1455,5,0,1,1,24,2,40,1,0,0,995,0,0,0,54724,1,2,2,4,2,1,1,1,1,1,0,2,0,0,5,1,5,2,1,0,5,3,53,1,1,1,2,D,21,0,0,0,0,0,0,0,0,0,0,90,90,0,0,0,1,3,25,25,0,33116,998,14,24,0,4,2,5,0,4,0,995,9.8,998,998,998,99.8,99.8,99.8,573.923956825155,6,4
15669,52,80,1-52-2019-080-07,7,1,JF2SJAJC4EH4,17,48,401,2014,14,3,14,0,1,F,2,1550,5,9999,9,4,25,2,105,1,0,0,995,0,0,0,59715,9,9,0,4,2,1,2,1,1,1,1,4,1,1,2,8,0,0,9,0,1,6,87,99,1,1,1,C,13,0,0,0,0,0,0,0,0,0,0,998,998,0,0,0,1,98,999,999,999,9999999,999,999,999,7,0,0,0,0,0,0,998,9.8,998,998,998,99.8,99.8,99.8,520.449059733724,12,4
15672,77,134,1-77-2019-134-07,7,1,2LNHM82V29X6,17,13,1,2009,4,1,3,0,1,F,1,1603,5,9999,9,0,998,5,72,1,0,0,995,0,0,0,22947,9,9,2,1,3,2,2,1,1,1,1,1,0,0,2,1,1,2,2,0,1,4,66,99,1,1,5,L,88,0,0,0,0,0,0,0,0,0,0,110,20,0,0,0,1,3,7,-6,-2,3303,998,-70,7,0,4,95,95,95,95,0,995,9.8,998,998,998,99.8,99.8,99.8,2246.91730344177,9,4
15672,77,134,1-77-2019-134-07,7,2,1G1PF5SC9C73,17,20,25,2012,4,1,3,0,1,L,1,1407,5,0,1,1,29,2,72,1,0,0,995,0,0,0,22901,9,9,2,1,7,2,2,1,1,1,1,1,0,0,2,1,1,2,1,0,1,4,66,1,1,1,5,L,89,0,0,0,0,0,0,0,0,0,0,20,110,0,0,0,1,3,7,-2,7,7663,998,-168,7,0,4,0,0,0,0,0,995,9.8,998,998,998,99.8,99.8,99.8,2246.91730344177,9,4
15673,77,135,1-77-2019-135-03,3,1,19XFC2F57GE0,17,37,31,2016,4,1,3,0,1,R,1,1244,5,0,1,1,25,2,56,1,0,0,995,0,0,0,22735,1,2,2,4,2,1,2,1,1,1,0,0,0,0,1,1,2,2,1,0,1,2,17,7,1,1,5,L,87,0,0,0,0,0,0,0,0,0,0,45,0,0,0,0,1,1,12,-6,-11,7099,998,33,11,0,1,1,2,0,6,0,995,9.8,998,998,998,99.8,99.8,99.8,512.929839540132,9,4
15673,77,135,1-77-2019-135-03,3,2,4M2DU86W92UJ,17,14,401,2002,14,3,14,0,1,F,1,1970,5,0,1,1,8,2,56,1,0,0,995,0,0,0,22911,1,2,2,5,3,1,2,1,2,1,0,1,0,0,1,1,0,0,1,0,14,4,66,1,1,1,5,L,86,0,0,0,0,0,0,0,0,0,0,0,45,0,0,0,1,1,8,-3,7,14915,998,189,8,0,1,0,0,0,0,0,995,9.8,998,998,998,99.8,99.8,99.8,512.929839540132,9,4
15674,77,136,1-77-2019-136-02,2,1,1C4RJFAG5FC2,17,2,422,2015,15,3,15,0,1,F,1,2121,5,0,1,1,39,2,40,1,0,0,995,0,0,0,22911,1,2,2,4,2,1,2,1,1,1,0,2,0,0,1,1,0,0,1,0,1,4,66,3,1,1,5,L,88,0,0,0,0,0,0,0,0,0,0,210,120,0,0,0,1,1,20,-17,-10,79145,998,-86,26,0,4,1,1,0,4,0,995,9.7,15,15,999,0.7,2.3,2.3,82.9547267506105,9,4
15674,77,136,1-77-2019-136-02,2,2,1N4AL3AP6GC2,17,35,47,2016,4,1,4,0,1,L,2,1453,5,0,1,1,39,2,40,1,0,0,995,0,0,0,22980,9,9,2,4,2,1,2,1,1,1,0,0,0,0,1,1,2,2,2,0,1,2,17,4,1,1,5,L,89,0,0,0,0,0,0,0,0,0,0,120,210,0,0,0,1,1,29,-14,25,17211,998,26,17,0,4,99,99,0,99,0,995,9.7,120,90,110,4.3,3.9,6.0,82.9547267506105,9,4
15675,11,109,1-11-2019-109-05,5,1,1J4PN5GK5BW5,17,2,405,2011,14,3,14,0,1,F,2,1872,5,0,1,1,24,2,56,1,1,1,227,2,0,2,23831,1,2,2,4,3,2,2,1,2,1,1,2,0,0,2,1,2,2,1,1,14,2,14,5,2,1,1,C,14,0,0,0,0,0,0,0,0,0,0,998,998,0,0,1,1,1,38,-35,-13,160388,998,-97,37,0,1,2,5,0,4,0,998,0.0,38,49,-120,9.2,16.5,18.4,568.11070087846,8,4
15676,24,136,1-24-2019-136-03,3,1,1B7HC16X3XS3,17,7,482,1999,34,5,31,0,1,F,2,1920,5,0,1,5,17,2,40,1,1,1,110,1,0,9,08401,2,2,2,4,2,1,2,2,1,1,0,2,0,0,3,2,1,2,9,0,1,2,17,2,1,1,5,L,88,0,0,0,0,0,0,0,0,0,0,240,160,0,0,0,1,12,999,999,999,9999999,999,999,999,7,0,0,0,0,0,0,995,9.8,998,998,998,99.8,99.8,99.8,523.419097099064,1,4
15676,24,136,1-24-2019-136-03,3,2,2HGFC3B38JH3,17,37,31,2018,2,1,3,0,1,L,2,1313,5,0,1,5,18,2,40,1,8,9,998,8,9,9,08205,1,2,2,4,2,1,2,2,1,1,0,2,0,0,3,2,1,2,1,0,1,4,66,11,1,1,5,L,89,0,0,0,0,0,0,0,0,0,0,160,240,0,0,0,1,12,999,999,999,9999999,999,999,999,7,0,1,1,0,4,0,995,9.8,998,998,998,99.8,99.8,99.8,523.419097099064,1,4
15676,24,136,1-24-2019-136-03,3,3,1G6CD1153K42,17,19,3,1989,2,1,4,0,2,F,9,1542,5,9999,9,0,998,,,,,,,,,,,,,,,,,,,,,,,,,,,,,,,,,,,,,,,,,,,,,,,,,,,,,,,,,,,,,,,,,,95,95,95,95,,,,,,,,,,523.419097099064,1,4
15677,24,137,1-24-2019-137-06,6,1,1FAHP2E87DG1,17,12,17,2013,4,1,4,0,1,F,1,1822,5,0,1,1,20,2,40,1,0,0,995,0,0,0,08260,1,2,2,4,5,2,2,1,1,1,1,1,0,0,3,1,1,2,1,0,1,2,17,3,1,1,5,L,88,0,0,0,0,0,0,0,0,0,0,225,130,0,0,0,1,3,21,-18,-10,27379,998,-115,15,0,4,1,1,0,4,0,995,9.8,998,998,998,99.8,99.8,99.8,697.213356621961,1,4
15677,24,137,1-24-2019-137-06,6,2,1FAFP53U05A1,17,12,17,2005,4,1,3,0,1,L,2,1500,5,0,1,5,20,2,40,1,0,0,995,0,0,0,08401,9,9,2,3,2,1,2,1,1,1,0,1,0,0,3,1,1,2,1,0,1,4,66,2,1,1,5,L,89,0,0,0,0,0,0,0,0,0,0,130,225,0,0,0,1,3,25,-16,19,63783,998,-40,31,0,4,0,0,0,4,0,995,9.8,998,998,998,99.8,99.8,99.8,697.213356621961,1,4
15679,24,138,1-24-2019-138-03,3,1,KNAFE1214551,17,63,33,2005,4,1,2,0,1,F,1,1225,5,0,1,1,5,2,80,1,0,0,995,0,0,0,08205,1,2,2,4,4,2,2,1,3,1,3,2,0,0,1,1,0,0,1,0,1,3,50,8,1,1,2,D,20,0,0,0,0,0,0,0,0,0,0,140,140,0,0,0,1,1,14,-14,0,15904,998,0,18,0,1,0,0,0,0,0,995,9.8,998,998,998,99.8,99.8,99.8,523.419097145402,1,4
15679,24,138,1-24-2019-138-03,3,2,KL8CD6SA6LC4,17,20,29,2020,5,1,1,0,1,F,1,1033,5,0,1,1,5,2,80,1,0,0,995,0,0,0,08205,1,2,2,4,4,2,2,1,3,1,3,2,0,0,1,1,0,0,1,0,5,3,53,1,1,1,2,D,22,0,0,0,0,0,0,0,0,0,0,120,320,0,0,0,2,3,19,-18,-7,18031,998,-77,16,0,4,1,1,0,4,0,995,9.8,998,998,998,99.8,99.8,99.8,523.419097145402,1,4
15679,24,138,1-24-2019-138-03,3,3,1C4RJFAG4FC1,17,2,422,2015,15,3,15,0,1,F,1,2121,5,0,1,1,5,2,80,1,0,0,995,0,0,0,08401,2,2,2,4,4,2,2,1,2,1,3,2,0,0,1,1,0,0,1,0,14,4,62,4,1,1,6,M,98,0,0,0,0,0,0,0,0,0,0,320,120,0,0,0,2,3,10,-10,0,14758,998,0,13,0,4,0,0,0,0,0,995,9.8,998,998,998,99.8,99.8,99.8,523.419097145402,1,4
15679,24,138,1-24-2019-138-03,3,4,3GNBABDB1AS5,17,20,23,2010,6,1,2,0,1,L,9,1431,5,9999,9,0,998,5,80,1,0,0,995,0,0,0,08201,9,9,2,4,4,2,2,1,3,1,3,2,0,0,1,1,0,0,9,0,1,4,62,99,1,1,6,M,98,0,0,0,0,0,0,0,0,0,0,140,280,0,0,0,4,0,999,999,999,9999999,999,999,999,9,0,95,95,95,95,0,995,9.8,998,998,998,99.8,99.8,99.8,523.419097145402,1,4
15680,16,90,1-16-2019-090-03,3,1,1J4GL48K64W2,17,2,405,2004,14,3,14,0,1,R,9,1735,5,9999,9,0,998,5,40,1,0,0,995,0,0,0,45238,9,9,2,4,2,1,2,2,1,1,0,0,0,0,3,1,2,2,1,0,1,2,17,99,1,1,5,L,87,0,0,0,0,0,0,0,0,0,0,125,40,0,0,0,1,0,999,999,999,9999999,999,999,999,9,0,95,95,95,95,0,995,9.8,998,998,998,99.8,99.8,99.8,146.955456120795,5,4
15680,16,90,1-16-2019-090-03,3,2,3N1CN7AP1KL8,17,35,50,2019,4,1,2,0,1,F,1,1114,5,0,1,1,17,2,40,1,0,0,995,0,0,0,45215,9,9,2,4,2,1,2,2,1,1,0,2,0,0,3,1,0,0,1,0,1,4,66,2,1,1,5,L,86,0,0,0,0,0,0,0,0,0,0,40,125,0,0,0,1,11,999,999,999,9999999,999,999,999,6,0,9,97,0,5,0,995,9.8,998,998,998,99.8,99.8,99.8,146.955456120795,5,4
15680,16,90,1-16-2019-090-03,3,3,JN1BJ0RR8GM2,17,58,44,2016,6,1,4,0,2,B,1,1827,5,9999,9,0,998,,,,,,,,,,,,,,,,,,,,,,,,,,,,,,,,,,,,,,,,,,,,,,,,,,,,,,,,,,,,,,,,,,95,95,95,95,,,,,,,,,,146.955456120795,5,4
15681,16,91,1-16-2019-091-03,3,1,SADCL2BV2HA0,17,39,401,2017,14,3,14,0,1,F,3,1821,5,0,1,1,5,2,56,1,0,0,995,0,0,0,45211,2,2,0,4,2,1,2,1,3,1,0,2,0,0,3,1,0,0,1,1,14,2,13,1,1,4,1,A,1,0,0,0,0,0,0,0,0,0,0,998,998,0,0,7,1,12,999,999,999,9999999,999,999,999,8,0,1,2,0,6,0,998,0.0,45,45,61,2.3,0.2,2.3,146.955456120795,5,4
15683,52,81,1-52-2019-081-06,6,1,19XFB2F50DE2,17,37,31,2013,4,1,3,0,1,F,1,1236,5,0,1,1,9,2,40,1,0,0,995,0,0,0,59105,1,2,2,4,2,1,2,1,1,1,0,0,0,0,1,8,0,0,3,1,1,2,13,2,1,4,1,A,1,0,0,0,0,0,0,0,0,0,0,998,998,0,1,1,1,1,18,-18,3,16585,998,-19,18,0,4,1,1,0,4,0,998,0.0,33,33,61,3.0,0.3,3.1,106.916719269113,12,4
15684,52,82,1-52-2019-082-09,9,1,KNAGE2281953,17,63,34,2009,4,1,3,0,1,R,1,1425,5,0,1,1,8,2,72,1,0,0,995,0,0,0,59102,1,2,2,4,2,1,2,1,1,1,0,0,0,0,3,8,0,0,1,0,11,2,15,1,1,1,4,K,76,0,0,0,0,0,0,0,0,0,0,200,175,0,0,0,1,3,4,3,-3,2032,998,-166,4,0,4,0,0,0,0,0,995,0.0,999,999,999,0.0,0.0,0.0,348.58680862358,12,4
15684,52,82,1-52-2019-082-09,9,2,1J4FY19PXSP2,17,2,403,1995,14,3,14,0,1,L,1,1335,5,9999,9,0,998,5,72,1,0,0,995,0,0,0,59102,9,9,2,1,2,2,2,1,2,4,3,0,0,0,3,8,0,0,9,0,14,4,65,99,1,1,4,K,77,0,0,0,0,0,0,0,0,0,0,175,200,0,0,0,1,3,5,-5,1,1899,998,-60,5,0,4,95,95,95,95,0,995,9.8,998,998,998,99.8,99.8,99.8,348.58680862358,12,4
15685,12,76,1-12-2019-076-07,7,1,1D8GT28KX8W1,17,7,403,2008,14,3,14,0,1,F,1,1784,5,0,1,1,6,2,56,1,0,0,995,0,0,0,73401,2,2,2,4,2,1,2,2,3,1,1,2,0,0,3,2,0,0,9,1,14,1,6,2,1,2,3,G,50,0,0,0,0,0,0,0,0,0,0,240,75,0,0,0,1,1,14,-14,0,20466,998,0,16,0,4,2,4,0,4,0,995,9.8,998,998,998,99.8,99.8,99.8,6065.45063414163,9,4
15685,12,76,1-12-2019-076-07,7,2,1C3CDFAA2DD3,17,7,29,2013,4,1,3,0,1,F,1,1471,5,0,1,1,6,2,56,1,0,0,995,0,0,0,73401,7,1,2,4,2,1,2,2,3,1,1,2,0,0,3,2,0,0,9,0,14,4,62,2,1,1,3,G,51,0,0,0,0,0,0,0,0,0,0,75,240,0,0,0,1,1,18,-18,3,14280,998,35,15,0,4,0,0,0,0,0,995,9.8,998,998,998,99.8,99.8,99.8,6065.45063414163,9,4
15686,73,85,1-73-2019-085-09,9,1,5N1ED28Y22C5,17,35,402,2002,14,3,14,0,1,T,3,1841,5,0,1,1,24,2,72,1,8,0,995,0,7,0,04937,9,9,0,4,2,1,2,5,1,2,0,0,0,0,2,10,0,0,1,1,1,1,6,99,4,4,1,B,7,2,98,8,8,98,8,32,8,8,998,997,997,0,0,0,1,6,999,999,999,9999999,999,999,999,8,0,99,99,0,99,8,997,9.8,998,998,998,99.8,99.8,99.8,567.375219964195,3,4
15687,73,86,1-73-2019-086-01,1,1,1FAFP44644F1,17,12,3,2004,1,1,2,0,1,F,9,1456,5,9999,9,0,998,2,72,1,1,8,997,8,1,2,04927,9,9,0,4,2,1,2,1,3,1,0,0,0,0,2,1,6,2,9,1,14,1,6,99,4,4,1,A,2,0,0,0,0,0,0,0,0,0,0,998,998,0,0,1,1,0,999,999,999,9999999,999,999,999,9,0,3,19,2,1,0,998,0.0,33,34,120,16.7,11.2,20.0,42.5012182742413,3,4