CASEID,PSU,CASENO,CASENUMBER,CATEGORY,VEHNO,VIN,VINLENGTH,MAKE,MODEL,MODELYR,BODYTYPE,BODYCAT,VEHCLASS,SPECUSE,TRANSTAT,DAMPLANE,DAMSEV,CURBWT,CURBSRC,CARGOWT,CARGOSRC,INSPTYPE,INSPLAG,TOWED,SPEEDLIMIT,DRPRESENT,PARALCOHOL,ALCTEST,ALCTESTRESULT,ALCTESTSRC,PARDRUG,DRUGTEST,ZIP,RACE,ETHNICITY,RELTOJUNCT,TRAFFLOW,RDLANES,INITLANE,SURFTYPE,SURFCOND,ALIGNMENT,PROFILE,LINERIGHT,LINELEFT,RUMBINIT,RUMBROAD,LIGHTCOND,WEATHER,TRAFDEV,TRAFFUNCT,DISTRACT,PREFHE,PREMOVE,CRITCAT,CRITEVENT,MANEUVER,PRESTAB,PRELOC,CRASHCAT,CRASHCONF,CRASHTYPE,ROLLTYPE,ROLLTURN,ROLLINTRPT,ROLLPREMAN,ROLLINITYP,ROLLINLOC,ROLLOBJ,ROLLTRIP,ROLLDIR,ROLLDIST,DVANGTHIS,DVANGOTH,TOWHITCH,TRAJDOC,TREEPOLE,DVEVENT,DVBASIS,DVTOTAL,DVLONG,DVLAT,DVENERGY,DVSPEED,DVMOMENT,DVBES,DVEST,DVCONF,VAIS,VISS,VINJURED,VTREAT,INITOBJCLASS,HEADANGLECAT,SHLDRWIDTH,STRKLENGTH,STRKWIDTH,STRKHEIGHT,EDGEDISTX,EDGEDISTY,EDGEDISTZ,CASEWGT,PSUSTRAT,VERSION
15689,48,70,1-48-2019-070-07,7,1,JTDKDTB33C15,17,49,46,2012,5,1,2,0,1,B,1,1135,5,0,1,1,18,2,129,1,0,0,995,0,0,0,23834,9,9,0,2,2,1,1,4,3,1,1,3,2,3,1,4,0,0,9,1,14,1,6,4,4,4,1,B,7,0,0,0,0,0,0,0,0,0,0,998,998,0,0,0,1,1,15,15,0,10704,998,0,15,0,4,0,0,0,0,0,998,1.2,10,8,15,9.5,2.6,9.6,1100.84828936817,12,4
15690,10,74,1-10-2019-074-06,6,1,1HGEM22572L0,17,37,31,2002,2,1,2,0,1,F,2,1127,5,0,1,1,7,2,56,1,0,0,995,0,0,0,45424,9,9,0,4,2,1,2,1,3,1,1,2,0,0,1,1,0,0,9,1,14,2,10,1,1,2,3,G,50,0,0,0,0,0,0,0,0,0,0,80,270,0,0,0,1,8,999,999,999,9999999,999,999,999,7,0,0,0,0,0,0,995,9.8,998,998,998,99.8,99.8,99.8,186.971330025005,4,4
15690,10,74,1-10-2019-074-06,6,2,1GT02ZCG1CF1,17,23,481,2012,34,5,31,0,1,F,9,2685,5,9999,9,0,998,2,56,1,0,0,995,0,0,0,45414,9,9,0,4,2,1,2,1,2,1,1,2,0,0,1,1,0,0,1,0,14,4,62,1,1,1,3,G,51,0,0,0,0,0,0,0,0,0,0,270,80,9,0,0,1,0,999,999,999,9999999,999,999,999,9,0,9,97,0,8,0,995,9.8,998,998,998,99.8,99.8,99.8,186.971330025005,4,4
15690,10,74,1-10-2019-074-06,6,3,3G5DA03L57S5,17,18,401,2007,14,3,14,0,1,L,1,1792,5,0,1,1,8,2,56,1,0,0,995,0,0,0,45424,9,9,0,4,2,1,2,1,2,1,1,2,0,0,1,1,0,0,1,0,14,4,62,1,1,1,6,M,98,0,0,0,0,0,0,0,0,0,0,270,300,0,0,0,2,8,999,999,999,9999999,999,999,999,6,0,0,0,0,0,0,995,9.8,998,998,998,99.8,99.8,99.8,186.971330025005,4,4
15690,10,74,1-10-2019-074-06,6,4,1FMRE11L33HB,17,12,461,2003,21,4,21,0,1,L,9,2322,5,9999,9,0,998,5,56,1,0,0,995,0,0,0,45324,9,9,0,4,2,1,2,1,3,1,1,2,0,0,1,1,0,0,1,0,14,3,54,1,1,1,6,M,98,0,0,0,0,0,0,0,0,0,0,90,265,0,0,0,4,0,999,999,999,9999999,999,999,999,9,0,95,95,95,95,0,995,9.8,998,998,998,99.8,99.8,99.8,186.971330025005,4,4
15691,10,75,1-10-2019-075-04,4,1,3MZBM1U78GM2,17,41,51,2016,4,1,3,0,1,L,9,1383,5,9999,9,4,8,2,56,1,0,0,995,0,0,0,45440,9,9,2,4,5,2,2,1,1,1,1,2,0,0,3,1,1,2,1,0,1,2,17,99,1,1,5,L,89,0,0,0,0,0,0,0,0,0,0,170,260,0,0,0,1,12,999,999,999,9999999,999,999,999,9,0,0,0,0,0,0,995,9.9,23,13,16,0.0,0.0,0.0,447.152932599893,4,4
15691,10,75,1-10-2019-075-04,4,2,1G2NW12E34C1,17,22,18,2004,4,1,3,0,1,F,9,1417,5,9999,9,0,998,5,56,1,0,0,995,0,0,0,45440,9,9,2,4,4,2,2,1,1,1,1,1,0,0,3,1,1,2,9,0,1,4,66,1,1,2,5,L,88,0,0,0,0,0,0,0,0,0,0,260,170,0,0,0,1,0,999,999,999,9999999,999,999,999,9,0,95,95,95,95,0,995,9.8,998,998,998,99.8,99.8,99.8,447.152932599893,4,4
15692,23,39,1-23-2019-039-04,4,1,5J6RM4H91FL0,17,37,402,2015,14,3,14,0,1,R,1,1586,5,9999,9,1,8,2,72,1,8,0,995,0,7,0,43016,9,9,2,1,4,2,2,1,2,1,0,1,0,0,2,8,1,2,1,0,14,4,66,7,1,1,5,L,87,1,2,2,5,7,1,2,2,2,20,135,35,0,0,0,1,1,19,-9,-16,6953,998,47,10,0,2,0,0,0,0,1,995,9.8,998,998,998,99.8,99.8,99.8,2051.3657077675,5,4
15692,23,39,1-23-2019-039-04,4,2,3MYDLBZV8GY1,17,67,36,2016,4,1,2,0,1,F,2,1082,8,9999,9,1,7,2,72,1,8,0,995,0,7,0,43081,9,9,2,4,7,2,2,1,1,1,1,3,0,0,2,8,1,2,3,0,1,2,17,2,1,1,5,L,86,0,0,0,0,0,0,0,0,0,0,35,135,0,0,0,1,1,28,-27,10,63652,998,63,34,0,1,0,0,0,0,0,995,9.8,998,998,998,99.8,99.8,99.8,2051.3657077675,5,4
15693,19,78,1-19-2019-078-05,5,1,3C4PDCABXDT6,17,7,27,2013,6,1,4,0,1,F,3,1735,5,0,1,1,7,2,56,1,0,1,0,2,0,1,35901,1,9,2,4,2,1,2,1,1,1,1,2,0,0,1,1,2,1,9,0,1,2,17,4,1,1,5,L,88,0,0,0,0,0,0,0,0,0,0,130,20,0,1,0,1,3,59,-51,-29,168719,998,-103,40,0,4,3,14,1,3,0,995,9.8,998,998,998,99.8,99.8,99.8,73.4603768510683,9,4
15693,19,78,1-19-2019-078-05,5,2,2FMDK3GC9EBB,17,12,24,2014,6,1,4,0,1,L,3,1852,5,0,1,1,7,2,89,1,0,0,995,0,0,0,35962,1,9,2,4,2,1,2,1,1,1,1,2,0,0,1,1,0,0,1,0,1,4,66,8,1,1,5,L,89,0,0,0,0,0,0,0,0,0,0,20,130,0,1,0,1,3,55,-42,35,419011,998,-12,75,0,4,4,21,1,3,0,995,9.8,998,998,998,99.8,99.8,99.8,73.4603768510683,9,4
15694,19,79,1-19-2019-079-05,5,1,3GTU2VEC1EG4,17,23,481,2014,34,5,31,0,1,F,1,2378,5,0,1,1,7,2,40,1,0,0,995,0,0,0,35905,1,9,0,4,2,1,2,1,3,4,0,2,0,0,3,1,0,0,9,1,14,2,13,3,2,4,1,A,1,0,0,0,0,0,0,0,0,0,0,998,998,0,1,1,1,1,20,-17,-10,46385,998,-73,20,0,1,2,4,0,4,0,998,0.0,28,25,120,14.8,6.8,16.0,73.4603768510683,9,4
15695,32,143,1-32-2019-143-02,2,1,5XXGM4A76FG4,17,63,34,2015,4,1,4,0,1,F,2,1468,5,0,1,1,22,2,56,1,0,1,190,2,0,2,75180,2,9,0,4,2,1,2,1,1,1,1,3,0,0,3,1,0,0,3,1,1,2,12,99,1,4,1,B,6,0,0,0,0,0,0,0,0,0,0,998,998,0,0,2,1,10,999,999,999,9999999,999,-63,26,3,0,3,17,1,3,0,998,0.0,45,45,120,57.3,15.0,61.0,39.0916251009869,7,4
15696,32,144,1-32-2019-144-06,6,1,1HGCR2F35EA1,17,37,32,2014,4,1,4,0,1,L,1,1496,5,0,1,1,19,2,56,1,0,0,995,0,0,0,75052,1,2,2,4,2,1,1,1,1,1,0,2,0,0,3,1,2,2,1,0,11,2,15,1,1,1,4,K,82,0,0,0,0,0,0,0,0,0,0,80,180,0,0,0,1,1,19,-15,13,50814,998,-110,22,0,1,1,2,0,4,0,995,9.8,998,998,998,99.8,99.8,99.8,1194.87850015702,7,4
15696,32,144,1-32-2019-144-06,6,2,1N6SD16Y7VC3,17,35,471,1997,34,5,30,0,1,F,1,1610,5,0,1,1,20,2,56,1,0,1,0,2,0,1,76140,1,1,2,4,4,1,2,1,1,4,0,3,0,0,3,1,0,0,9,0,1,4,67,1,1,1,4,K,83,0,0,0,0,0,0,0,0,0,0,180,80,0,0,0,1,1,20,-16,-13,48804,998,-159,18,0,1,1,1,0,4,0,995,9.8,998,998,998,99.8,99.8,99.8,1194.87850015702,7,4
15697,32,145,1-32-2019-145-10,10,1,2G1WT55K6694,17,20,2,2006,4,1,4,0,1,F,1,1630,5,0,1,1,6,2,56,1,0,0,995,0,0,0,75216,2,9,0,1,2,2,2,1,1,1,3,0,0,0,3,1,0,0,9,1,15,2,11,99,1,2,2,F,46,0,0,0,0,0,0,0,0,0,0,110,95,0,0,0,1,3,18,-18,-3,16109,998,26,15,0,4,0,0,0,0,0,995,9.8,998,998,998,99.8,99.8,99.8,21298.9761508976,7,4
15697,32,145,1-32-2019-145-10,10,2,1N4BL11D65N4,17,35,47,2005,4,1,4,0,1,L,1,1494,5,9999,9,0,998,5,56,1,0,0,995,0,0,0,75137,9,9,0,1,2,1,2,1,1,1,0,3,0,0,3,1,0,0,9,0,1,4,60,99,1,1,2,F,45,0,0,0,0,0,0,0,0,0,0,95,110,0,0,0,1,3,22,19,11,40006,998,61,24,0,4,95,95,95,95,0,995,9.8,998,998,998,99.8,99.8,99.8,21298.9761508976,7,4
15698,76,62,1-76-2019-062-03,3,1,1C6RR7FT0KS6,17,7,482,2019,34,5,31,0,1,T,3,2305,5,9999,9,1,42,2,89,1,8,9,998,8,7,9,14521,9,9,0,2,2,2,2,1,1,9,3,2,1,3,2,8,0,0,9,0,1,6,87,4,2,1,1,C,13,1,5,9,5,1,4,61,1,1,21,997,997,1,0,0,2,5,999,999,999,9999999,999,999,999,8,0,99,99,0,99,3,997,9.8,998,998,998,99.8,99.8,99.8,24.4968841600575,3,4
15699,76,63,1-76-2019-063-04,4,1,JF2GPABCXG83,17,48,403,2016,14,3,14,0,1,F,1,1455,5,0,1,1,9,2,89,1,8,9,998,8,7,9,13788,9,9,0,4,2,1,2,5,3,2,0,0,0,0,1,4,0,0,9,1,14,1,6,99,2,4,1,A,2,0,0,0,0,0,0,0,0,0,0,998,998,0,0,1,1,11,999,999,999,9999999,999,999,999,6,0,0,0,0,0,0,998,0.0,30,30,95,11.0,1.8,11.2,72.4884407508931,3,4
15700,29,138,1-29-2019-138-06,6,1,999999999999,99,30,40,2007,4,1,2,0,1,R,2,1465,5,9999,9,0,998,2,72,1,0,0,995,0,0,0,02760,9,9,0,4,2,1,2,1,1,1,1,2,0,0,1,1,0,0,9,1,12,2,21,99,1,2,6,M,98,0,0,0,0,0,0,0,0,0,0,125,65,0,0,0,1,3,38,13,-35,121996,998,-4,45,0,4,0,0,0,0,0,995,9.8,998,998,998,99.8,99.8,99.8,76.1066570673806,2,4
15700,29,138,1-29-2019-138-06,6,2,4T1BF1FK4CU5,17,49,40,2012,4,1,3,0,1,F,2,1441,5,0,1,1,8,2,72,1,0,0,995,0,0,0,02766,1,2,0,4,2,1,2,1,2,1,1,2,0,0,1,1,0,0,1,0,1,4,62,2,1,1,6,M,98,0,0,0,0,0,0,0,0,0,0,65,125,0,0,0,1,3,37,-37,6,46516,998,-12,28,0,1,1,1,0,4,0,995,9.8,998,998,998,99.8,99.8,99.8,76.1066570673806,2,4
15701,29,139,1-29-2019-139-10,10,1,1G1ZE5ST4GF2,17,20,37,2016,4,1,4,0,1,F,9,1400,5,9999,9,0,998,5,40,1,0,0,995,0,0,0,02840,9,9,2,4,2,1,2,1,2,4,0,2,0,0,1,8,0,0,1,0,11,2,15,99,1,1,4,J,68,0,0,0,0,0,0,0,0,0,0,325,175,0,0,0,1,0,999,999,999,9999999,999,999,999,9,0,95,95,95,95,0,995,9.8,998,998,998,99.8,99.8,99.8,1333.65961577014,2,4
15701,29,139,1-29-2019-139-10,10,2,2T1BR12EXYC3,17,49,32,2000,4,1,1,0,1,F,1,1095,5,0,1,1,5,2,40,1,0,0,995,0,0,0,02871,7,2,2,4,2,1,2,1,1,2,0,2,0,0,1,8,0,0,1,0,1,4,62,99,1,1,4,J,69,0,0,0,0,0,0,0,0,0,0,175,325,0,0,0,1,12,999,999,999,9999999,999,999,999,6,0,0,0,0,0,0,995,9.8,998,998,998,99.8,99.8,99.8,1333.65961577014,2,4
15702,29,140,1-29-2019-140-04,4,1,JM1BK12G5614,17,41,51,2006,4,1,2,0,1,F,1,1230,5,9999,9,0,998,5,48,1,8,0,995,0,7,0,02746,9,9,2,4,2,1,2,1,1,1,0,0,0,0,1,1,2,2,9,0,1,2,17,99,1,1,5,L,88,0,0,0,0,0,0,0,0,0,0,85,10,0,0,0,1,3,5,-4,-3,1033,998,-128,3,0,4,95,95,95,95,0,995,9.8,998,998,998,99.8,99.8,99.8,162.803315723448,2,4
15702,29,140,1-29-2019-140-04,4,2,2T3JFREV6HW6,17,49,402,2017,14,3,14,0,1,L,1,1610,5,0,1,1,9,2,48,1,8,0,995,0,7,0,02740,9,1,2,4,2,1,2,1,1,1,0,0,0,0,1,1,0,0,1,0,1,4,66,4,1,1,5,L,89,0,0,0,0,0,0,0,0,0,0,10,85,0,0,0,1,3,3,-1,3,1867,998,5,5,0,4,1,1,0,6,0,995,9.8,998,998,998,99.8,99.8,99.8,162.803315723448,2,4
15703,66,72,1-66-2019-072-04,4,1,JN8AF5MR9GT6,17,35,403,2016,14,3,14,0,1,F,1,1344,5,0,1,1,13,2,97,1,0,0,995,0,7,0,65714,1,2,0,4,2,1,2,2,3,1,1,2,3,3,1,2,0,0,9,0,14,6,87,2,1,1,1,C,13,0,0,0,0,0,0,0,0,0,0,998,998,0,0,0,1,10,999,999,999,9999999,999,0,15,2,0,0,0,0,0,0,998,9.8,998,998,998,99.8,99.8,99.8,408.113566918976,6,4
15704,66,73,1-66-2019-073-09,9,1,4F4CR12U6RTM,17,41,471,1994,34,5,30,0,1,F,2,1326,5,9999,9,4,46,2,89,1,0,0,995,0,7,0,65605,1,2,2,4,2,1,2,1,2,1,1,2,0,0,1,1,0,0,1,0,14,4,67,3,1,1,4,K,83,0,0,0,0,0,0,0,0,0,0,235,135,0,0,0,1,3,35,-35,-6,65184,998,-38,33,0,4,0,0,0,0,0,995,9.8,998,998,998,99.8,99.8,99.8,399.760061142086,6,4
15704,66,73,1-66-2019-073-09,9,2,1LNHM81W03Y6,17,13,1,2003,4,1,5,0,1,L,2,1836,5,0,1,1,31,2,64,1,0,0,995,0,7,0,65769,1,2,2,4,2,1,2,1,3,4,0,0,0,0,1,1,2,2,3,0,11,2,15,1,1,1,4,K,82,0,0,0,0,0,0,0,0,0,0,135,235,0,0,0,1,3,26,-9,24,102871,998,154,27,0,4,1,1,0,0,0,995,9.8,998,998,998,99.8,99.8,99.8,399.760061142086,6,4
15705,14,64,1-14-2019-064-02,2,1,JF1GPAU66GH3,17,48,38,2016,5,1,3,0,1,F,9,1365,5,0,2,0,998,2,48,1,0,0,995,0,0,0,78606,3,2,0,4,2,1,2,1,1,1,0,0,0,0,1,1,0,0,9,1,1,2,12,99,1,4,1,B,6,0,0,0,0,0,0,0,0,0,0,998,998,0,0,0,1,0,999,999,999,9999999,999,999,999,9,0,1,1,0,4,0,998,0.0,4,2,120,4.6,1.3,4.7,253.603260030737,8,4
15706,25,78,1-25-2019-078-06,6,1,4T1BF1FK0EU8,17,49,40,2014,4,1,3,0,1,F,1,1441,5,0,1,1,9,2,56,1,8,0,995,0,7,0,04101,9,9,0,4,2,1,2,5,1,4,1,2,0,0,4,1,0,0,1,1,1,1,6,7,2,4,1,A,2,0,0,0,0,0,0,0,0,0,0,998,998,0,0,0,2,1,11,-11,0,8889,998,26,11,0,4,0,0,0,4,0,998,1.8,10,10,999,1.8,7.7,8.0,292.133281342515,2,4
15708,48,71,1-48-2019-071-04,4,1,1G1BE5SM6J71,17,20,25,2018,4,1,3,0,1,F,9,1250,5,0,2,0,998,2,129,1,0,0,995,0,0,0,84121,1,2,1,2,4,3,1,4,1,1,3,3,0,3,1,8,0,0,1,1,6,2,12,1,2,4,1,B,7,0,0,0,0,0,0,0,0,0,0,999,999,0,0,0,1,0,999,999,999,9999999,999,999,999,9,0,0,0,0,0,0,999,9.8,998,998,998,99.8,99.8,99.8,777.631602917974,12,4
15709,26,149,1-26-2019-149-03,3,1,1B7HC16YXRS5,17,7,482,1994,34,5,30,0,1,L,1,1741,5,0,1,1,16,2,40,1,0,1,0,2,0,0,95841,1,9,2,4,2,1,2,1,1,4,0,0,0,0,1,1,2,2,1,0,11,2,15,1,1,1,4,K,82,0,0,0,0,0,0,0,0,0,0,30,150,0,0,0,1,1,22,-17,14,4060,998,0,8,0,1,2,4,0,4,0,995,9.8,998,998,998,99.8,99.8,99.8,849.2816002518,10,4
15709,26,149,1-26-2019-149-03,3,2,2T1BURHE4HC8,17,49,32,2017,4,1,3,0,1,F,2,1265,5,0,1,1,16,2,72,1,0,8,997,8,0,0,95838,3,9,2,1,2,2,2,1,1,1,3,0,0,0,1,1,0,0,1,0,3,4,67,1,1,1,4,K,83,0,0,0,0,0,0,0,0,0,0,150,30,0,0,0,1,1,30,-28,-10,85064,998,-64,37,0,1,1,1,0,4,0,995,9.8,998,998,998,99.8,99.8,99.8,849.2816002518,10,4
15710,26,150,1-26-2019-150-05,5,1,WDDGF5EBXBR1,17,42,42,2011,4,1,3,0,1,F,1,1600,5,0,1,1,38,2,105,1,0,0,995,0,0,0,95819,1,9,0,2,5,4,2,1,1,1,3,3,0,0,1,1,0,0,3,0,1,3,52,1,1,1,2,D,28,0,0,0,0,0,0,0,0,0,0,180,180,0,0,0,1,3,22,-22,0,32417,998,0,23,0,4,2,9,0,3,0,995,9.8,998,998,998,99.8,99.8,99.8,79.0935629084873,10,4
15710,26,150,1-26-2019-150-05,5,2,1V2DR2CA3JC5,17,30,403,2018,14,3,14,99,1,B,1,1966,5,9999,9,0,998,5,105,1,0,0,995,0,0,0,95608,9,9,0,2,5,4,2,1,1,1,3,3,0,0,1,1,0,0,1,0,2,3,53,1,1,1,2,D,29,0,0,0,0,0,0,0,0,0,0,180,180,0,0,0,1,3,19,19,0,24501,998,0,18,0,4,95,95,95,95,0,995,9.8,998,998,998,99.8,99.8,99.8,79.0935629084873,10,4
15711,26,151,1-26-2019-151-02,2,1,1NPTL49X4AD1,17,87,881,2010,63,8,60,0,1,F,9,,,,,,,5,89,1,0,0,995,0,0,0,92392,9,9,1,2,5,2,2,1,1,2,1,3,0,0,2,1,0,0,3,0,1,3,52,1,1,1,2,D,28,,,,,,,,,,,,,,,,,,,,,,,,,,,95,95,95,95,,,9.8,998,998,998,99.8,99.8,99.8,32.9547117802057,10,4
15711,26,151,1-26-2019-151-02,2,2,2T3ZFREV7GW2,17,49,402,2016,14,3,14,0,1,B,2,1555,5,9999,9,4,43,2,105,1,0,0,995,0,0,0,95212,9,1,1,2,5,2,2,1,1,2,1,3,0,0,2,1,0,0,1,0,2,3,53,8,1,1,2,D,29,0,0,0,0,0,0,0,0,0,0,290,290,0,0,0,1,5,999,999,999,9999999,999,999,999,7,0,1,1,0,4,0,995,9.8,998,998,998,99.8,99.8,99.8,32.9547117802057,10,4
15711,26,151,1-26-2019-151-02,2,3,2G1125S39F92,17,20,2,2015,4,1,4,0,1,B,2,1717,5,9999,9,4,43,5,105,1,0,0,995,0,0,0,95670,9,9,1,2,5,2,2,1,1,2,1,3,0,0,2,1,0,0,1,0,5,3,53,1,1,1,6,M,98,0,0,0,0,0,0,0,0,0,0,290,300,0,0,0,2,12,999,999,999,9999999,999,999,999,7,0,95,95,95,95,0,995,9.8,998,998,998,99.8,99.8,99.8,32.9547117802057,10,4
15715,15,78,1-15-2019-078-04,4,1,1FA6P8TH8K51,17,12,3,2019,2,1,3,0,1,F,2,1607,5,0,1,1,29,2,89,1,8,0,995,0,7,0,11798,1,1,0,2,4,1,2,2,2,9,1,3,2,3,3,2,0,0,1,1,14,1,6,2,3,4,1,A,2,0,0,0,0,0,0,0,0,0,0,998,998,0,0,0,1,10,999,999,999,9999999,999,-103,29,3,0,0,0,0,0,0,998,2.3,999,999,999,0.0,0.0,0.0,649.316652651153,1,4
15716,27,70,1-27-2019-070-09,9,1,5B4MFG2EXC34,17,84,881,2012,60,8,60,0,1,F,9,,,,,,,5,56,1,0,0,995,0,0,0,01201,9,9,2,4,2,1,2,1,1,4,0,0,0,0,1,1,2,2,9,0,1,2,19,99,1,1,5,L,86,,,,,,,,,,,,,,,,,,,,,,,,,,,95,95,95,95,,,9.8,998,998,998,99.8,99.8,99.8,86.7798570160855,3,4
15716,27,70,1-27-2019-070-09,9,2,1N4AL11D76N4,17,35,47,2006,4,1,4,0,1,R,1,1378,5,0,1,1,44,2,56,1,0,0,995,0,0,0,01201,9,9,2,4,2,1,2,1,1,1,1,2,0,0,1,1,0,0,1,0,1,4,68,7,1,1,5,L,87,0,0,0,0,0,0,0,0,0,0,270,180,0,0,0,1,5,999,999,999,9999999,999,999,10,2,0,0,0,0,4,0,995,2.8,78,15,10,0.0,0.0,0.0,86.7798570160855,3,4
15717,27,71,1-27-2019-071-07,7,1,1YVHZ8CH4B5M,17,41,50,2011,4,1,4,0,1,F,1,1486,5,0,1,1,13,2,56,1,9,9,998,8,9,9,01201,1,2,2,4,2,1,2,1,1,2,1,2,0,0,1,1,0,0,1,0,1,3,50,2,1,1,2,D,20,0,0,0,0,0,0,0,0,0,0,290,290,0,0,0,1,3,17,-17,0,14749,998,-24,15,0,4,1,2,0,6,0,995,9.8,998,998,998,99.8,99.8,99.8,104.460658557236,3,4
15717,27,71,1-27-2019-071-07,7,2,4S4BP61C4873,17,48,45,2008,6,1,3,0,1,B,1,1500,5,57,1,3,35,2,56,1,9,9,998,8,9,9,01226,9,9,0,4,2,1,2,1,1,2,1,2,0,0,1,1,0,0,1,0,5,3,53,1,1,1,2,D,21,0,0,0,0,0,0,0,0,0,0,290,290,0,0,0,1,3,16,16,0,20532,998,0,18,0,4,0,0,0,0,0,995,9.8,998,998,998,99.8,99.8,99.8,104.460658557236,3,4
15717,27,71,1-27-2019-071-07,7,3,3GTU2NEC0JG3,17,23,481,2018,34,5,31,0,1,B,9,2394,5,9999,9,0,998,5,56,1,9,9,998,8,9,9,01225,9,9,0,4,2,1,2,1,1,2,1,2,0,0,1,1,0,0,1,0,5,3,53,1,1,1,6,M,98,0,0,0,0,0,0,0,0,0,0,290,290,0,0,0,2,0,999,999,999,9999999,999,999,999,9,0,95,95,95,95,0,995,9.8,998,998,998,99.8,99.8,99.8,104.460658557236,3,4
15718,17,141,1-17-2019-141-07,7,1,2G1WC5E33C11,17,20,2,2012,4,1,4,0,1,B,1,1658,5,0,1,1,3,2,48,1,9,0,995,0,7,0,52803,2,2,0,4,2,1,1,1,1,4,0,0,0,0,3,1,0,0,9,1,13,2,11,99,1,1,6,M,93,0,0,0,0,0,0,0,0,0,0,0,0,0,0,0,1,3,8,8,0,6655,998,-18,10,0,4,0,0,0,0,0,995,9.8,998,998,998,99.8,99.8,99.8,1351.83519474903,4,4
15718,17,141,1-17-2019-141-07,7,2,1C4PJMAK6CW1,17,2,405,2012,14,3,14,0,2,F,1,1872,5,9999,9,0,998,,,,,,,,,,,,,,,,,,,,,,,,,,,,,,,,,,,,,,,,,,,,,,,,,,,,,,,,,,,,,,,,,,95,95,95,95,,,,,,,,,,1351.83519474903,4,4
15719,17,142,1-17-2019-142-03,3,1,5XXGT4L34GG0,17,63,34,2016,4,1,4,0,1,T,2,1463,5,0,1,1,9,2,89,1,9,1,0,2,9,1,61235,1,2,0,4,2,1,2,1,1,1,1,4,0,0,4,1,0,0,1,1,1,2,12,99,9,4,1,B,8,1,4,1,2,1,3,61,1,2,15,998,998,0,0,1,3,11,999,999,999,9999999,999,999,999,7,0,1,1,0,4,3,998,0.7,999,999,999,10.4,0.6,10.8,333.829486355854,4,4
15720,17,143,1-17-2019-143-01,1,1,2FTRX17W61CA,17,12,481,2001,34,5,31,0,1,R,3,1911,5,0,1,1,5,2,89,1,9,1,203,2,7,1,61235,1,2,0,4,2,1,2,2,3,1,1,4,0,0,2,2,0,0,9,1,14,2,13,99,4,4,1,B,7,0,0,0,0,0,0,0,0,0,0,998,998,0,1,1,2,1,54,18,-51,238083,998,25,54,0,1,5,38,1,1,0,998,0.7,22,22,40,16.3,10.7,19.7,69.7981473883128,4,4
15721,30,105,1-30-2019-105-07,7,1,1C4RJFAG8EC2,17,2,422,2014,15,3,15,0,1,L,2,2121,5,0,1,1,59,2,64,1,0,0,995,0,0,0,85015,9,9,2,5,6,3,2,1,1,1,3,2,0,0,3,1,0,0,9,1,11,2,15,1,1,2,4,J,72,0,0,0,0,0,0,0,0,0,0,195,255,0,0,0,1,3,34,11,31,121810,998,-2,38,0,4,99,99,0,99,0,995,9.8,998,998,998,99.8,99.8,99.8,2468.45915553975,10,4
15721,30,105,1-30-2019-105-07,7,2,1FTWX33F5YEC,17,12,481,2000,34,5,31,0,1,F,2,2113,8,9999,9,0,998,2,64,1,0,0,995,0,0,0,85501,9,9,2,5,6,4,2,1,1,1,4,4,0,0,3,1,0,0,9,0,11,4,61,99,1,1,4,J,73,0,0,0,0,0,0,0,0,0,0,255,195,0,0,0,1,3,33,-33,-6,73913,998,-49,28,0,4,99,99,0,99,0,995,9.8,998,998,998,99.8,99.8,99.8,2468.45915553975,10,4
15722,30,106,1-30-2019-106-09,9,1,1HGFA16576L0,17,37,31,2006,4,1,3,0,1,F,1,1224,5,9999,9,4,28,2,105,1,0,0,995,0,0,0,95124,1,2,0,2,5,1,2,1,1,1,1,3,0,0,1,1,0,0,1,1,1,1,9,2,3,4,1,A,2,0,0,0,0,0,0,0,0,0,0,998,998,0,0,0,1,12,999,999,999,9999999,999,999,999,2,0,2,5,0,4,0,998,3.6,999,999,999,0.0,0.0,0.0,2236.67853005204,10,4
15722,30,106,1-30-2019-106-09,9,2,1N4AL3AP8FC2,17,35,47,2015,4,1,4,0,1,F,9,1416,5,9999,9,0,998,5,105,1,0,0,995,0,0,0,85374,9,9,0,2,5,1,2,1,1,1,1,3,0,0,1,1,0,0,1,0,1,4,61,99,1,1,6,M,98,0,0,0,0,0,0,0,0,0,0,270,195,0,0,0,3,0,999,999,999,9999999,999,999,999,9,0,95,95,95,95,0,995,9.8,998,998,998,99.8,99.8,99.8,2236.67853005204,10,4
15723,18,68,1-18-2019-068-03,3,1,5J6RM4H55GL0,17,37,402,2016,14,3,14,0,1,R,1,1586,5,0,1,1,3,2,72,1,0,0,995,0,0,0,54701,1,2,2,1,5,3,1,2,1,1,3,1,0,0,1,1,1,2,1,0,1,4,66,7,1,1,5,L,87,0,0,0,0,0,0,0,0,0,0,350,270,0,0,0,1,1,18,-9,-16,9323,998,-47,11,0,3,1,1,0,4,0,995,9.8,998,998,998,99.8,99.8,99.8,493.458527374334,6,4
15723,18,68,1-18-2019-068-03,3,2,5N1AR2MM5GC6,17,35,401,2016,14,3,14,0,1,F,1,2005,5,0,1,1,2,2,48,1,0,0,995,0,0,0,54703,9,9,2,4,6,3,1,2,1,1,3,1,0,0,1,1,1,2,9,0,1,2,17,1,1,1,5,L,86,0,0,0,0,0,0,0,0,0,0,270,350,0,0,0,1,1,16,-12,10,45717,998,108,19,0,3,0,0,0,0,0,995,9.8,998,998,998,99.8,99.8,99.8,493.458527374334,6,4