CASEID,PSU,CASENO,CASENUMBER,CATEGORY,VEHNO,VIN,VINLENGTH,MAKE,MODEL,MODELYR,BODYTYPE,BODYCAT,VEHCLASS,SPECUSE,TRANSTAT,DAMPLANE,DAMSEV,CURBWT,CURBSRC,CARGOWT,CARGOSRC,INSPTYPE,INSPLAG,TOWED,SPEEDLIMIT,DRPRESENT,PARALCOHOL,ALCTEST,ALCTESTRESULT,ALCTESTSRC,PARDRUG,DRUGTEST,ZIP,RACE,ETHNICITY,RELTOJUNCT,TRAFFLOW,RDLANES,INITLANE,SURFTYPE,SURFCOND,ALIGNMENT,PROFILE,LINERIGHT,LINELEFT,RUMBINIT,RUMBROAD,LIGHTCOND,WEATHER,TRAFDEV,TRAFFUNCT,DISTRACT,PREFHE,PREMOVE,CRITCAT,CRITEVENT,MANEUVER,PRESTAB,PRELOC,CRASHCAT,CRASHCONF,CRASHTYPE,ROLLTYPE,ROLLTURN,ROLLINTRPT,ROLLPREMAN,ROLLINITYP,ROLLINLOC,ROLLOBJ,ROLLTRIP,ROLLDIR,ROLLDIST,DVANGTHIS,DVANGOTH,TOWHITCH,TRAJDOC,TREEPOLE,DVEVENT,DVBASIS,DVTOTAL,DVLONG,DVLAT,DVENERGY,DVSPEED,DVMOMENT,DVBES,DVEST,DVCONF,VAIS,VISS,VINJURED,VTREAT,INITOBJCLASS,HEADANGLECAT,SHLDRWIDTH,STRKLENGTH,STRKWIDTH,STRKHEIGHT,EDGEDISTX,EDGEDISTY,EDGEDISTZ,CASEWGT,PSUSTRAT,VERSION
15724,33,95,1-33-2019-095-03,3,1,2FMGK5CC6BBD,17,12,25,2011,6,1,5,0,1,F,1,2027,5,0,1,1,29,2,56,1,0,0,995,0,0,0,95953,1,2,3,5,5,3,2,1,1,1,4,4,0,0,4,1,0,0,9,0,11,2,15,1,1,1,4,J,68,0,0,0,0,0,0,0,0,0,0,330,185,0,0,0,1,1,20,-19,-7,14369,998,-27,13,0,4,0,0,0,0,0,995,9.8,998,998,998,99.8,99.8,99.8,80.0684185478012,12,4
15724,33,95,1-33-2019-095-03,3,2,KNDJN2A29G72,17,63,37,2016,6,1,2,0,1,F,2,1492,5,0,1,1,15,2,56,1,0,0,995,0,0,0,95953,1,2,3,5,5,2,2,1,1,1,3,2,0,0,4,1,0,0,1,0,1,4,62,4,1,1,4,J,69,0,0,0,0,0,0,0,0,0,0,185,330,0,0,0,1,1,27,-26,5,62248,998,2,32,0,4,2,5,0,6,0,995,9.8,998,998,998,99.8,99.8,99.8,80.0684185478012,12,4
15725,33,96,1-33-2019-096-09,9,1,1J4GK48K74W2,17,2,405,2004,14,3,14,0,1,R,1,1735,5,0,1,1,8,2,89,1,0,0,995,0,0,0,95628,1,1,2,4,2,1,2,2,1,2,0,2,0,0,1,2,2,2,1,1,10,1,6,4,4,2,4,K,80,0,0,0,0,0,0,0,0,0,0,60,350,0,0,0,1,1,17,0,-17,28038,998,-162,12,0,4,1,1,0,0,0,995,9.8,998,998,998,99.8,99.8,99.8,306.374048668209,12,4
15725,33,96,1-33-2019-096-09,9,2,2C3LA63H26H3,17,6,51,2006,4,1,5,0,1,L,1,1844,5,0,1,1,23,2,89,1,0,0,995,0,0,0,95628,1,2,2,4,4,2,2,2,1,1,1,1,0,1,1,2,0,0,9,0,1,4,67,99,1,1,4,K,81,0,0,0,0,0,0,0,0,0,0,350,60,0,0,0,1,1,15,-14,5,44564,998,-54,22,0,4,1,1,0,4,0,995,9.8,998,998,998,99.8,99.8,99.8,306.374048668209,12,4
15726,21,123,1-21-2019-123-05,5,1,1G4GA5GR5EF2,17,18,22,2014,4,1,4,0,1,U,3,1712,5,9999,9,5,26,2,105,1,1,8,997,8,0,0,92376,2,9,0,2,5,1,1,1,1,9,3,3,0,0,3,1,0,0,9,1,15,4,61,99,9,2,2,F,48,1,3,1,2,1,3,61,1,1,24,998,998,0,0,1,4,7,999,999,999,9999999,999,999,999,8,0,3,19,3,3,3,998,2.7,999,999,999,23.1,9.1,24.8,42.4100509673325,11,4
15726,21,123,1-21-2019-123-05,5,2,1HGEJ1164PL0,17,37,31,1993,2,1,2,0,1,F,9,1084,5,9999,9,0,998,5,105,1,0,0,995,0,0,0,90703,9,9,0,2,5,3,1,1,1,9,3,3,0,0,3,1,0,0,9,1,15,4,60,99,9,2,2,F,48,0,0,0,0,0,0,0,0,0,0,100,140,0,0,0,2,0,999,999,999,9999999,999,999,999,9,0,95,95,95,95,0,995,9.8,998,998,998,99.8,99.8,99.8,42.4100509673325,11,4
15728,21,125,1-21-2019-125-03,3,1,1FTSW21P86EC,17,12,481,2006,34,5,31,0,1,F,2,2728,5,9999,9,0,998,2,113,1,0,0,995,0,0,0,91360,1,9,0,2,2,2,2,1,1,9,3,2,1,3,1,7,0,0,9,0,1,3,52,4,1,1,2,D,28,0,0,0,0,0,0,0,0,0,0,90,80,0,0,0,1,3,25,-25,0,58312,998,0,23,0,4,99,99,0,99,0,995,9.8,998,998,998,99.8,99.8,99.8,455.385680296488,11,4
15728,21,125,1-21-2019-125-03,3,2,3GYEK63N62G2,17,19,480,2002,34,5,31,0,1,B,2,2519,5,0,2,1,24,2,113,1,0,0,995,0,0,0,90029,1,1,0,2,2,2,2,1,1,9,3,2,1,3,1,7,0,0,1,0,2,3,53,1,1,1,2,D,29,0,0,0,0,0,0,0,0,0,0,80,90,0,0,0,1,3,26,26,5,100140,998,-78,28,0,4,1,1,0,4,0,995,9.8,998,998,998,99.8,99.8,99.8,455.385680296488,11,4
15728,21,125,1-21-2019-125-03,3,3,WAUFFAFC7GN1,17,32,42,2016,4,1,5,0,1,B,1,1795,5,9999,9,0,998,2,113,1,0,0,995,0,0,0,90250,1,9,0,2,2,1,2,1,1,9,3,2,1,3,1,7,0,0,9,0,5,3,52,1,1,1,6,M,98,0,0,0,0,0,0,0,0,0,0,80,75,0,0,0,2,3,22,22,0,38243,998,0,22,0,4,1,1,0,4,0,995,9.8,998,998,998,99.8,99.8,99.8,455.385680296488,11,4
15729,20,51,1-20-2019-051-09,9,1,1GKEK18K3NJ7,17,23,421,1992,15,3,15,0,1,T,2,2095,5,0,1,1,13,2,89,1,0,0,995,0,0,0,93905,9,1,2,1,3,2,2,1,1,1,1,2,0,0,1,1,1,2,9,1,1,1,3,4,2,4,1,B,7,1,3,2,2,5,4,31,6,2,10,997,997,0,0,0,1,6,999,999,999,9999999,999,999,999,7,0,99,99,0,99,2,997,9.8,998,998,998,99.8,99.8,99.8,2105.06161817558,11,4
15730,21,126,1-21-2019-126-01,1,1,5NPEB4AC3BH0,17,55,33,2011,4,1,4,0,1,F,3,1454,5,9999,9,5,57,2,72,1,9,9,998,8,9,9,99999,9,9,0,4,3,1,2,1,3,1,3,2,0,0,2,1,0,0,9,1,14,2,13,99,1,4,1,A,1,0,0,0,0,0,0,0,0,0,0,998,998,0,1,0,4,98,999,999,999,9999999,999,999,999,8,0,6,75,2,1,0,998,0.0,6,6,999,5.3,0.3,5.5,32.2602843773276,11,4
15731,25,80,1-25-2019-080-07,7,1,4T3BA3BB7EU0,17,49,53,2014,5,1,4,0,1,F,1,1835,5,0,1,5,7,2,48,1,8,0,995,0,7,0,04062,9,9,0,4,3,2,2,1,1,1,3,2,0,0,2,1,0,0,1,1,1,3,50,4,2,2,2,D,20,0,0,0,0,0,0,0,0,0,0,15,5,0,0,0,1,12,999,999,999,9999999,999,999,999,6,0,0,0,0,0,0,995,9.8,998,998,998,99.8,99.8,99.8,970.176450708614,2,4
15731,25,80,1-25-2019-080-07,7,2,5FNYF4H7XBB0,17,37,421,2011,15,3,15,0,1,B,9,2058,5,9999,9,0,998,5,48,1,8,0,995,0,7,0,04092,9,9,0,4,3,2,2,1,1,1,3,2,0,0,2,1,0,0,1,0,5,3,53,1,1,1,2,D,21,0,0,0,0,0,0,0,0,0,0,5,15,0,0,0,1,0,999,999,999,9999999,999,999,999,9,0,95,95,95,95,0,995,9.8,998,998,998,99.8,99.8,99.8,970.176450708614,2,4
15732,16,93,1-16-2019-093-07,7,1,2CNFLFE57B62,17,20,404,2011,14,3,14,0,1,R,1,1706,5,0,1,1,34,2,56,1,0,0,995,0,0,0,45233,9,9,2,4,3,1,2,1,1,2,0,1,0,0,3,1,1,2,9,0,1,2,17,2,1,1,5,L,87,0,0,0,0,0,0,0,0,0,0,245,155,0,0,0,1,1,11,-2,-11,5399,998,-43,8,0,1,99,99,0,99,0,995,9.8,998,998,998,99.8,99.8,99.8,639.62112179484,5,4
15732,16,93,1-16-2019-093-07,7,2,1HGEM22995L0,17,37,31,2005,2,1,3,0,1,F,1,1365,5,0,1,1,8,2,40,1,0,0,995,0,0,0,45211,9,9,2,4,4,2,2,1,3,1,3,2,0,0,3,1,1,2,1,0,14,4,66,99,1,1,5,L,86,0,0,0,0,0,0,0,0,0,0,155,245,0,0,0,1,1,14,-13,2,14284,998,35,16,0,1,99,99,0,99,0,995,9.8,998,998,998,99.8,99.8,99.8,639.62112179484,5,4
15738,77,137,1-77-2019-137-01,1,1,JTDDR32T2Y00,17,49,33,2000,2,1,2,0,1,R,3,1100,5,0,1,1,7,2,72,1,9,0,995,0,9,0,22935,9,9,0,4,2,1,2,2,2,4,0,2,0,0,1,1,0,0,9,1,14,1,6,99,4,2,3,I,64,0,0,0,0,0,0,0,0,0,0,75,315,0,0,0,1,1,99,-50,-86,674682,998,7,121,0,4,9,97,0,1,0,995,9.8,998,998,998,99.8,99.8,99.8,105.374114839707,9,4
15738,77,137,1-77-2019-137-01,1,2,1FMDU75K65ZA,17,12,401,2005,14,3,14,0,1,F,3,1984,5,0,1,1,8,2,72,1,0,0,995,0,0,0,22901,9,9,0,4,2,1,2,2,1,1,0,2,0,0,1,1,0,0,1,0,1,4,62,99,1,1,3,I,65,0,0,0,0,0,0,0,0,0,0,315,75,0,0,0,1,1,57,-57,0,30673,998,0,20,0,1,9,97,0,0,0,995,9.8,998,998,998,99.8,99.8,99.8,105.374114839707,9,4
15739,77,138,1-77-2019-138-03,3,1,3HGGK5H5XFM7,17,37,39,2015,5,1,1,0,1,F,1,1131,5,0,1,1,9,2,89,1,0,0,995,0,0,0,22937,9,9,0,4,2,1,2,99,1,1,1,2,1,0,2,1,0,0,9,0,1,3,52,3,2,1,2,D,28,0,0,0,0,0,0,0,0,0,0,200,205,0,0,0,1,1,16,-16,0,15784,998,11,18,0,4,99,99,0,0,0,995,9.8,998,998,998,99.8,99.8,99.8,704.267538567496,9,4
15739,77,138,1-77-2019-138-03,3,2,JHMFA36247S0,17,37,31,2007,4,1,3,0,1,F,1,1304,5,0,1,1,9,2,89,1,0,0,995,0,0,0,24590,1,2,0,4,2,1,2,99,1,1,1,2,1,0,2,1,0,0,1,0,2,3,53,2,1,1,2,D,29,0,0,0,0,0,0,0,0,0,0,195,205,0,0,0,2,3,24,-24,0,29981,998,-9,24,0,4,0,0,0,0,0,995,9.8,998,998,998,99.8,99.8,99.8,704.267538567496,9,4
15739,77,138,1-77-2019-138-03,3,3,1FM5K8AR3GGA,17,12,401,2016,14,3,14,5,1,B,1,2146,5,9999,9,0,998,5,89,1,0,0,995,0,0,0,22963,9,9,2,4,2,1,2,99,1,1,1,2,1,0,2,1,0,0,1,0,2,3,53,1,1,1,6,M,98,0,0,0,0,0,0,0,0,0,0,205,195,0,0,0,2,3,15,15,-3,22660,998,47,16,0,4,95,95,95,95,0,995,9.8,998,998,998,99.8,99.8,99.8,704.267538567496,9,4
15741,29,141,1-29-2019-141-09,9,1,KMHHM66D67U2,17,55,37,2007,3,1,1,0,1,L,1,1307,5,0,1,1,4,2,40,1,0,0,995,0,0,0,02840,9,9,0,4,2,1,2,1,1,1,0,0,0,0,2,8,0,0,9,1,1,2,12,99,1,4,1,C,11,1,2,1,1,7,4,2,2,1,5,60,240,0,1,0,1,3,5,-5,1,2080,998,-66,6,0,4,99,99,0,8,1,995,0.0,120,13,15,0.0,0.0,0.0,594.387870716586,2,4
15741,29,141,1-29-2019-141-09,9,2,JF1GPAB66G82,17,48,45,2016,5,1,3,99,2,F,1,1365,5,9999,9,0,998,,,,,,,,,,,,,,,,,,,,,,,,,,,,,,,,,,,,,,,,,,,,,,,,,,,,,,,,,,,,,,,,,,95,95,95,95,,,,,,,,,,594.387870716586,2,4
15742,29,142,1-29-2019-142-03,3,1,KMHGN4JE1HU2,17,55,43,2017,4,1,5,0,1,L,1,1948,5,0,1,1,8,2,40,1,8,0,995,0,7,0,02719,1,2,2,4,3,2,2,2,1,1,0,0,0,0,1,8,2,2,2,0,11,2,15,1,1,1,4,K,82,0,0,0,0,0,0,0,0,0,0,75,175,0,0,0,1,1,7,-1,7,2528,998,-159,4,0,4,1,1,0,4,0,995,9.8,998,998,998,99.8,99.8,99.8,154.441795231078,2,4
15742,29,142,1-29-2019-142-03,3,2,4S3BH6454273,17,48,34,2002,5,1,3,0,1,F,1,1590,5,0,1,1,8,2,40,1,8,9,998,8,7,9,02719,1,2,2,4,4,2,2,2,1,4,3,2,0,0,1,8,0,0,1,0,1,4,67,2,1,1,4,K,83,0,0,0,0,0,0,0,0,0,0,175,75,0,0,0,1,1,8,-8,0,9285,998,32,12,0,4,1,1,0,4,0,995,9.8,998,998,998,99.8,99.8,99.8,154.441795231078,2,4
15743,29,143,1-29-2019-143-09,9,1,5TFAY5F14HX5,17,49,482,2017,34,5,30,0,1,R,1,2555,5,9999,9,4,27,5,48,1,8,9,998,8,7,9,06117,9,9,2,4,2,1,2,3,1,4,0,0,0,0,1,4,2,2,9,0,11,1,6,2,1,1,4,K,76,0,0,0,0,0,0,0,0,0,0,240,170,0,0,0,1,3,15,-8,-13,66018,998,77,24,0,4,95,95,95,95,0,995,9.8,998,998,998,99.8,99.8,99.8,594.387870856888,2,4
15743,29,143,1-29-2019-143-09,9,2,1J4GA39147L1,17,2,403,2007,14,3,14,0,1,F,1,1848,5,0,1,1,7,2,48,1,8,0,995,0,7,0,02743,9,9,2,4,3,1,2,3,1,1,1,2,0,0,1,4,1,2,9,0,1,4,65,99,1,1,4,K,77,0,0,0,0,0,0,0,0,0,0,170,240,0,0,0,1,3,20,-13,15,22094,998,133,12,0,4,1,1,0,4,0,995,9.8,998,998,998,99.8,99.8,99.8,594.387870856888,2,4
15744,11,110,1-11-2019-110-06,6,1,2MRZA20284BJ,17,14,444,2004,20,4,20,0,1,F,1,1939,5,9999,9,0,998,2,72,1,1,1,102,2,0,2,23831,1,9,2,1,4,3,2,1,3,1,1,1,0,0,2,1,1,2,1,0,14,2,17,99,1,1,4,J,69,0,0,0,0,0,0,0,0,0,0,140,250,0,0,0,1,3,7,-7,-1,3520,998,-42,6,0,4,1,2,0,4,0,995,9.8,998,998,998,99.8,99.8,99.8,2733.50978942265,8,4
15744,11,110,1-11-2019-110-06,6,2,5NPEB4AC3BH2,17,55,33,2011,4,1,4,0,1,R,1,1454,5,0,1,1,13,2,72,1,0,0,995,0,0,0,23831,9,9,2,1,5,5,2,1,2,1,1,2,0,0,2,1,1,2,1,0,11,4,63,99,1,1,4,J,68,0,0,0,0,0,0,0,0,0,0,250,140,0,0,0,1,3,10,-2,-10,8487,998,-87,10,0,4,99,99,0,99,0,995,9.8,998,998,998,99.8,99.8,99.8,2733.50978942265,8,4
15745,11,111,1-11-2019-111-02,2,1,1FADP3H25HL2,17,12,37,2017,4,1,3,0,1,F,1,1340,5,0,1,1,11,2,56,1,0,0,995,0,0,0,23831,1,1,2,4,3,2,2,1,1,1,1,2,0,0,2,1,2,2,1,0,1,2,17,99,1,1,5,L,88,0,0,0,0,0,0,0,0,0,0,180,100,0,0,0,1,1,24,-16,-19,68867,998,-128,26,0,1,0,0,0,0,0,995,9.8,998,998,998,99.8,99.8,99.8,86.2738680951623,8,4
15745,11,111,1-11-2019-111-02,2,2,1FAHP2E85HG1,17,12,17,2017,4,1,4,0,1,L,1,1822,5,0,1,1,12,2,56,1,0,0,995,0,0,0,23075,2,2,2,4,2,1,2,1,1,1,0,2,0,0,2,1,2,2,1,0,1,4,66,4,1,1,5,L,89,0,0,0,0,0,0,0,0,0,0,100,180,0,0,0,1,1,18,-11,14,20561,998,-73,15,0,1,0,0,0,4,0,995,0.6,61,43,-36,2.9,1.1,3.2,86.2738680951623,8,4
15746,24,139,1-24-2019-139-03,2,1,1C3CCCAB9GN1,17,6,18,2016,4,1,3,0,1,R,1,1575,5,0,1,1,10,2,64,1,0,0,995,0,0,0,08098,2,2,2,4,5,2,2,2,1,1,0,3,0,0,1,2,1,2,1,0,1,2,17,8,1,1,5,L,87,0,0,0,0,0,0,0,0,0,0,200,80,0,0,0,1,1,22,-19,-11,20764,998,165,12,0,1,1,2,0,4,0,995,0.0,999,999,999,0.0,0.0,0.0,543.549194099828,1,4
15746,24,139,1-24-2019-139-03,2,2,1FM5K8F8XHGE,17,12,401,2017,14,3,14,0,1,F,1,2067,5,0,1,1,10,2,64,1,0,0,995,0,0,0,08205,1,2,2,2,3,1,2,2,1,1,0,1,0,0,1,2,1,2,1,0,1,4,66,3,1,1,5,L,86,0,0,0,0,0,0,0,0,0,0,80,200,0,0,0,1,1,17,-15,8,84548,998,112,26,0,1,1,1,0,4,0,995,0.0,120,56,120,5.7,0.0,5.8,543.549194099828,1,4
15747,24,140,1-24-2019-140-04,4,1,WBY8P8C59K7D,17,34,45,2019,5,1,2,0,1,F,1,1315,5,0,1,1,32,2,40,1,0,0,995,0,0,0,08221,1,2,2,3,3,2,2,2,1,1,1,1,0,0,1,2,1,2,1,0,1,4,66,4,1,1,5,L,86,0,0,0,0,0,0,0,0,0,0,130,240,0,0,0,1,1,21,-20,7,41330,998,49,25,0,1,0,0,0,0,0,995,9.8,998,998,998,99.8,99.8,99.8,1526.04618837564,1,4
15747,24,140,1-24-2019-140-04,4,2,JNKAY01FX7M4,17,58,38,2007,4,1,4,0,1,R,1,1816,5,0,1,1,17,2,40,1,0,0,995,0,0,0,08401,3,2,2,3,2,1,2,2,1,1,0,3,0,0,1,2,1,2,1,0,1,2,17,1,1,1,5,L,87,0,0,0,0,0,0,0,0,0,0,240,130,0,0,0,1,1,17,-11,-13,12332,998,26,13,0,1,0,0,0,0,0,995,9.8,998,998,998,99.8,99.8,99.8,1526.04618837564,1,4
15748,24,141,1-24-2019-141-04,4,1,3KPFK4A7XHE1,17,63,38,2017,4,1,3,0,1,F,2,1272,5,0,1,1,20,2,64,1,0,0,995,0,0,0,08037,1,2,2,4,2,1,2,1,1,1,1,2,0,0,1,1,1,2,9,0,1,3,50,2,9,1,2,D,20,0,0,0,0,0,0,0,0,0,0,20,20,0,0,0,1,3,28,-28,0,30108,998,5,24,0,4,0,0,0,0,0,995,9.8,998,998,998,99.8,99.8,99.8,1526.04618876605,1,4
15748,24,141,1-24-2019-141-04,4,2,4T3BK3BB4CU0,17,49,53,2012,5,1,4,0,1,B,1,1705,5,9999,9,0,998,5,64,1,0,0,995,0,0,0,08094,9,9,2,4,2,1,2,1,1,1,1,2,0,0,1,1,1,2,9,0,5,3,52,99,1,1,2,D,21,0,0,0,0,0,0,0,0,0,0,20,20,0,0,0,1,3,22,22,0,41913,998,0,25,0,4,95,95,95,95,0,995,9.8,998,998,998,99.8,99.8,99.8,1526.04618876605,1,4
15748,24,141,1-24-2019-141-04,4,3,KNMAT2MV4KP5,17,35,404,2019,14,3,14,0,1,B,9,1610,5,9999,9,0,998,5,64,1,0,0,995,0,0,0,08094,9,9,2,4,2,1,2,1,1,1,1,2,0,0,1,1,1,2,9,0,5,3,51,1,1,1,6,M,98,0,0,0,0,0,0,0,0,0,0,20,20,0,0,0,2,0,999,999,999,9999999,999,999,999,9,0,95,95,95,95,0,995,9.8,998,998,998,99.8,99.8,99.8,1526.04618876605,1,4
15749,59,59,1-59-2019-059-02,2,1,1FTYR10U78PA,17,12,471,2008,34,5,30,0,1,F,1,1392,5,0,1,1,8,2,48,1,0,0,995,0,0,0,62441,1,2,2,4,3,1,2,1,1,1,0,1,0,0,1,8,1,2,3,0,1,2,17,3,1,1,5,L,88,0,0,0,0,0,0,0,0,0,0,175,90,0,0,0,1,1,24,-23,-8,36410,998,-60,23,0,1,1,2,0,4,0,995,9.8,998,998,998,99.8,99.8,99.8,149.432098627115,6,4
15749,59,59,1-59-2019-059-02,2,2,1GKS2HKJ9GR1,17,23,422,2016,15,3,15,0,1,L,1,2713,5,0,2,1,6,2,48,1,0,0,995,0,0,0,47803,1,2,2,4,2,1,2,1,1,1,0,2,0,0,1,8,1,2,1,0,1,4,66,4,1,1,5,L,89,0,0,0,0,0,0,0,0,0,0,90,175,0,0,0,1,1,13,-4,12,20410,998,59,13,0,1,1,2,0,4,0,995,9.8,998,998,998,99.8,99.8,99.8,149.432098627115,6,4
15750,52,83,1-52-2019-083-09,9,1,1G2ZF55B7642,17,22,22,2006,4,1,4,0,1,F,3,1486,5,0,1,1,7,3,40,1,9,0,995,0,9,0,99999,9,9,0,4,2,1,2,5,1,2,0,0,0,0,2,1,0,0,9,1,1,1,8,2,2,4,1,B,7,0,0,0,0,0,0,0,0,0,0,998,998,0,0,3,2,11,999,999,999,9999999,999,999,999,8,0,99,99,0,99,0,998,0.0,26,26,72,0.5,1.5,1.6,586.770392732861,12,4
15751,52,84,1-52-2019-084-03,3,1,3C4PDCAB8JT3,17,7,27,2018,6,1,4,0,1,L,1,1735,5,0,1,1,9,2,56,1,0,0,995,0,0,0,59101,1,2,0,4,3,1,2,5,2,1,0,2,0,0,1,8,0,0,9,0,14,1,5,2,3,2,3,I,64,0,0,0,0,0,0,0,0,0,0,225,275,0,0,0,1,5,999,999,999,9999999,999,999,9,1,0,1,1,0,4,0,995,9.8,998,998,998,99.8,99.8,99.8,125.285095401104,12,4
15751,52,84,1-52-2019-084-03,3,2,CKY144F31080,13,20,999,1974,79,8,79,99,1,9,9,,,,,,,5,56,1,0,0,995,0,0,0,59101,9,9,0,4,3,1,2,5,3,1,0,2,0,0,1,8,0,0,9,0,14,4,62,99,1,1,3,I,65,,,,,,,,,,,,,,,,,,,,,,,,,,,95,95,95,95,,,9.8,998,998,998,99.8,99.8,99.8,125.285095401104,12,4
15752,28,67,1-28-2019-067-07,7,1,1FMCU9DG0AKD,17,12,402,2010,14,3,14,0,1,F,1,1609,5,0,1,1,17,2,72,1,0,0,995,0,0,0,15122,1,2,0,4,2,1,2,2,1,1,1,2,0,0,2,1,0,0,1,0,1,6,87,1,1,1,1,C,13,0,0,0,0,0,0,0,0,0,0,998,998,0,0,0,1,10,999,999,999,9999999,999,6,13,2,0,0,0,0,0,0,998,9.8,998,998,998,99.8,99.8,99.8,224.141821125417,3,4
15754,16,94,1-16-2019-094-03,3,1,2B3KA43G26H5,17,7,24,2006,4,1,5,0,1,R,1,1733,5,0,1,1,18,2,72,1,0,0,995,0,0,0,45247,9,9,2,4,5,3,2,1,3,1,1,2,0,0,1,8,1,2,1,0,11,2,15,99,1,1,4,J,68,0,0,0,0,0,0,0,0,0,0,130,15,0,0,0,1,1,24,-12,-21,86039,998,37,34,0,1,0,0,0,0,0,995,9.8,998,998,998,99.8,99.8,99.8,171.363756816521,5,4
15754,16,94,1-16-2019-094-03,3,2,ML32A3HJ2FH0,17,52,48,2015,4,1,1,0,1,F,3,895,5,0,1,1,6,2,72,1,0,0,995,0,0,0,45247,9,9,2,4,5,3,2,1,2,1,1,3,0,0,1,8,1,2,1,0,14,4,62,99,1,1,4,J,69,0,0,0,0,0,0,0,0,0,0,15,130,0,0,0,1,1,45,-44,8,40145,998,42,31,0,1,9,97,0,8,0,995,9.8,998,998,998,99.8,99.8,99.8,171.363756816521,5,4
15756,16,96,1-16-2019-096-10,10,1,1J4FF68S3XL5,17,2,404,1999,14,3,14,0,1,F,1,1406,8,0,1,1,5,2,56,1,1,2,996,1,0,0,45140,9,9,0,4,2,1,2,2,3,2,1,2,0,0,3,2,0,0,1,1,14,2,12,99,1,4,1,B,6,0,0,0,0,0,0,0,0,0,0,998,998,0,0,1,3,1,14,-14,0,10873,998,23,14,0,4,99,99,0,99,0,998,4.1,120,30,38,3.6,13.2,13.5,4382.10529015305,5,4
15757,25,81,1-25-2019-081-06,6,1,1G1PC5SB3D72,17,20,25,2013,4,1,3,0,1,F,2,1407,5,0,1,5,24,2,56,1,1,1,227,2,7,1,04038,9,9,0,4,2,1,2,2,3,1,1,2,0,0,3,2,6,2,9,1,14,2,13,99,1,4,1,A,1,0,0,0,0,0,0,0,0,0,0,998,998,0,0,3,3,12,999,999,999,9999999,999,999,999,7,0,2,4,0,4,0,998,1.2,17,17,120,14.2,5.9,15.5,188.580151136986,2,4
15759,32,146,1-32-2019-146-06,6,1,999999999999,99,99,399,9999,9,1,9,99,1,B,9,9999,9,9999,9,0,998,5,105,1,9,0,995,0,9,0,99999,9,9,0,1,1,1,1,1,1,9,1,2,0,0,2,1,0,0,9,1,1,2,13,99,1,4,1,A,1,0,0,0,0,0,0,0,0,0,0,325,310,0,0,0,2,0,999,999,999,9999999,999,999,999,9,0,95,95,95,95,0,995,9.9,999,999,999,99.9,99.9,99.9,746.47625372866,7,4
15759,32,146,1-32-2019-146-06,6,2,KL8CF6S93DC5,17,20,29,2013,5,1,1,0,1,F,2,1050,5,0,1,1,9,2,105,1,0,1,0,2,0,0,75238,1,2,0,1,4,4,1,1,1,9,3,1,0,0,2,1,0,0,9,0,1,4,60,2,1,1,6,M,98,0,0,0,0,0,0,0,0,0,0,310,325,0,0,0,2,9,999,999,999,9999999,999,999,999,7,0,1,2,0,4,0,995,9.8,998,998,998,99.8,99.8,99.8,746.47625372866,7,4
15761,32,148,1-32-2019-148-06,6,1,1N4AL3AP3EN3,17,35,47,2014,4,1,4,0,1,F,1,1451,5,0,1,1,10,2,105,1,0,0,995,0,0,0,75146,2,2,0,3,1,1,1,1,3,9,1,1,0,0,3,1,0,0,9,1,14,2,13,3,1,4,1,A,1,0,0,0,0,0,0,0,0,0,0,15,5,0,0,0,1,3,19,-19,0,13194,998,28,15,0,4,2,5,0,3,0,995,9.8,998,998,998,99.8,99.8,99.8,746.47625372866,7,4
15761,32,148,1-32-2019-148-06,6,2,1N4AL11D24C1,17,35,47,2004,4,1,4,0,2,B,1,1430,5,9999,9,4,33,,,,,,,,,,,,,,,,,,,,,,,,,,,,,,,,,,,,,,,,,,,,,,,,,,,,,,,,,,,,,,,,,,95,95,95,95,,,,,,,,,,746.47625372866,7,4
15763,76,64,1-76-2019-064-05,5,1,JTDKN3DU6E17,17,49,46,2014,5,1,3,0,1,F,2,1380,5,0,1,1,25,2,48,1,8,9,998,8,7,9,78258,9,1,0,4,2,1,2,5,3,1,1,2,0,0,1,10,6,2,1,1,14,1,6,4,2,4,1,A,2,0,0,0,0,0,0,0,0,0,0,998,998,0,0,1,2,11,999,999,999,9999999,999,999,999,7,0,1,1,0,4,0,998,0.6,999,999,999,11.3,1.5,11.4,27.9272146005522,3,4
15764,76,65,1-76-2019-065-08,8,1,2G1WB58N6892,17,20,2,2008,4,1,4,0,1,F,1,1630,5,0,1,1,34,2,64,1,8,9,998,8,7,9,13750,1,2,0,4,2,1,2,5,2,1,0,0,0,0,2,10,0,0,1,1,14,1,6,3,4,4,1,B,7,0,0,0,0,0,0,0,0,0,0,998,998,0,1,1,1,1,16,-8,-14,40629,998,-170,16,0,1,1,1,0,4,0,998,0.0,30,30,68,13.6,3.6,14.1,169.733119348512,3,4