CASEID,PSU,CASENO,CASENUMBER,CATEGORY,VEHNO,VIN,VINLENGTH,MAKE,MODEL,MODELYR,BODYTYPE,BODYCAT,VEHCLASS,SPECUSE,TRANSTAT,DAMPLANE,DAMSEV,CURBWT,CURBSRC,CARGOWT,CARGOSRC,INSPTYPE,INSPLAG,TOWED,SPEEDLIMIT,DRPRESENT,PARALCOHOL,ALCTEST,ALCTESTRESULT,ALCTESTSRC,PARDRUG,DRUGTEST,ZIP,RACE,ETHNICITY,RELTOJUNCT,TRAFFLOW,RDLANES,INITLANE,SURFTYPE,SURFCOND,ALIGNMENT,PROFILE,LINERIGHT,LINELEFT,RUMBINIT,RUMBROAD,LIGHTCOND,WEATHER,TRAFDEV,TRAFFUNCT,DISTRACT,PREFHE,PREMOVE,CRITCAT,CRITEVENT,MANEUVER,PRESTAB,PRELOC,CRASHCAT,CRASHCONF,CRASHTYPE,ROLLTYPE,ROLLTURN,ROLLINTRPT,ROLLPREMAN,ROLLINITYP,ROLLINLOC,ROLLOBJ,ROLLTRIP,ROLLDIR,ROLLDIST,DVANGTHIS,DVANGOTH,TOWHITCH,TRAJDOC,TREEPOLE,DVEVENT,DVBASIS,DVTOTAL,DVLONG,DVLAT,DVENERGY,DVSPEED,DVMOMENT,DVBES,DVEST,DVCONF,VAIS,VISS,VINJURED,VTREAT,INITOBJCLASS,HEADANGLECAT,SHLDRWIDTH,STRKLENGTH,STRKWIDTH,STRKHEIGHT,EDGEDISTX,EDGEDISTY,EDGEDISTZ,CASEWGT,PSUSTRAT,VERSION
15766,73,88,1-73-2019-088-03,3,1,5TDZK23C37S0,17,49,442,2007,20,4,20,0,1,F,1,1880,5,0,1,1,22,2,48,1,0,0,995,0,0,0,04976,9,9,2,4,2,1,2,1,1,1,1,2,0,0,1,1,0,0,1,0,1,4,66,2,1,1,5,L,86,0,0,0,0,0,0,0,0,0,0,70,145,0,0,0,1,1,20,-20,3,53849,998,38,26,0,1,0,0,0,4,0,995,9.8,998,998,998,99.8,99.8,99.8,42.0190891846086,3,4
15766,73,88,1-73-2019-088-03,3,2,2T1BURHE4FC4,17,49,32,2015,4,1,3,0,1,R,2,1265,5,0,1,1,8,2,48,1,0,0,995,0,0,0,04976,9,9,2,4,3,2,2,1,1,2,1,2,0,0,1,1,2,2,9,0,1,2,17,3,1,1,5,L,87,0,0,0,0,0,0,0,0,0,0,145,70,0,0,0,1,1,29,5,-29,25702,998,-35,22,0,1,99,99,0,99,0,995,9.8,998,998,998,99.8,99.8,99.8,42.0190891846086,3,4
15767,31,71,1-31-2019-071-05,5,1,3ALXFB00FDDG,17,82,881,2013,66,8,68,0,1,F,9,,,,,,,5,89,1,0,8,997,8,0,0,62987,9,9,2,4,2,1,2,1,1,1,1,4,0,0,1,1,0,0,9,0,1,3,52,99,1,1,2,D,28,,,,,,,,,,,,,,,,,,,,,,,,,,,95,95,95,95,,,9.8,998,998,998,99.8,99.8,99.8,333.448922686071,6,4
15767,31,71,1-31-2019-071-05,5,2,1FMEU7EE9AUA,17,12,401,2010,14,3,14,0,1,B,1,2100,5,0,2,1,30,2,89,1,0,0,995,0,0,0,62982,1,2,2,4,2,1,2,1,1,1,1,4,0,0,1,1,0,0,1,0,2,3,52,1,1,1,2,D,30,0,0,0,0,0,0,0,0,0,0,180,185,0,0,0,1,5,999,999,999,9999999,999,999,13,2,0,2,5,0,4,0,995,9.8,998,998,998,99.8,99.8,99.8,333.448922686071,6,4
15768,19,80,1-19-2019-080-01,1,1,1N4AL3AP4HC1,17,35,47,2017,4,1,4,0,1,F,3,1453,5,0,1,1,6,2,113,1,9,8,997,8,9,3,37066,3,2,0,1,2,2,2,1,2,1,3,2,1,3,1,1,0,0,3,1,14,2,12,99,1,2,3,G,50,0,0,0,0,0,0,0,0,0,0,220,20,0,0,0,1,5,999,999,999,9999999,999,999,999,8,0,9,0,0,1,0,995,9.8,998,998,998,99.8,99.8,99.8,111.78505585159,9,4
15768,19,80,1-19-2019-080-01,1,2,3AKJGLD56ESF,17,82,881,2014,66,8,68,0,1,F,9,,,,,,,2,113,1,0,0,995,0,0,0,29078,9,9,0,1,2,1,2,1,1,1,1,3,2,3,1,1,0,0,1,0,1,4,62,1,1,1,3,G,51,,,,,,,,,,,,,,,,,,,,,,,,,,,95,95,95,95,,,9.8,998,998,998,99.8,99.8,99.8,111.78505585159,9,4
15769,10,76,1-10-2019-076-05,5,1,5FNRL38747B0,17,37,441,2007,20,4,20,0,1,R,3,2062,5,0,1,4,8,2,48,1,0,0,995,0,0,0,99999,9,9,2,4,2,1,2,1,1,1,0,2,0,0,1,8,1,2,9,0,1,2,17,99,1,2,5,L,87,0,0,0,0,0,0,0,0,0,0,195,110,0,0,0,1,12,999,999,999,9999999,999,999,999,8,0,99,99,0,99,0,995,0.0,999,999,999,0.0,0.0,0.0,34.1980691250278,4,4
15769,10,76,1-10-2019-076-05,5,2,1G1PF5S91B72,17,20,25,2011,4,1,3,0,1,F,3,1407,5,0,1,4,7,2,48,1,0,1,0,2,0,2,45404,9,9,2,4,2,1,2,1,1,1,0,2,0,0,1,8,1,2,1,0,1,4,66,99,1,2,5,L,86,0,0,0,0,0,0,0,0,0,0,110,195,0,0,0,1,12,999,999,999,9999999,999,999,999,8,0,1,1,0,4,0,995,0.0,999,999,999,99.9,99.9,99.9,34.1980691250278,4,4
15770,10,77,1-10-2019-077-09,9,1,1FTPW14V78FA,17,12,481,2008,34,5,30,0,1,L,2,2543,5,9999,9,4,10,2,105,1,0,0,995,0,0,0,45414,1,9,0,3,4,1,2,1,1,1,1,3,0,3,1,8,0,0,1,1,1,2,12,7,2,4,1,B,8,1,1,2,5,1,4,61,1,1,2,998,998,0,0,0,1,8,999,999,999,9999999,999,999,999,7,0,2,5,0,4,3,998,3.6,120,7,46,0.0,0.0,0.0,1253.22171266285,4,4
15771,12,77,1-12-2019-077-07,7,1,1FD8W3HT4BEB,17,12,481,2011,34,5,31,0,1,F,1,3225,5,54,1,1,6,2,89,1,0,0,995,0,0,0,73438,1,2,2,1,3,2,1,1,1,1,3,1,0,0,1,1,0,0,1,1,1,2,17,2,1,2,5,L,88,0,0,0,0,0,0,0,0,0,0,265,175,1,0,0,1,5,999,999,999,9999999,999,999,999,2,0,0,0,0,0,0,995,9.8,998,998,998,99.8,99.8,99.8,10135.9007737675,9,4
15771,12,77,1-12-2019-077-07,7,2,1FVHG3DVXDDB,17,82,898,2013,66,8,67,0,1,L,9,,,,,,,5,89,1,0,0,995,0,0,0,73438,9,9,2,3,1,1,2,1,1,1,0,0,0,0,1,1,0,0,9,0,1,4,66,1,1,1,5,L,89,,,,,,,,,,,,,,,,,,,,,,,,,,,95,95,95,95,,,9.8,998,998,998,99.8,99.8,99.8,10135.9007737675,9,4
15772,26,152,1-26-2019-152-03,3,1,2T1BURHE6HC9,17,49,32,2017,4,1,3,0,1,F,1,1265,5,9999,9,4,21,2,105,1,0,0,995,0,0,0,95841,1,2,0,2,6,1,2,1,1,1,1,3,0,0,2,1,0,0,3,0,1,3,52,4,1,1,2,D,28,0,0,0,0,0,0,0,0,0,0,220,210,0,0,0,1,3,18,-17,6,14792,998,69,15,0,4,0,0,0,0,0,995,9.8,998,998,998,99.8,99.8,99.8,4969.4908474557,10,4
15772,26,152,1-26-2019-152-03,3,2,1FA6P8AM1F53,17,12,3,2015,2,1,3,0,1,B,1,1598,5,0,1,1,9,2,105,1,0,0,995,0,0,0,95660,1,9,0,2,6,1,2,1,1,1,1,3,0,0,2,1,0,0,1,0,2,3,53,7,1,1,2,D,29,0,0,0,0,0,0,0,0,0,0,210,220,0,0,0,1,3,15,15,-3,20591,998,23,18,0,4,99,99,0,99,0,995,9.8,998,998,998,99.8,99.8,99.8,4969.4908474557,10,4
15772,26,152,1-26-2019-152-03,3,3,YV4A22PL1G10,17,51,401,2016,14,3,14,0,1,F,1,2750,5,9999,9,0,998,5,105,1,0,0,995,0,0,0,95746,9,9,0,2,6,3,2,1,1,1,3,3,0,0,2,1,0,0,1,0,1,4,61,2,1,1,6,M,98,0,0,0,0,0,0,0,0,0,0,220,265,0,0,0,2,3,3,-3,-2,911,998,-115,2,0,4,95,95,95,95,0,995,9.8,998,998,998,99.8,99.8,99.8,4969.4908474557,10,4
15773,28,69,1-28-2019-069-03,3,1,1FTEX1EP0GFB,17,12,481,2016,34,5,31,0,1,F,2,2081,5,1007,2,1,16,2,113,1,0,0,995,0,0,0,14526,1,2,0,2,2,1,1,5,2,9,3,1,0,0,2,10,0,0,1,0,5,8,98,1,9,2,6,M,98,0,0,0,0,0,0,0,0,0,0,315,100,1,0,0,1,5,999,999,999,9999999,999,999,999,3,0,1,2,0,4,0,995,3.4,999,999,999,0.0,0.0,0.0,43.883234941125,3,4
15773,28,69,1-28-2019-069-03,3,2,4V4NC9EG1DN1,17,51,881,2013,66,8,68,0,1,R,9,,,,,,,2,113,1,0,0,995,0,0,0,19134,9,9,0,2,2,1,1,5,2,9,3,2,0,0,2,10,0,0,1,0,14,8,98,7,4,2,6,M,98,,,,,,,,,,,,,,,,,,,,,,,,,,,95,95,95,95,,,3.1,999,999,999,0.0,0.0,0.0,43.883234941125,3,4
15775,27,73,1-27-2019-073-03,3,1,5N1AT2MV7KC7,17,35,404,2019,14,3,14,0,1,F,2,1610,5,0,1,1,20,2,89,1,8,1,201,2,7,0,01238,9,9,0,1,2,1,2,2,1,1,1,3,2,3,2,2,0,0,9,1,1,2,13,99,1,4,1,A,1,0,0,0,0,0,0,0,0,0,0,998,998,0,0,1,3,1,30,-29,5,80217,998,89,30,0,2,1,2,0,4,0,998,2.0,999,999,999,0.0,0.0,0.0,29.0025784694356,3,4
15776,66,74,1-66-2019-074-07,7,1,1FTEW1C84AKC,17,12,481,2010,34,5,31,0,1,F,1,2349,5,0,1,1,29,2,64,1,0,0,995,0,7,0,65708,1,2,2,4,2,1,2,1,1,1,0,0,0,0,1,1,2,2,1,0,11,2,15,4,1,1,4,K,82,0,0,0,0,0,0,0,0,0,0,225,350,0,0,0,1,5,999,999,999,9999999,999,999,17,2,0,0,0,0,0,0,995,9.8,998,998,998,99.8,99.8,99.8,136.340100630904,6,4
15776,66,74,1-66-2019-074-07,7,2,4V4N39TG1HN9,17,51,881,2017,63,8,60,0,1,F,9,,,,,,,2,89,1,0,0,995,0,7,0,65802,9,9,2,4,2,1,2,1,2,1,1,2,0,0,1,1,0,0,1,0,14,4,67,3,1,2,4,K,83,,,,,,,,,,,,,,,,,,,,,,,,,,,95,95,95,95,,,9.8,998,998,998,99.8,99.8,99.8,136.340100630904,6,4
15777,66,75,1-66-2019-075-09,9,1,2CNDL23F4560,17,20,404,2005,14,3,14,0,1,F,1,1660,5,0,1,1,15,2,56,1,0,0,995,0,7,0,65712,1,2,0,4,2,1,2,1,1,1,0,0,0,0,1,1,0,0,1,1,1,2,13,3,1,4,1,A,1,0,0,0,0,0,0,0,0,0,0,998,998,0,0,0,1,98,999,999,999,9999999,999,999,999,6,0,0,0,0,6,0,998,0.0,120,26,-24,2.1,0.5,2.2,120.823855191032,6,4
15778,22,91,1-22-2019-091-09,9,1,1GNDT13X03K1,17,20,403,2003,14,3,14,0,1,F,1,1835,5,0,1,1,12,2,40,1,0,0,995,0,0,0,83501,1,2,0,4,2,1,2,1,1,1,0,0,0,0,1,8,0,0,3,1,1,2,13,1,1,4,1,C,11,0,0,0,0,0,0,0,0,0,0,250,250,0,0,0,1,12,999,999,999,9999999,999,999,999,2,0,1,1,0,4,0,995,9.8,998,998,998,99.8,99.8,99.8,230.452816733833,12,4
15778,22,91,1-22-2019-091-09,9,2,ZACNJBBB6KPJ,17,2,408,2019,14,3,14,0,2,B,1,1372,5,0,1,5,24,,,,,,,,,,,,,,,,,,,,,,,,,,,,,,,,,,,,,,,,,,,,,,,,,,,,,,,,,,,,,,,,,,95,95,95,95,,,,,,,,,,230.452816733833,12,4
15779,22,92,1-22-2019-092-08,8,1,1FTNW21P14EB,17,12,481,2004,34,5,31,0,1,T,3,2728,5,0,1,1,5,2,56,1,1,1,231,2,1,2,83501,9,9,0,4,2,1,2,1,2,2,0,2,0,0,2,8,0,0,9,1,6,1,6,99,4,4,1,B,7,1,8,2,2,1,4,61,1,1,39,997,997,0,1,0,1,6,999,999,999,9999999,999,999,999,8,0,3,19,1,3,3,997,9.8,998,998,998,99.8,99.8,99.8,57.7073186166863,12,4
15780,15,79,1-15-2019-079-03,3,1,2T3RFREVXGW5,17,49,402,2016,14,3,14,0,1,T,2,1625,5,0,1,4,5,2,56,1,8,1,0,2,7,0,11003,9,9,0,4,2,1,2,2,1,1,0,0,0,0,3,8,0,0,9,1,1,2,13,1,1,4,1,C,11,1,2,1,5,7,1,2,2,2,10,997,997,0,0,0,2,6,999,999,999,9999999,999,999,999,7,0,2,4,0,4,1,997,9.8,998,998,998,99.8,99.8,99.8,110.502586764272,1,4
15780,15,79,1-15-2019-079-03,3,2,1G4HD57277U1,17,18,23,2007,4,1,5,0,2,L,9,1810,5,9999,9,0,998,,,,,,,,,,,,,,,,,,,,,,,,,,,,,,,,,,,,,,,,,,,,,,,,,,,,,,,,,,,,,,,,,,95,95,95,95,,,,,,,,,,110.502586764272,1,4
15780,15,79,1-15-2019-079-03,3,3,999999999999,99,13,399,2005,4,1,9,0,2,L,9,9999,9,9999,9,0,998,,,,,,,,,,,,,,,,,,,,,,,,,,,,,,,,,,,,,,,,,,,,,,,,,,,,,,,,,,,,,,,,,,95,95,95,95,,,,,,,,,,110.502586764272,1,4
15781,17,144,1-17-2019-144-03,3,1,1GCHSBEA2K12,17,20,473,2019,34,5,30,0,1,F,2,1791,5,500,2,1,7,2,89,1,9,0,995,0,7,0,61274,1,2,2,4,2,1,2,1,1,1,1,4,0,0,1,1,0,0,2,0,1,3,52,1,1,1,2,D,28,0,0,0,0,0,0,0,0,0,0,90,90,0,0,0,1,5,999,999,999,9999999,999,999,999,7,0,1,1,0,0,0,995,9.8,998,998,998,99.8,99.8,99.8,291.816834369072,4,4
15781,17,144,1-17-2019-144-03,3,2,3C6UR5GL9JG3,17,7,482,2018,34,5,31,0,1,B,9,3200,5,9999,9,0,998,5,89,1,9,0,995,0,7,0,61234,9,9,2,4,2,1,2,1,1,1,1,4,0,0,1,1,0,0,9,0,2,3,53,99,1,1,2,D,29,0,0,0,0,0,0,0,0,0,0,90,90,1,0,0,1,0,999,999,999,9999999,999,999,999,9,0,95,95,95,95,0,995,9.8,998,998,998,99.8,99.8,99.8,291.816834369072,4,4
15782,17,145,1-17-2019-145-04,4,1,1G1ZD5ST6KF1,17,20,37,2019,4,1,4,0,1,R,1,1400,5,0,1,1,15,2,48,1,9,0,995,0,9,0,61265,1,2,2,4,2,1,1,1,1,1,0,0,0,0,1,1,0,0,1,0,11,2,15,1,1,1,4,J,68,0,0,0,0,0,0,0,0,0,0,300,180,0,0,0,1,3,8,-6,-5,6015,998,73,9,0,4,0,0,0,0,0,995,9.8,998,998,998,99.8,99.8,99.8,1229.9525402565,4,4
15782,17,145,1-17-2019-145-04,4,2,2FMDK4KC2BBA,17,12,24,2011,6,1,4,0,1,F,1,1993,5,9999,9,0,998,2,48,1,9,0,995,0,9,0,61265,1,2,2,4,2,1,1,1,1,3,0,0,0,0,1,1,0,0,1,0,1,4,62,2,1,1,4,J,69,0,0,0,0,0,0,0,0,0,0,180,300,0,0,0,1,3,6,-6,2,2422,998,76,5,0,4,0,0,0,0,0,995,9.8,998,998,998,99.8,99.8,99.8,1229.9525402565,4,4
15785,33,98,1-33-2019-098-09,9,1,1FTNW20P04EC,17,12,481,2004,34,5,31,0,1,F,1,2527,5,200,2,1,42,2,40,1,0,0,995,0,0,1,95942,1,2,0,4,2,1,2,1,2,1,1,5,0,0,2,1,0,0,3,1,1,2,12,2,1,4,1,B,6,0,0,0,0,0,0,0,0,0,0,998,998,0,0,0,2,10,999,999,999,9999999,999,999,999,6,0,2,5,0,3,0,998,0.5,999,50,999,0.5,0.0,0.5,318.480153533642,12,4
15786,32,149,1-32-2019-149-03,3,1,999999999999,99,99,999,9999,99,10,99,99,1,R,9,,,,,,,5,48,1,0,0,995,0,0,0,99999,9,9,0,1,2,2,2,1,1,1,0,3,0,0,3,1,0,0,9,1,99,2,11,1,1,2,2,F,46,,,,,,,,,,,,,,,,,,,,,,,,,,,95,95,95,95,,,9.8,998,998,998,99.8,99.8,99.8,604.268464620909,7,4
15786,32,149,1-32-2019-149-03,3,2,1G1FB1RX7K01,17,20,9,2019,2,1,4,0,1,F,2,1530,5,0,1,1,11,3,48,1,0,0,995,0,0,0,75248,9,9,0,1,2,1,2,1,1,1,0,3,0,0,3,1,0,0,9,0,1,4,60,1,1,1,2,F,45,0,0,0,0,0,0,0,0,0,0,998,998,0,0,0,3,11,999,999,999,9999999,999,999,999,7,0,1,2,0,4,0,998,0.0,7,7,120,2.6,0.9,2.7,604.268464620909,7,4
15787,17,147,1-17-2019-147-04,4,1,3FA6P0T98GR2,17,12,23,2016,4,1,4,0,1,F,1,1558,5,0,1,1,3,2,89,1,9,0,995,0,7,0,61254,1,2,0,4,2,1,2,3,3,2,0,0,0,0,2,4,8,2,1,1,14,1,6,99,9,4,1,A,2,0,0,0,0,0,0,0,0,0,0,998,998,0,0,0,2,1,12,-12,-2,10993,998,-39,12,0,1,0,0,0,0,0,998,0.0,999,999,999,99.9,99.9,99.9,1229.95254084863,4,4
15788,13,87,1-13-2019-087-04,4,1,WAUKMAF46JA0,17,32,43,2018,4,1,4,0,1,F,2,1565,5,0,1,1,33,2,72,1,0,0,995,0,0,0,76248,1,9,2,1,5,4,1,1,1,1,3,1,0,0,1,1,1,2,9,0,1,3,50,1,1,1,2,D,20,0,0,0,0,0,0,0,0,0,0,280,280,0,0,0,1,9,999,999,999,9999999,999,999,999,7,0,0,0,0,0,0,995,9.8,998,998,998,99.8,99.8,99.8,1033.13809894513,7,4
15788,13,87,1-13-2019-087-04,4,2,1GKFC06209R2,17,23,421,2009,15,3,15,0,1,B,9,2543,5,9999,9,0,998,5,72,1,0,0,995,0,0,0,76092,9,9,2,1,5,4,1,1,1,1,3,1,0,0,1,1,1,2,9,0,5,3,53,1,1,1,2,D,21,0,0,0,0,0,0,0,0,0,0,280,280,0,0,0,1,0,999,999,999,9999999,999,999,999,9,0,95,95,95,95,0,995,9.8,998,998,998,99.8,99.8,99.8,1033.13809894513,7,4
15789,13,88,1-13-2019-088-03,3,1,2C3KA43R06H3,17,6,51,2006,4,1,5,0,1,F,2,1844,5,0,1,1,25,2,72,1,0,0,995,0,0,0,76135,1,9,2,1,4,4,1,1,1,1,1,0,0,0,3,1,1,2,9,0,11,2,15,99,1,1,4,J,68,0,0,0,0,0,0,0,0,0,0,15,250,0,0,0,1,3,25,-19,-16,63908,998,-128,22,0,4,9,97,0,0,0,995,9.8,998,998,998,99.8,99.8,99.8,414.429375803741,7,4
15789,13,88,1-13-2019-088-03,3,2,1GCRYBEF7KZ2,17,20,481,2019,34,5,31,0,1,F,1,2184,5,9999,9,0,998,2,72,1,0,0,995,0,0,0,76021,2,2,2,1,4,1,1,1,3,1,0,3,0,0,3,1,1,2,9,0,14,4,62,99,1,1,4,J,69,0,0,0,0,0,0,0,0,0,0,250,15,0,0,0,1,3,22,-22,4,63285,998,47,26,0,4,2,5,0,4,0,995,9.8,998,998,998,99.8,99.8,99.8,414.429375803741,7,4
15789,13,88,1-13-2019-088-03,3,3,JM1BL1UF6B14,17,41,51,2011,4,1,2,0,1,R,9,1295,5,9999,9,0,998,5,72,1,0,0,995,0,0,0,76021,9,9,2,1,4,2,1,1,3,1,3,3,0,0,3,1,1,2,9,0,14,8,98,99,1,1,6,M,98,0,0,0,0,0,0,0,0,0,0,998,998,0,0,0,2,0,999,999,999,9999999,999,999,999,9,0,95,95,95,95,0,998,9.8,998,998,998,99.8,99.8,99.8,414.429375803741,7,4
15790,18,69,1-18-2019-069-08,8,1,1G4HP52K64U1,17,18,2,2004,4,1,4,0,1,F,2,1618,5,0,1,1,16,2,40,1,0,1,0,2,0,0,54724,1,2,2,4,2,1,2,4,1,1,0,0,0,0,1,1,2,2,9,0,11,2,15,99,1,1,4,K,82,0,0,0,0,0,0,0,0,0,0,105,255,0,0,0,1,3,31,-29,11,67782,998,74,28,0,4,3,14,1,3,0,995,9.8,998,998,998,99.8,99.8,99.8,1349.82277295787,6,4
15790,18,69,1-18-2019-069-08,8,2,1GCEK19B96Z1,17,20,481,2006,34,5,31,0,1,F,1,2151,5,0,1,1,17,2,72,1,0,1,0,2,0,1,54724,1,2,2,1,2,2,2,4,1,1,1,2,0,0,1,1,0,0,1,0,1,4,67,3,1,1,4,K,83,0,0,0,0,0,0,0,0,0,0,255,105,0,0,0,1,3,24,-24,-4,66770,998,-46,27,0,4,1,2,0,4,0,995,9.8,998,998,998,99.8,99.8,99.8,1349.82277295787,6,4
15791,21,127,1-21-2019-127-07,7,1,WBAKA8C58CCY,17,34,37,2012,4,1,5,0,1,F,9,2070,5,9999,9,0,998,2,113,1,0,0,995,0,0,0,92407,9,9,1,2,5,1,1,2,1,9,1,3,0,0,1,2,0,0,9,1,6,1,5,1,4,2,2,F,48,0,0,0,0,0,0,0,0,0,0,75,190,0,0,0,1,0,999,999,999,9999999,999,999,999,9,0,0,0,0,0,0,995,9.8,998,998,998,99.8,99.8,99.8,12494.878021108,11,4
15791,21,127,1-21-2019-127-07,7,2,JTDBE32K8201,17,49,40,2002,4,1,3,0,1,F,1,1435,5,9999,9,4,43,2,113,1,0,0,995,0,0,0,92392,1,2,1,2,5,5,1,2,1,9,3,2,0,0,1,2,0,0,1,0,1,4,61,1,1,1,2,F,48,0,0,0,0,0,0,0,0,0,0,190,75,0,0,0,1,12,999,999,999,9999999,999,999,999,2,0,0,0,0,0,0,995,9.8,998,998,998,99.8,99.8,99.8,12494.878021108,11,4
15792,23,40,1-23-2019-040-02,2,1,5J6RM4H93GL1,17,37,402,2016,14,3,14,0,1,L,9,1586,5,9999,9,0,998,2,72,1,0,9,998,8,0,9,43015,9,9,2,4,2,1,2,1,1,1,1,2,0,0,1,8,2,2,1,0,1,4,66,99,9,1,5,L,89,0,0,0,0,0,0,0,0,0,0,80,180,0,0,0,1,0,999,999,999,9999999,999,999,999,9,0,9,97,0,8,0,995,9.8,998,998,998,99.8,99.8,99.8,104.144208809518,5,4
15792,23,40,1-23-2019-040-02,2,2,JHMCP26728C0,17,37,32,2008,4,1,4,0,1,F,9,1523,5,9999,9,0,998,2,89,1,0,9,998,8,0,9,43015,9,9,2,4,2,1,2,1,1,1,1,2,0,0,1,8,2,2,3,0,1,2,17,99,9,1,5,L,88,0,0,0,0,0,0,0,0,0,0,180,80,0,0,0,1,0,999,999,999,9999999,999,999,999,9,0,9,97,0,8,0,995,0.8,40,60,85,1.8,2.1,2.7,104.144208809518,5,4
15793,20,52,1-20-2019-052-02,2,1,1GTV2MEC8GZ3,17,23,481,2016,34,5,31,0,1,F,3,2366,5,9999,9,4,17,2,89,1,1,1,106,2,0,2,93940,1,2,2,4,4,2,2,2,1,1,1,1,0,0,1,8,1,2,9,0,1,3,50,1,1,1,2,D,20,0,0,0,0,0,0,0,0,0,0,225,225,0,0,0,1,3,41,-41,0,192945,998,0,45,0,1,9,0,0,3,0,995,9.8,998,998,998,99.8,99.8,99.8,254.845812159119,11,4
15793,20,52,1-20-2019-052-02,2,2,5YJ3E1EB5KF2,17,29,5,2019,5,1,4,0,1,B,3,1847,5,9999,9,1,18,2,89,1,0,1,0,2,0,1,95762,1,2,2,4,4,2,2,2,1,1,1,1,0,0,1,8,1,2,1,0,5,3,52,1,1,2,2,D,21,0,0,0,0,0,0,0,0,0,0,225,225,0,0,0,1,3,49,49,0,148659,998,-3,43,0,4,3,19,1,3,0,995,2.0,35,35,120,4.9,1.2,4.7,254.845812159119,11,4
15794,30,107,1-30-2019-107-06,6,1,JTDBU4EEXBJ1,17,49,32,2011,4,1,2,0,1,F,3,1255,5,0,1,1,29,2,56,1,0,0,995,0,0,0,85042,1,2,2,5,5,2,2,1,1,1,3,2,0,0,1,1,2,2,3,0,1,3,52,2,1,1,2,D,28,0,0,0,0,0,0,0,0,0,0,0,0,0,0,0,1,3,41,-41,0,64101,998,0,35,0,4,1,1,0,0,0,995,9.8,998,998,998,99.8,99.8,99.8,1316.79552027721,10,4
15794,30,107,1-30-2019-107-06,6,2,1G1RD6E4XDU1,17,20,26,2013,5,1,3,0,1,B,2,1715,5,0,1,3,29,2,48,1,0,0,995,0,0,0,85339,1,2,2,5,5,2,2,1,1,1,3,2,0,0,1,1,2,2,1,0,2,3,53,1,1,1,2,D,29,0,0,0,0,0,0,0,0,0,0,0,0,0,0,0,1,3,31,31,0,89234,998,-1,36,0,4,0,0,0,0,0,995,9.8,998,998,998,99.8,99.8,99.8,1316.79552027721,10,4
15795,30,108,1-30-2019-108-02,2,1,1GCRCREC6JZ2,17,20,481,2018,34,5,31,0,1,F,2,2269,5,46,1,1,31,2,64,1,0,0,995,0,0,0,85301,1,2,2,4,6,1,2,1,1,1,0,3,0,0,3,1,1,2,2,0,1,3,50,4,1,1,2,D,20,0,0,0,0,0,0,0,0,0,0,185,180,0,0,0,1,3,32,-31,6,69420,998,29,27,0,4,2,5,0,3,0,995,9.8,998,998,998,99.8,99.8,99.8,42.2532566212504,10,4
15795,30,108,1-30-2019-108-02,2,2,1N6AA07AX6N5,17,35,473,2006,34,5,31,0,1,B,2,2171,5,181,2,4,35,2,64,1,0,0,995,0,0,0,85302,1,1,2,4,6,1,2,1,1,1,0,3,0,0,3,1,1,2,1,0,5,3,53,2,1,1,2,D,21,0,0,0,0,0,0,0,0,0,0,180,185,0,0,0,1,3,31,31,0,119216,998,0,35,0,4,1,1,0,0,0,995,9.8,998,998,998,99.8,99.8,99.8,42.2532566212504,10,4
15795,30,108,1-30-2019-108-02,2,3,3A4FY58BX7T6,17,6,52,2007,6,1,2,0,1,B,1,1395,5,0,1,1,38,2,64,1,0,0,995,0,0,0,85301,1,2,2,4,6,1,2,1,1,1,0,3,0,0,3,1,1,2,1,0,5,3,53,1,1,1,6,M,98,0,0,0,0,0,0,0,0,0,0,180,170,0,0,0,2,3,11,11,-2,9510,998,47,12,0,4,0,0,0,4,0,995,9.8,998,998,998,99.8,99.8,99.8,42.2532566212504,10,4
15795,30,108,1-30-2019-108-02,2,4,999999999999,99,99,399,9999,9,1,9,99,1,B,9,9999,9,9999,9,0,998,5,64,1,9,0,995,0,0,0,99999,9,9,2,4,6,1,2,1,1,1,0,3,0,0,3,1,1,2,9,0,5,3,53,99,1,1,6,M,98,0,0,0,0,0,0,0,0,0,0,180,180,0,0,0,3,0,999,999,999,9999999,999,999,999,9,0,95,95,95,95,0,995,9.8,998,998,998,99.8,99.8,99.8,42.2532566212504,10,4
15797,77,140,1-77-2019-140-04,4,1,JTHBA30G3450,17,59,31,2004,4,1,3,0,1,F,1,1570,5,9999,9,0,998,2,89,1,0,0,995,0,0,0,11219,9,9,1,1,3,2,2,2,2,9,3,3,0,0,2,2,0,0,1,0,14,3,50,99,1,1,2,D,20,0,0,0,0,0,0,0,0,0,0,235,235,0,0,0,1,3,12,-12,0,9501,998,0,12,0,4,0,0,0,0,0,995,9.8,998,998,998,99.8,99.8,99.8,2427.94658501694,9,4
15797,77,140,1-77-2019-140-04,4,2,1C4RJFBGXHC8,17,2,422,2017,15,3,15,0,1,B,1,2211,5,0,1,1,9,2,89,1,0,0,995,0,0,0,24572,9,9,1,1,3,2,2,2,2,9,3,3,0,0,2,2,0,0,1,0,5,3,52,1,1,1,2,D,21,0,0,0,0,0,0,0,0,0,0,235,235,0,0,0,1,3,9,9,0,6751,998,-4,9,0,4,0,0,0,0,0,995,9.8,998,998,998,99.8,99.8,99.8,2427.94658501694,9,4