CASEID,PSU,CASENO,CASENUMBER,CATEGORY,VEHNO,VIN,VINLENGTH,MAKE,MODEL,MODELYR,BODYTYPE,BODYCAT,VEHCLASS,SPECUSE,TRANSTAT,DAMPLANE,DAMSEV,CURBWT,CURBSRC,CARGOWT,CARGOSRC,INSPTYPE,INSPLAG,TOWED,SPEEDLIMIT,DRPRESENT,PARALCOHOL,ALCTEST,ALCTESTRESULT,ALCTESTSRC,PARDRUG,DRUGTEST,ZIP,RACE,ETHNICITY,RELTOJUNCT,TRAFFLOW,RDLANES,INITLANE,SURFTYPE,SURFCOND,ALIGNMENT,PROFILE,LINERIGHT,LINELEFT,RUMBINIT,RUMBROAD,LIGHTCOND,WEATHER,TRAFDEV,TRAFFUNCT,DISTRACT,PREFHE,PREMOVE,CRITCAT,CRITEVENT,MANEUVER,PRESTAB,PRELOC,CRASHCAT,CRASHCONF,CRASHTYPE,ROLLTYPE,ROLLTURN,ROLLINTRPT,ROLLPREMAN,ROLLINITYP,ROLLINLOC,ROLLOBJ,ROLLTRIP,ROLLDIR,ROLLDIST,DVANGTHIS,DVANGOTH,TOWHITCH,TRAJDOC,TREEPOLE,DVEVENT,DVBASIS,DVTOTAL,DVLONG,DVLAT,DVENERGY,DVSPEED,DVMOMENT,DVBES,DVEST,DVCONF,VAIS,VISS,VINJURED,VTREAT,INITOBJCLASS,HEADANGLECAT,SHLDRWIDTH,STRKLENGTH,STRKWIDTH,STRKHEIGHT,EDGEDISTX,EDGEDISTY,EDGEDISTZ,CASEWGT,PSUSTRAT,VERSION
15866,11,114,1-11-2019-114-02,2,3,4S4BSENC3J33,17,48,45,2018,6,1,3,0,1,F,9,1744,5,9999,9,0,998,5,72,1,0,0,995,0,0,0,23113,9,9,2,2,3,2,2,1,1,1,3,1,0,0,2,1,2,2,1,0,1,8,98,99,1,1,6,M,98,0,0,0,0,0,0,0,0,0,0,998,998,0,0,9,2,0,999,999,999,9999999,999,999,999,9,0,95,95,95,95,0,998,9.8,998,998,998,99.8,99.8,99.8,86.6841585309432,8,4
15867,24,143,1-24-2019-143-04,4,1,2HKRM4H74GH7,17,37,402,2016,14,3,14,0,1,L,1,1586,5,0,1,3,21,2,40,1,0,0,995,0,0,0,08037,1,2,3,4,2,1,2,2,1,1,0,0,0,0,3,2,0,0,1,0,11,2,15,1,1,1,4,K,82,0,0,0,0,0,0,0,0,0,0,20,120,0,0,0,1,3,18,-3,18,26484,998,-27,20,0,4,0,0,0,0,0,995,9.8,998,998,998,99.8,99.8,99.8,860.068020908545,1,4
15867,24,143,1-24-2019-143-04,4,2,1C4RJFAGXCC1,17,2,404,2012,14,3,14,0,1,F,1,2114,5,0,1,1,31,2,40,1,0,0,995,0,0,0,08037,1,2,3,4,2,1,2,2,1,1,0,2,0,0,3,2,0,0,1,0,1,4,72,3,1,1,4,K,83,0,0,0,0,0,0,0,0,0,0,120,20,0,0,0,1,3,14,-14,0,12851,998,52,12,0,4,1,1,0,6,0,995,9.8,998,998,998,99.8,99.8,99.8,860.068020908545,1,4
15868,24,144,1-24-2019-144-06,6,1,5XYKUDA23CG2,17,63,402,2012,14,3,14,0,1,F,3,1837,5,0,1,1,16,2,40,1,0,1,60,2,0,0,08205,1,2,0,2,2,1,2,1,1,1,0,3,0,0,1,1,0,0,3,1,1,2,13,99,1,4,1,A,1,0,0,0,0,0,0,0,0,0,0,998,998,0,0,1,1,1,42,-42,0,148436,998,57,41,0,4,1,2,0,4,0,998,0.0,36,38,120,1.1,0.2,1.1,408.056323169328,1,4
15869,24,145,1-24-2019-145-02,2,1,KMHDH4AE3DU7,17,55,35,2013,4,1,3,0,1,F,1,1265,5,0,1,1,13,2,80,1,0,0,995,0,0,0,08215,2,2,2,4,4,2,2,1,1,1,3,2,0,0,1,1,0,0,1,0,1,3,50,4,1,1,2,D,20,0,0,0,0,0,0,0,0,0,0,140,140,0,0,0,1,1,23,-23,0,19645,998,10,19,0,4,1,1,0,3,0,995,9.8,998,998,998,99.8,99.8,99.8,78.6031553435595,1,4
15869,24,145,1-24-2019-145-02,2,2,3CZRU6H13KG7,17,37,404,2019,14,3,14,0,1,F,3,1393,5,0,1,1,13,2,80,1,0,1,0,2,0,1,08205,1,1,2,4,4,2,2,1,1,1,3,2,0,0,1,1,0,0,1,0,5,3,53,1,1,1,2,D,21,0,0,0,0,0,0,0,0,0,0,100,320,0,0,0,2,1,53,-49,-18,109780,998,-60,40,0,4,3,17,1,3,0,995,9.8,998,998,998,99.8,99.8,99.8,78.6031553435595,1,4
15869,24,145,1-24-2019-145-02,2,3,1FT8W3DT1GEA,17,12,481,2016,34,5,31,0,1,F,1,3384,5,0,1,1,14,2,80,1,0,0,995,0,0,0,08088,1,2,2,4,4,2,2,1,1,1,3,2,0,0,1,1,0,0,1,0,1,4,62,2,1,1,6,M,98,0,0,0,0,0,0,0,0,0,0,320,100,0,0,0,2,1,23,-21,8,167005,998,107,31,0,1,0,0,0,0,0,995,9.8,998,998,998,99.8,99.8,99.8,78.6031553435595,1,4
15870,28,71,1-28-2019-071-04,4,1,4S3BNAC66J30,17,48,34,2018,4,1,3,0,1,F,1,1543,5,0,1,1,15,2,89,1,0,0,995,0,0,0,16901,1,2,3,4,2,1,2,2,1,1,1,2,2,3,1,4,0,0,1,0,11,2,15,1,1,1,4,K,82,0,0,0,0,0,0,0,0,0,0,280,40,0,0,0,1,3,15,-13,8,13830,998,58,14,0,4,0,0,0,0,0,995,9.8,998,998,998,99.8,99.8,99.8,184.012564194104,3,4
15870,28,71,1-28-2019-071-04,4,2,1B7HF16Y4VS1,17,7,482,1997,34,5,31,0,1,F,1,2064,5,0,2,4,34,2,89,1,0,0,995,0,0,0,16943,1,2,3,4,2,1,2,2,3,1,1,2,2,1,1,4,0,0,1,1,14,4,72,7,1,2,4,K,83,0,0,0,0,0,0,0,0,0,0,40,280,0,0,0,1,3,12,-10,-6,21261,998,-119,13,0,4,1,2,0,6,0,995,9.8,998,998,998,99.8,99.8,99.8,184.012564194104,3,4
15871,28,72,1-28-2019-072-04,4,1,1V2UR2CA7KC5,17,30,403,2019,14,3,14,0,1,T,2,2042,5,0,1,1,6,2,113,1,0,0,995,0,0,0,16950,1,2,0,3,2,2,2,1,2,1,3,2,1,3,2,1,0,0,3,1,14,2,12,8,1,4,1,B,6,1,5,2,4,1,4,61,1,2,40,997,997,0,0,0,1,6,999,999,999,9999999,999,999,999,7,0,1,1,0,0,3,997,9.8,998,998,998,99.8,99.8,99.8,184.012564194104,3,4
15872,52,87,1-52-2019-087-09,9,1,1GTHK33D26F2,17,23,481,2006,34,5,31,0,1,L,1,2974,5,0,1,2,12,5,56,1,0,0,995,0,0,0,59106,9,9,2,4,2,1,2,1,1,1,0,2,0,0,1,1,2,2,2,0,1,2,17,99,1,1,5,L,89,0,0,0,0,0,0,0,0,0,0,180,270,0,0,0,1,5,999,999,999,9999999,999,999,22,2,0,95,95,95,95,0,995,9.8,998,998,998,99.8,99.8,99.8,331.011500257724,12,4
15872,52,87,1-52-2019-087-09,9,2,1G1JC52F3473,17,20,16,2004,4,1,2,0,1,F,1,1214,5,0,1,1,11,2,56,1,0,0,995,0,0,0,59105,1,2,2,5,5,2,2,1,1,1,3,2,0,0,1,1,0,0,1,0,1,4,66,1,1,1,5,L,88,0,0,0,0,0,0,0,0,0,0,270,180,0,0,0,1,5,999,999,999,9999999,999,999,19,2,0,1,1,0,6,0,995,9.8,998,998,998,99.8,99.8,99.8,331.011500257724,12,4
15873,52,88,1-52-2019-088-03,3,1,JTDKN3DU8A01,17,49,46,2010,5,1,3,0,1,F,1,1380,5,9999,9,0,998,5,56,1,0,0,995,0,0,0,59101,9,9,2,4,2,1,2,1,1,1,1,2,0,0,3,1,2,2,2,0,11,2,15,99,1,1,4,K,76,0,0,0,0,0,0,0,0,0,0,230,180,0,0,0,1,3,8,-1,-8,4940,998,-195,5,0,4,95,95,95,95,0,995,9.8,998,998,998,99.8,99.8,99.8,70.6763802370854,12,4
15873,52,88,1-52-2019-088-03,3,2,JN1BJ1CR0KW6,17,35,404,2019,14,3,14,0,1,L,1,1532,8,0,1,1,13,2,56,1,0,0,995,0,0,0,59101,1,2,2,4,2,1,2,1,1,4,0,2,0,0,3,1,0,0,1,0,1,4,65,2,1,1,4,K,77,0,0,0,0,0,0,0,0,0,0,180,230,0,0,0,1,3,7,-4,5,8930,998,-63,11,0,4,2,5,0,4,0,995,9.8,998,998,998,99.8,99.8,99.8,70.6763802370854,12,4
15874,16,100,1-16-2019-100-03,3,1,1G1JD5SH9H41,17,20,28,2017,4,1,1,0,1,F,1,1292,5,0,1,1,9,2,40,1,0,0,995,0,0,0,45217,9,9,2,4,3,2,2,1,1,2,3,2,0,0,1,1,0,0,1,0,11,2,15,1,1,1,4,J,68,0,0,0,0,0,0,0,0,0,0,50,280,0,0,0,1,12,999,999,999,9999999,999,999,999,6,0,99,99,0,99,0,995,9.8,998,998,998,99.8,99.8,99.8,219.507820595892,5,4
15874,16,100,1-16-2019-100-03,3,2,1G4CW54K8142,17,18,3,2001,4,1,4,0,1,F,9,1724,5,9999,9,0,998,5,40,1,0,0,995,0,0,0,45214,9,9,2,4,3,1,2,1,1,4,0,2,0,0,1,1,6,2,1,0,1,4,62,99,1,1,4,J,69,0,0,0,0,0,0,0,0,0,0,280,50,0,0,0,1,0,999,999,999,9999999,999,999,999,9,0,95,95,95,95,0,995,9.8,998,998,998,99.8,99.8,99.8,219.507820595892,5,4
15876,16,102,1-16-2019-102-03,3,1,KMHH35LE0KU0,17,55,35,2019,5,1,3,0,1,F,2,1335,5,0,1,1,6,2,105,1,0,0,995,0,0,0,45251,2,9,0,1,2,1,2,1,1,1,1,2,2,3,3,1,0,0,1,1,1,6,87,99,1,4,1,A,3,0,0,0,0,0,0,0,0,0,0,105,100,0,0,0,1,3,39,-37,-13,102389,998,-41,42,0,4,1,1,0,4,0,995,9.8,998,998,998,99.8,99.8,99.8,219.507820510247,5,4
15876,16,102,1-16-2019-102-03,3,2,5NPET46C19H4,17,55,33,2009,4,1,3,0,2,B,2,1476,5,9999,9,0,998,,,,,,,,,,,,,,,,,,,,,,,,,,,,,,,,,,,,,,,,,,,,,,,,,,,,,,,,,,,,,,,,,,95,95,95,95,,,,,,,,,,219.507820510247,5,4
15877,32,153,1-32-2019-153-03,3,1,4T1BF1FK8GU2,17,49,40,2016,4,1,4,0,1,F,1,1467,5,0,1,1,43,2,64,1,0,0,995,0,0,0,75249,2,9,2,1,2,2,2,1,3,1,1,2,0,0,3,1,1,2,9,1,11,2,13,3,2,4,1,A,2,0,0,0,0,0,0,0,0,0,0,998,998,0,0,3,1,10,999,999,999,9999999,999,-30,24,2,0,99,99,0,99,0,998,1.6,35,35,100,2.6,1.3,2.8,1492.7188266305,7,4
15878,32,154,1-32-2019-154-01,1,1,1FTRF1764WKC,17,12,481,1998,34,5,31,0,1,F,3,1837,5,0,1,1,35,2,72,1,8,1,0,3,7,2,75081,1,2,1,3,3,3,1,1,2,2,3,0,0,0,3,1,0,0,9,1,14,2,12,1,2,4,1,B,7,0,0,0,0,0,0,0,0,0,0,998,998,0,0,0,3,1,115,-115,0,1059389,998,-22,115,0,1,6,75,2,1,0,998,0.0,80,16,16,0.0,0.0,0.0,116.95099333732,7,4
15879,32,155,1-32-2019-155-06,6,1,1FMPU17L94LA,17,12,422,2004,15,3,15,0,1,L,1,2579,5,0,1,1,17,2,72,1,0,0,995,0,0,0,75249,1,1,2,4,3,2,1,1,1,1,1,2,0,0,1,1,2,2,2,0,11,2,15,1,1,1,4,K,82,0,0,0,0,0,0,0,0,0,0,190,265,0,0,0,1,1,12,-4,12,10215,998,-96,8,0,1,1,3,0,4,0,995,9.8,998,998,998,99.8,99.8,99.8,1844.01341987066,7,4
15879,32,155,1-32-2019-155-06,6,2,2G1125S3XE91,17,20,2,2014,4,1,4,0,1,F,1,1754,5,0,1,1,17,2,72,1,0,0,995,0,0,0,75104,2,2,2,1,2,1,1,1,1,1,0,1,0,0,1,1,0,0,1,0,1,4,67,2,1,1,4,K,83,0,0,0,0,0,0,0,0,0,0,265,190,0,0,0,1,1,19,-16,-9,46361,998,-86,22,0,1,1,2,0,4,0,995,9.8,998,998,998,99.8,99.8,99.8,1844.01341987066,7,4
15880,54,33,1-54-2019-033-03,3,1,KNADM4A32H60,17,63,32,2017,4,1,2,0,1,F,2,1131,5,0,1,1,18,2,89,1,0,0,995,0,0,0,35565,1,2,0,4,2,1,2,1,1,1,1,4,0,0,2,98,0,0,1,1,1,1,6,7,2,4,1,A,2,0,0,0,0,0,0,0,0,0,0,998,998,0,1,1,1,11,999,999,999,9999999,999,999,999,7,0,1,1,0,4,0,998,0.0,8,8,120,2.3,0.8,2.5,378.582312928026,9,4
15881,14,69,1-14-2019-069-09,9,1,1D7HA18K68J1,17,7,482,2008,34,5,31,0,1,R,2,2402,5,68,1,1,2,2,97,1,0,0,995,0,0,0,78133,1,1,2,4,2,1,2,2,3,2,1,2,0,0,2,2,0,0,3,1,14,1,6,99,4,4,1,B,7,1,1,2,2,1,3,61,1,1,3,997,997,0,1,0,2,6,999,999,999,9999999,999,999,999,7,0,1,1,0,4,3,997,3.2,999,7,999,5.0,2.4,4.6,4085.93010355525,8,4
15882,25,85,1-25-2019-085-01,1,1,1N6AD07W48C4,17,35,472,2008,34,5,31,0,1,R,2,2013,5,0,1,5,6,2,80,1,9,1,0,2,9,3,04084,9,9,0,4,2,1,2,5,1,1,1,4,0,0,1,1,0,0,9,1,1,1,6,99,3,2,3,I,64,1,1,2,5,7,1,3,2,1,9,160,60,0,0,0,1,12,999,999,999,9999999,999,999,999,7,0,5,33,1,3,1,995,9.8,998,998,998,99.8,99.8,99.8,42.2239037551795,2,4
15882,25,85,1-25-2019-085-01,1,2,5YFBURHE4GP3,17,49,32,2016,4,1,3,0,1,F,2,1265,5,0,1,5,10,2,80,1,8,8,997,8,7,9,04084,9,9,0,4,2,1,2,5,1,1,1,4,0,0,1,1,0,0,1,0,1,4,62,4,1,1,3,I,65,0,0,0,0,0,0,0,0,0,0,60,160,0,0,0,1,12,999,999,999,9999999,999,999,999,7,0,4,29,3,1,0,995,9.8,998,998,998,99.8,99.8,99.8,42.2239037551795,2,4
15882,25,85,1-25-2019-085-01,1,3,1FADP3K2XFL3,17,12,37,2015,5,1,3,0,1,F,2,1327,5,0,1,5,6,2,80,1,9,8,997,8,9,3,04084,9,9,0,4,2,1,2,5,1,1,1,4,0,0,1,1,0,0,1,0,1,3,51,4,1,4,6,M,98,0,0,0,0,0,0,0,0,0,0,70,290,0,0,0,3,12,999,999,999,9999999,999,999,999,7,0,1,1,0,4,0,995,9.8,998,998,998,99.8,99.8,99.8,42.2239037551795,2,4
15884,48,73,1-48-2019-073-09,9,1,1NXBU40EX9Z0,17,49,32,2009,4,1,2,0,1,F,1,1279,5,0,2,1,33,2,129,1,0,0,995,0,0,0,83440,1,1,0,1,2,1,1,3,1,1,1,3,2,3,1,4,0,0,1,0,1,3,52,2,2,1,2,D,28,0,0,0,0,0,0,0,0,0,0,110,110,0,0,0,1,1,20,-20,0,27619,998,0,23,0,4,0,0,0,0,0,995,9.8,998,998,998,99.8,99.8,99.8,402.559864403077,12,4
15884,48,73,1-48-2019-073-09,9,2,1FAHP27166G1,17,12,21,2006,4,1,4,0,1,B,1,1662,5,0,1,1,36,2,129,1,0,0,995,0,0,0,83440,1,2,0,1,2,1,1,3,1,1,1,1,2,3,1,4,0,0,1,0,2,3,53,1,1,1,2,D,29,0,0,0,0,0,0,0,0,0,0,110,110,0,0,0,1,1,15,15,0,10283,998,31,12,0,4,1,1,0,6,0,995,9.8,998,998,998,99.8,99.8,99.8,402.559864403077,12,4
15885,48,74,1-48-2019-074-04,4,1,1FAHP3K23CL2,17,12,37,2012,5,1,3,0,1,F,1,1327,5,0,2,1,4,2,40,1,0,0,995,0,0,0,84302,1,2,0,4,6,2,2,1,1,1,1,3,0,0,1,1,1,2,1,0,1,3,50,2,1,1,2,D,20,0,0,0,0,0,0,0,0,0,0,0,0,0,0,0,1,3,22,-22,0,24613,998,0,21,0,4,0,0,0,0,0,995,9.8,998,998,998,99.8,99.8,99.8,342.303021347858,12,4
15885,48,74,1-48-2019-074-04,4,2,5FNYF4H5XFB0,17,37,421,2015,15,3,15,0,1,B,1,2047,5,0,2,1,4,2,40,1,0,0,995,0,0,0,84302,1,2,0,4,6,2,2,1,1,1,1,3,0,0,1,1,1,2,1,0,5,3,52,1,1,1,2,D,21,0,0,0,0,0,0,0,0,0,0,0,0,0,0,0,1,3,13,13,0,18603,998,0,14,0,4,0,0,0,0,0,995,9.8,998,998,998,99.8,99.8,99.8,342.303021347858,12,4
15886,29,147,1-29-2019-147-09,9,1,1HGCP268X9A0,17,37,32,2009,4,1,4,0,1,F,1,1523,5,0,1,1,20,2,24,1,8,9,998,8,7,9,02745,9,9,0,3,1,1,2,1,1,1,0,0,0,0,3,8,0,0,9,1,1,2,11,99,1,4,1,C,11,0,0,0,0,0,0,0,0,0,0,15,15,0,0,0,1,12,999,999,999,9999999,999,999,999,6,0,99,99,0,0,0,995,9.8,998,998,998,99.8,99.8,99.8,743.333397762967,2,4
15886,29,147,1-29-2019-147-09,9,2,2HGFG21577H7,17,37,31,2007,2,1,3,0,2,B,1,1307,5,0,1,5,13,,,,,,,,,,,,,,,,,,,,,,,,,,,,,,,,,,,,,,,,,,,,,,,,,,,,,,,,,,,,,,,,,,95,95,95,95,,,,,,,,,,743.333397762967,2,4
15887,29,148,1-29-2019-148-05,5,1,1HGCP2F75BA1,17,37,32,2011,4,1,4,0,1,F,1,1523,5,0,2,1,11,2,89,1,0,0,995,0,0,0,01902,2,2,0,2,2,1,2,1,1,9,1,3,2,3,2,1,0,0,1,1,1,1,5,1,4,4,1,B,7,0,0,0,0,0,0,0,0,0,0,998,998,0,0,0,1,10,999,999,999,9999999,999,126,17,2,0,1,2,0,4,0,998,1.3,999,999,999,2.5,2.5,2.5,39.3083474251821,2,4
15888,29,149,1-29-2019-149-08,8,1,2CNDL73F5561,17,20,404,2005,14,3,14,0,1,F,1,1660,5,46,2,1,4,2,56,1,9,0,995,0,9,0,02739,1,2,0,4,4,2,2,1,1,1,1,2,0,0,3,8,0,0,3,1,1,2,12,1,1,4,1,B,6,0,0,0,0,0,0,0,0,0,0,998,998,0,0,7,1,12,999,999,999,9999999,999,999,17,2,0,1,1,0,4,0,998,0.0,20,20,999,0.3,0.2,0.3,150.214493970894,2,4
15889,10,83,1-10-2019-083-01,1,1,1B3BD4FB6BN5,17,7,26,2011,4,1,3,0,1,F,3,1539,5,0,1,4,9,2,56,1,0,1,80,4,0,2,45417,2,9,2,4,5,3,2,1,1,1,1,2,0,0,1,1,1,2,3,1,11,1,8,1,8,4,1,B,7,0,0,0,0,0,0,0,0,0,0,998,998,0,1,0,2,11,999,999,999,9999999,999,999,999,8,0,6,75,8,1,0,998,0.0,999,999,999,4.9,1.8,4.9,23.0769668553423,4,4
15890,10,84,1-10-2019-084-04,4,1,JHMGE8H48AS0,17,37,39,2010,5,1,1,0,1,F,1,1121,5,0,1,1,11,2,56,1,0,0,995,0,0,0,45458,9,9,0,5,3,1,2,1,1,1,0,2,0,0,1,1,0,0,1,0,1,3,50,99,1,1,2,D,20,0,0,0,0,0,0,0,0,0,0,280,280,0,0,0,1,1,16,-16,0,14953,998,-12,18,0,4,0,0,0,0,0,995,9.8,998,998,998,99.8,99.8,99.8,793.556881121659,4,4
15890,10,84,1-10-2019-084-04,4,2,KNDJP3A52H74,17,63,37,2017,6,1,2,0,1,B,1,1492,5,0,1,1,9,2,56,1,0,0,995,0,0,0,45440,9,9,0,5,3,1,2,1,1,1,0,2,0,0,1,1,0,0,1,0,5,3,52,1,1,1,2,D,21,0,0,0,0,0,0,0,0,0,0,280,280,0,0,0,1,1,12,12,0,5695,998,-12,10,0,4,0,0,0,0,0,995,9.8,998,998,998,99.8,99.8,99.8,793.556881121659,4,4
15891,76,67,1-76-2019-067-04,4,1,WAUGMAF46HN0,17,32,43,2017,4,1,4,0,1,F,1,1645,5,0,2,1,45,2,89,1,8,9,998,8,7,9,08108,1,2,0,4,2,1,2,1,3,4,1,2,0,0,1,1,0,0,1,1,14,1,6,98,2,4,1,A,2,0,0,0,0,0,0,0,0,0,0,998,998,0,0,0,1,12,999,999,999,9999999,999,999,999,6,0,0,0,0,0,0,998,0.4,120,24,69,3.9,2.1,4.5,82.8463324470167,3,4
15892,76,68,1-76-2019-068-03,3,1,3VWCA7AU8FM5,17,30,42,2015,5,1,2,0,1,F,1,1445,5,0,1,1,17,2,89,1,8,9,998,8,7,9,12434,1,2,0,4,2,1,2,1,1,1,1,4,0,0,2,1,0,0,3,1,1,2,13,1,1,4,1,A,1,0,0,0,0,0,0,0,0,0,0,998,998,0,0,5,1,12,999,999,999,9999999,999,999,999,6,0,1,1,0,4,0,998,1.4,12,12,106,15.6,14.6,21.4,27.9972501548832,3,4
15894,26,155,1-26-2019-155-07,7,1,5NPDH4AE0EH5,17,55,35,2014,4,1,3,0,1,L,1,1305,5,0,1,1,26,2,105,1,0,0,995,0,0,0,95209,7,1,0,2,2,2,2,1,1,1,3,2,0,2,3,8,0,0,1,0,1,6,87,1,1,1,1,C,13,0,0,0,0,0,0,0,0,0,0,998,998,0,0,0,1,10,999,999,999,9999999,999,80,8,1,0,0,0,0,0,0,998,9.8,998,998,998,99.8,99.8,99.8,1925.68833883773,10,4
15895,26,156,1-26-2019-156-03,3,1,1C4RJFBG8KC7,17,2,422,2019,15,3,15,0,1,R,1,2211,5,0,1,1,20,2,40,1,0,0,995,0,0,0,95831,2,9,2,4,3,2,2,2,1,1,1,2,0,0,1,8,1,2,1,0,11,2,15,1,1,1,4,J,68,0,0,0,0,0,0,0,0,0,0,315,190,0,0,0,1,3,4,-2,-3,3288,998,220,3,0,4,99,99,0,99,0,995,9.8,998,998,998,99.8,99.8,99.8,508.37327751253,10,4
15895,26,156,1-26-2019-156-03,3,2,5TDKK3DC4BS0,17,49,442,2011,20,4,20,0,1,F,1,1990,5,0,2,0,998,2,40,1,0,0,995,0,0,0,95831,3,2,2,4,3,1,2,2,1,1,3,1,0,0,1,8,1,2,1,0,1,4,62,2,1,1,4,J,69,0,0,0,0,0,0,0,0,0,0,190,315,0,0,0,1,3,4,-4,-1,1957,998,-41,5,0,4,0,0,0,0,0,995,9.8,998,998,998,99.8,99.8,99.8,508.37327751253,10,4
15896,16,101,1-16-2019-101-03,3,1,1G1PE5SB2F71,17,20,25,2015,4,1,3,0,1,L,2,1399,5,0,1,1,16,2,64,1,0,0,995,0,0,0,45230,9,9,2,4,3,2,2,1,1,4,1,2,0,0,1,1,1,2,1,0,11,4,66,99,1,1,4,K,82,0,0,0,0,0,0,0,0,0,0,310,60,0,0,0,1,1,31,-15,27,7616,998,-23,11,0,1,0,0,0,8,0,995,9.8,998,998,998,99.8,99.8,99.8,219.507820548193,5,4
15896,16,101,1-16-2019-101-03,3,2,3C4PDCAB8JT4,17,7,27,2018,6,1,4,0,1,F,2,1735,5,0,1,1,29,2,64,1,0,0,995,0,0,0,45231,9,9,2,4,5,1,2,1,1,4,0,3,0,0,1,1,1,2,1,0,1,2,17,3,1,1,4,K,83,0,0,0,0,0,0,0,0,0,0,60,310,0,0,0,1,1,25,-25,-4,93774,998,-37,36,0,1,0,0,0,8,0,995,9.8,998,998,998,99.8,99.8,99.8,219.507820548193,5,4
15897,17,149,1-17-2019-149-04,4,1,1N4BL4EV3LC1,17,35,47,2020,4,1,4,0,1,F,1,1545,5,0,1,1,7,2,89,1,9,0,995,0,7,0,97756,1,2,0,4,2,1,2,1,1,2,1,2,0,0,1,1,0,0,1,0,1,6,87,1,1,1,1,C,13,0,0,0,0,0,0,0,0,0,0,998,998,0,0,0,1,10,999,999,999,9999999,999,-75,12,2,0,0,0,0,0,0,998,9.8,998,998,998,99.8,99.8,99.8,676.932110794869,4,4
15898,17,150,1-17-2019-150-04,4,1,19XFB2F50DE0,17,37,31,2013,4,1,3,0,1,R,1,1236,5,0,1,1,10,2,48,1,9,0,995,0,9,0,52803,1,2,2,1,2,1,1,1,1,1,0,3,0,0,1,1,1,2,1,0,1,2,17,7,1,1,5,L,87,0,0,0,0,0,0,0,0,0,0,340,230,0,0,0,1,1,14,-9,-11,8310,998,133,9,0,4,0,0,0,0,0,995,9.8,998,998,998,99.8,99.8,99.8,676.932110794869,4,4
15898,17,150,1-17-2019-150-04,4,2,KL8CB6SA2HC7,17,20,29,2017,5,1,1,0,1,F,1,1019,5,0,1,1,9,2,48,1,9,0,995,0,9,0,61265,2,2,2,3,3,2,2,1,3,1,3,1,0,0,1,1,1,2,1,0,14,4,66,1,1,1,5,L,86,0,0,0,0,0,0,0,0,0,0,230,340,0,0,0,1,1,17,-16,6,23398,998,60,21,0,4,1,1,0,0,0,995,9.8,998,998,998,99.8,99.8,99.8,676.932110794869,4,4
15899,17,151,1-17-2019-151-06,6,1,1FMCU0C79CKB,17,12,402,2012,14,3,14,0,1,F,1,1495,5,0,1,1,24,2,48,1,9,0,995,0,7,0,61279,1,2,2,4,4,2,2,1,1,1,1,2,0,0,1,1,2,2,3,0,1,2,17,2,1,1,5,L,86,0,0,0,0,0,0,0,0,0,0,100,180,0,0,0,1,3,22,-19,11,18291,998,101,14,0,4,1,1,0,6,0,995,9.8,998,998,998,99.8,99.8,99.8,198.405254803514,4,4
15899,17,151,1-17-2019-151-06,6,2,2FTZX1761WCA,17,12,481,1998,34,5,31,0,1,R,1,1857,5,9999,9,0,998,2,48,1,9,0,995,0,7,0,61265,9,9,2,4,2,1,1,1,1,1,0,4,0,0,1,1,2,2,9,0,1,4,66,99,1,1,5,L,87,0,0,0,0,0,0,0,0,0,0,180,100,0,0,0,1,3,19,-6,-17,54475,998,45,27,0,4,0,0,0,0,0,995,9.8,998,998,998,99.8,99.8,99.8,198.405254803514,4,4
15900,12,80,1-12-2019-080-03,3,1,3N1AB7AP6FL6,17,35,43,2015,4,1,3,0,1,F,1,1293,5,0,1,1,7,2,64,1,0,0,995,0,0,0,73401,9,9,2,1,3,2,1,1,1,1,1,1,0,0,1,1,1,2,3,0,1,2,17,1,1,1,4,J,69,0,0,0,0,0,0,0,0,0,0,85,220,0,0,0,1,3,19,-17,6,15688,998,19,17,0,4,99,99,0,99,0,995,9.8,998,998,998,99.8,99.8,99.8,405.467072433129,9,4
15900,12,80,1-12-2019-080-03,3,2,3C63RRGL6FG5,17,7,482,2015,34,5,31,0,1,F,1,3165,5,9999,9,0,998,5,64,1,0,0,995,0,0,0,73401,9,9,2,1,3,3,1,1,1,1,1,2,0,0,1,1,1,2,9,0,11,4,63,99,1,1,4,J,68,0,0,0,0,0,0,0,0,0,0,220,85,0,0,0,1,3,8,-7,-4,15390,998,-150,9,0,4,95,95,95,95,0,995,9.8,998,998,998,99.8,99.8,99.8,405.467072433129,9,4
15901,19,84,1-19-2019-084-01,1,1,4T1BG22K9XU5,17,49,40,1999,4,1,3,0,1,R,3,1360,5,0,1,1,7,2,89,1,9,0,995,0,9,0,35954,1,2,2,4,2,1,2,2,1,1,1,2,0,0,1,98,2,2,9,0,1,2,17,99,1,1,5,L,87,0,0,0,0,0,0,0,0,0,0,305,230,0,1,0,1,1,57,-10,-56,286539,998,18,70,0,1,1,1,0,1,0,995,9.8,998,998,998,99.8,99.8,99.8,188.311618038175,9,4
15901,19,84,1-19-2019-084-01,1,2,3GCPKSE79CG1,17,20,481,2012,34,5,31,0,1,F,2,2397,5,0,1,1,8,2,89,1,9,9,998,8,9,9,39641,1,2,2,1,3,2,2,2,1,1,3,1,0,3,1,98,0,0,1,0,1,4,66,4,1,2,5,L,86,0,0,0,0,0,0,0,0,0,0,230,305,0,1,0,1,1,33,-31,11,37836,998,85,18,0,2,1,1,0,0,0,995,9.8,998,998,998,99.8,99.8,99.8,188.311618038175,9,4