CASEID,PSU,CASENO,CASENUMBER,CATEGORY,VEHNO,VIN,VINLENGTH,MAKE,MODEL,MODELYR,BODYTYPE,BODYCAT,VEHCLASS,SPECUSE,TRANSTAT,DAMPLANE,DAMSEV,CURBWT,CURBSRC,CARGOWT,CARGOSRC,INSPTYPE,INSPLAG,TOWED,SPEEDLIMIT,DRPRESENT,PARALCOHOL,ALCTEST,ALCTESTRESULT,ALCTESTSRC,PARDRUG,DRUGTEST,ZIP,RACE,ETHNICITY,RELTOJUNCT,TRAFFLOW,RDLANES,INITLANE,SURFTYPE,SURFCOND,ALIGNMENT,PROFILE,LINERIGHT,LINELEFT,RUMBINIT,RUMBROAD,LIGHTCOND,WEATHER,TRAFDEV,TRAFFUNCT,DISTRACT,PREFHE,PREMOVE,CRITCAT,CRITEVENT,MANEUVER,PRESTAB,PRELOC,CRASHCAT,CRASHCONF,CRASHTYPE,ROLLTYPE,ROLLTURN,ROLLINTRPT,ROLLPREMAN,ROLLINITYP,ROLLINLOC,ROLLOBJ,ROLLTRIP,ROLLDIR,ROLLDIST,DVANGTHIS,DVANGOTH,TOWHITCH,TRAJDOC,TREEPOLE,DVEVENT,DVBASIS,DVTOTAL,DVLONG,DVLAT,DVENERGY,DVSPEED,DVMOMENT,DVBES,DVEST,DVCONF,VAIS,VISS,VINJURED,VTREAT,INITOBJCLASS,HEADANGLECAT,SHLDRWIDTH,STRKLENGTH,STRKWIDTH,STRKHEIGHT,EDGEDISTX,EDGEDISTY,EDGEDISTZ,CASEWGT,PSUSTRAT,VERSION
15967,76,69,1-76-2019-069-08,8,1,4N2XN11T9YD8,17,35,443,2000,20,4,20,0,1,L,2,1740,5,0,2,1,8,2,89,1,8,9,998,8,7,9,11361,3,9,0,4,2,1,2,3,3,1,0,0,0,0,2,4,0,0,1,1,14,1,6,98,3,4,1,A,2,0,0,0,0,0,0,0,0,0,0,998,998,0,0,1,1,1,27,0,27,58658,998,-40,27,0,1,9,97,0,8,0,998,0.0,26,26,120,8.7,3.8,9.5,136.853989606198,3,4
15971,23,42,1-23-2019-042-03,3,1,5YFEPRAE0LP0,17,49,32,2020,4,1,3,0,1,F,2,1340,8,9999,9,1,19,2,72,1,1,2,996,1,7,0,43065,9,9,0,4,2,1,2,1,2,1,1,2,0,0,2,1,0,0,9,1,14,1,6,4,3,4,1,B,7,0,0,0,0,0,0,0,0,0,0,998,998,0,0,1,6,1,28,-28,5,42704,998,-4,28,0,1,9,97,0,8,0,998,0.5,10,10,50,18.4,2.2,18.4,430.10557698714,5,4
15972,20,54,1-20-2019-054-03,3,1,1C3CCCBB6GN1,17,6,18,2016,4,1,3,0,1,T,1,1575,5,9999,9,1,22,2,105,1,0,0,995,0,0,0,93906,9,1,1,3,1,1,2,1,2,4,1,2,0,0,1,8,0,0,9,1,14,1,6,3,9,4,1,A,2,1,3,2,2,2,4,44,4,2,15,997,997,0,0,0,4,6,999,999,999,9999999,999,999,999,6,0,1,1,0,99,3,997,1.9,120,999,999,0.0,0.0,0.0,1211.95225552348,11,4
15973,30,113,1-30-2019-113-02,2,1,1FA6P8CF7F53,17,12,3,2015,2,1,3,0,1,L,1,1681,5,0,1,1,30,2,56,1,0,0,995,0,0,0,85013,3,2,2,1,2,1,2,2,1,1,0,3,0,0,1,1,1,2,1,1,1,1,6,7,2,4,1,A,2,0,0,0,0,0,0,0,0,0,0,998,998,0,0,2,3,10,999,999,999,9999999,999,-79,18,2,0,1,2,0,4,0,998,0.0,55,6,15,0.0,0.0,0.0,68.1226867884696,10,4
15974,73,91,1-73-2019-091-04,4,1,1C6RR7FT6HS6,17,7,482,2017,34,5,31,0,1,F,1,2305,5,249,3,1,9,2,89,1,0,0,995,0,0,0,04966,9,9,0,4,2,1,2,3,1,1,1,4,0,0,4,4,0,0,1,1,1,1,6,2,2,4,1,B,7,1,1,1,6,6,4,60,3,2,2,996,996,0,1,0,2,7,999,999,999,9999999,999,999,999,6,0,99,99,0,99,3,996,1.8,6,5,120,34.7,4.2,35.2,914.41761863286,3,4
15975,16,103,1-16-2019-103-02,2,1,15GGD2717D11,17,92,983,2013,52,7,58,3,1,B,9,,,,,,,5,64,1,0,0,995,0,0,0,45232,9,9,0,5,5,1,2,1,1,2,1,3,0,0,3,1,0,0,1,0,2,3,53,99,1,1,2,D,29,,,,,,,,,,,,,,,,,,,,,,,,,,,95,95,95,95,,,9.8,998,998,998,99.8,99.8,99.8,33.6715546891151,5,4
15975,16,103,1-16-2019-103-02,2,2,KNDJP3A59H74,17,63,37,2017,6,1,2,0,1,F,1,1231,5,0,1,1,7,2,64,1,0,0,995,0,0,0,45069,9,9,0,5,5,1,2,1,1,2,1,3,0,0,3,1,0,0,1,0,1,3,52,99,1,1,2,D,28,0,0,0,0,0,0,0,0,0,0,70,75,0,0,0,1,5,999,999,999,9999999,999,999,22,2,0,9,97,0,8,0,995,9.8,998,998,998,99.8,99.8,99.8,33.6715546891151,5,4
15976,26,158,1-26-2019-158-04,4,1,1D7HA18N15S1,17,7,482,2005,34,5,30,0,1,F,1,2225,5,0,1,1,34,2,105,1,0,0,995,0,0,0,95678,7,1,0,2,4,3,2,2,1,1,3,3,0,0,1,2,0,0,3,0,1,3,50,3,1,1,2,D,20,0,0,0,0,0,0,0,0,0,0,145,140,0,0,0,1,1,13,-13,0,33011,998,-18,19,0,1,0,0,0,0,0,995,9.8,998,998,998,99.8,99.8,99.8,3170.59251481056,10,4
15976,26,158,1-26-2019-158-04,4,2,4S3GTAL66H37,17,48,38,2017,5,1,3,0,1,B,1,1382,5,0,1,1,21,2,105,1,0,0,995,0,0,0,95819,1,9,0,2,4,3,2,2,1,1,3,3,0,0,1,2,0,0,1,0,5,3,53,1,1,1,2,D,21,0,0,0,0,0,0,0,0,0,0,140,145,0,0,0,1,1,20,20,3,7208,998,-42,11,0,1,99,99,0,99,0,995,9.8,998,998,998,99.8,99.8,99.8,3170.59251481056,10,4
15977,26,159,1-26-2019-159-02,2,1,1FADP3F20HL3,17,12,37,2017,4,1,3,0,1,R,1,1340,5,0,1,1,17,2,72,1,1,1,153,2,9,3,95608,1,9,2,1,4,4,2,1,1,1,1,0,0,0,3,1,0,0,9,0,11,2,15,99,1,1,4,J,68,0,0,0,0,0,0,0,0,0,0,340,260,0,1,0,1,1,20,-7,-18,24511,998,-80,18,0,1,0,0,0,4,0,995,9.8,998,998,998,99.8,99.8,99.8,47.4914209266588,10,4
15977,26,159,1-26-2019-159-02,2,2,1J4FA49S12P7,17,2,403,2002,14,3,14,0,1,F,1,1388,5,0,1,1,18,2,72,1,0,0,995,0,0,0,95843,1,9,2,1,4,3,2,1,1,1,3,0,0,0,3,1,0,0,1,0,1,4,62,4,1,1,4,J,69,0,0,0,0,0,0,0,0,0,0,260,340,0,1,0,1,1,18,-16,9,30061,998,68,19,0,1,99,99,0,99,0,995,9.8,998,998,998,99.8,99.8,99.8,47.4914209266588,10,4
15980,10,86,1-10-2019-086-09,9,1,1FTYR14U71TB,17,12,471,2001,34,5,30,0,1,F,2,1502,5,0,1,1,13,2,48,1,0,0,995,0,0,0,45417,9,9,2,4,2,1,2,2,1,1,0,1,0,0,1,2,1,2,1,0,1,2,17,7,1,1,5,L,88,0,0,0,0,0,0,0,0,0,0,80,0,0,0,0,1,3,25,-25,-4,17807,998,-1,17,0,4,9,97,0,8,0,995,9.8,998,998,998,99.8,99.8,99.8,29.6104133529503,4,4
15980,10,86,1-10-2019-086-09,9,2,1FTRW12W74KB,17,12,481,2004,34,5,31,0,1,L,1,2390,5,9999,9,0,998,2,48,1,0,0,995,0,0,0,45402,9,9,2,4,2,1,2,2,1,1,0,0,0,0,1,2,1,2,1,0,1,4,66,1,1,1,5,L,89,0,0,0,0,0,0,0,0,0,0,0,80,0,0,0,1,3,16,0,16,47573,998,-12,22,0,4,9,97,0,8,0,995,9.8,998,998,998,99.8,99.8,99.8,29.6104133529503,4,4
15982,18,73,1-18-2019-073-10,10,1,2G2WP552X613,17,22,20,2006,4,1,4,0,1,B,1,1577,5,0,1,1,35,2,72,1,0,0,995,0,0,0,54727,1,2,2,1,5,3,1,1,1,1,3,1,0,0,5,8,1,2,9,0,5,3,53,1,1,1,2,D,21,0,0,0,0,0,0,0,0,0,0,355,355,0,0,0,1,3,9,9,0,9358,998,15,12,0,4,9,97,0,0,0,995,9.8,998,998,998,99.8,99.8,99.8,3453.60807199852,6,4
15982,18,73,1-18-2019-073-10,10,2,3G1BE6SM1HS5,17,20,25,2017,5,1,3,0,1,F,1,1312,5,9999,9,0,998,5,72,1,0,0,995,0,0,0,54738,9,9,2,1,5,3,1,1,1,1,3,1,0,0,5,8,1,2,9,0,1,3,50,1,1,1,2,D,20,0,0,0,0,0,0,0,0,0,0,355,355,0,0,0,1,3,12,-12,0,2988,998,0,8,0,4,95,95,95,95,0,995,9.8,998,998,998,99.8,99.8,99.8,3453.60807199852,6,4
15984,17,152,1-17-2019-152-09,9,1,2G1WF55E3292,17,20,2,2002,4,1,4,0,1,L,2,1552,5,0,1,1,8,2,48,1,1,8,997,8,9,0,61244,2,2,0,4,2,1,2,3,1,1,0,4,0,0,3,4,0,0,3,1,1,1,6,99,2,4,1,B,7,0,0,0,0,0,0,0,0,0,0,998,998,0,1,1,5,1,30,-5,29,76418,998,95,30,0,4,9,97,0,4,0,998,0.0,999,999,999,0.0,0.0,0.0,516.249119034867,4,4
15985,17,153,1-17-2019-153-03,3,1,2FMZA5142YBB,17,12,442,2000,20,4,20,0,1,L,9,1693,5,9999,9,0,998,2,48,1,8,0,995,0,7,0,52803,9,9,2,4,2,1,1,1,1,1,0,0,0,0,1,1,2,2,9,0,11,2,15,99,1,1,4,K,82,0,0,0,0,0,0,0,0,0,0,340,90,0,0,0,1,0,999,999,999,9999999,999,999,999,9,0,0,0,0,0,0,995,9.8,998,998,998,99.8,99.8,99.8,140.696289768773,4,4
15985,17,153,1-17-2019-153-03,3,2,1G1ZE5SX7JF1,17,20,37,2018,4,1,4,0,1,F,1,1400,5,0,1,3,16,2,48,1,9,0,995,0,7,0,61265,1,2,2,4,4,1,2,1,1,1,0,3,0,0,1,1,0,0,1,0,1,4,67,2,1,1,4,K,83,0,0,0,0,0,0,0,0,0,0,90,340,0,0,0,1,12,999,999,999,9999999,999,999,999,6,0,0,0,0,4,0,995,9.8,998,998,998,99.8,99.8,99.8,140.696289768773,4,4
15987,52,89,1-52-2019-089-09,9,1,1FMPU16L62LA,17,12,422,2002,15,3,15,0,1,T,3,2219,5,68,1,1,9,2,72,1,0,0,995,0,0,0,59044,1,1,3,5,3,1,2,1,1,1,1,2,0,0,2,1,0,0,3,1,1,2,13,2,1,4,1,A,1,1,2,2,2,1,4,68,1,2,11,997,997,0,0,0,3,6,999,999,999,9999999,999,999,999,8,0,1,1,0,6,3,997,1.2,120,50,75,14.5,2.7,14.8,594.667746037613,12,4
15988,52,90,1-52-2019-090-08,8,1,1GCEK19VX5E2,17,20,481,2005,34,5,31,0,1,F,2,2151,5,0,1,1,19,2,105,1,1,1,129,2,1,2,59044,1,2,0,4,2,1,2,1,1,1,1,2,2,3,2,8,0,0,3,1,1,2,13,1,1,4,1,A,1,0,0,0,0,0,0,0,0,0,0,998,998,0,1,0,1,10,999,999,999,9999999,999,0,32,3,0,3,17,1,3,0,998,2.6,999,999,999,25.9,0.0,25.9,119.620795212492,12,4
15989,52,91,1-52-2019-091-09,9,1,WAUDH74FX6N0,17,32,42,2006,4,1,4,0,1,U,3,1820,5,102,2,1,25,2,40,1,0,0,995,0,0,0,59301,1,2,2,4,2,1,2,2,1,1,0,0,0,0,1,2,0,0,1,0,1,2,14,1,1,4,1,C,14,0,0,0,0,0,0,0,0,0,0,998,998,0,1,0,1,7,999,999,999,9999999,999,999,999,8,0,2,5,0,4,0,998,0.0,120,999,999,0.0,6.0,6.0,594.667746037613,12,4
15990,15,82,1-15-2019-082-05,5,1,999999999999,99,7,482,2014,39,5,39,0,1,F,9,9999,9,9999,9,0,998,2,40,1,1,1,258,2,7,2,11050,9,9,0,4,3,1,2,1,1,1,1,2,0,0,3,1,0,0,9,1,1,2,12,99,1,4,1,B,6,0,0,0,0,0,0,0,0,0,0,998,998,0,1,1,1,0,999,999,999,9999999,999,999,999,9,0,2,5,0,3,0,998,2.2,54,54,120,4.1,0.6,4.3,24.4371625420717,1,4
15992,21,133,1-21-2019-133-03,3,1,1FATP8UH6J51,17,12,3,2018,1,1,3,0,1,F,1,1681,5,0,1,1,33,2,113,1,0,0,995,0,0,0,89148,3,9,0,2,3,1,1,1,1,9,1,3,0,0,2,1,0,0,3,0,1,3,51,1,1,1,2,D,24,0,0,0,0,0,0,0,0,0,0,35,35,0,0,0,1,3,21,-21,0,26025,998,-20,19,0,4,0,0,0,6,0,995,9.8,998,998,998,99.8,99.8,99.8,685.041207145976,11,4
15992,21,133,1-21-2019-133-03,3,2,1C6RREBT7KN8,17,7,482,2019,34,5,31,0,1,B,1,2255,5,9999,9,0,998,5,113,1,0,0,995,0,0,0,89121,9,9,0,2,3,1,1,1,1,9,1,3,0,0,2,1,0,0,1,0,1,3,53,1,1,1,2,D,25,0,0,0,0,0,0,0,0,0,0,35,35,0,0,0,1,3,17,17,0,29058,998,0,18,0,4,95,95,95,95,0,995,9.8,998,998,998,99.8,99.8,99.8,685.041207145976,11,4
15993,21,134,1-21-2019-134-01,1,1,1FM5K8AR7HGB,17,12,401,2017,14,3,14,0,1,F,3,2146,5,9999,9,4,74,2,80,1,1,8,997,8,0,0,92407,1,9,0,1,3,3,2,1,2,1,3,0,0,0,3,1,0,0,9,1,14,2,12,1,1,4,1,B,6,0,0,0,0,0,0,0,0,0,0,998,998,0,1,1,3,98,999,999,999,9999999,999,999,999,8,0,3,10,1,1,0,998,0.0,110,15,15,0.0,0.0,0.0,48.5294665794685,11,4
15994,13,92,1-13-2019-092-04,4,1,2C3CDXCT9JH2,17,7,24,2018,4,1,5,0,1,F,1,1934,5,0,1,1,8,2,72,1,0,0,995,0,0,0,76116,1,2,2,3,4,1,1,1,1,1,1,1,0,0,3,1,2,2,1,1,10,2,12,2,2,4,1,B,7,0,0,0,0,0,0,0,0,0,0,998,998,0,1,7,1,10,999,999,999,9999999,999,999,999,6,0,0,0,0,0,0,998,0.0,10,10,999,2.3,2.0,3.0,16118.8520291156,7,4
15996,10,87,1-10-2019-087-07,7,1,1GKEK13R5VJ7,17,23,431,1997,16,3,16,0,1,F,9,2396,5,9999,9,0,998,5,56,1,0,0,995,0,0,0,45401,9,9,3,4,2,1,2,1,1,1,0,0,0,0,3,1,0,0,1,0,10,2,16,99,1,7,4,K,78,0,0,0,0,0,0,0,0,0,0,60,95,0,0,0,1,0,999,999,999,9999999,999,999,999,9,0,95,95,95,95,0,995,9.8,998,998,998,99.8,99.8,99.8,32.6788561513604,4,4
15996,10,87,1-10-2019-087-07,7,2,1FMHK8F89BGA,17,12,401,2011,14,3,14,0,1,R,9,2146,5,9999,9,0,998,2,56,1,0,0,995,0,0,0,45426,9,9,3,5,5,2,2,1,1,1,3,2,0,0,3,1,0,0,1,0,1,4,70,99,1,1,4,K,79,0,0,0,0,0,0,0,0,0,0,95,60,0,0,0,1,0,999,999,999,9999999,999,999,999,9,0,0,0,0,0,0,995,9.8,998,998,998,99.8,99.8,99.8,32.6788561513604,4,4
15997,32,156,1-32-2019-156-06,6,1,4A3AA46G22E1,17,52,34,2002,4,1,2,0,1,B,9,1388,5,9999,9,0,998,5,97,1,0,0,995,0,0,0,75067,9,9,0,2,6,2,1,1,1,2,3,3,0,0,3,1,0,0,9,0,2,3,53,1,1,1,2,D,29,0,0,0,0,0,0,0,0,0,0,180,180,0,0,0,1,0,999,999,999,9999999,999,999,999,9,0,95,95,95,95,0,995,9.8,998,998,998,99.8,99.8,99.8,3964.53973429577,7,4
15997,32,156,1-32-2019-156-06,6,2,KNAFU4A25D57,17,63,38,2013,4,1,3,0,1,F,9,1228,5,9999,9,0,998,2,97,1,0,1,245,2,0,0,75236,1,1,0,2,6,2,1,1,1,2,3,3,0,0,3,1,0,0,9,0,1,3,52,1,1,1,2,D,28,0,0,0,0,0,0,0,0,0,0,180,180,0,0,0,1,0,999,999,999,9999999,999,999,999,9,0,0,0,0,4,0,995,9.8,998,998,998,99.8,99.8,99.8,3964.53973429577,7,4
15997,32,156,1-32-2019-156-06,6,3,1G1ZB5E01CF2,17,20,37,2012,4,1,4,0,1,F,9,1551,5,9999,9,0,998,5,97,1,0,0,995,0,0,0,75211,9,9,0,2,6,2,1,1,1,2,3,3,0,0,3,1,0,0,9,0,1,3,56,1,1,1,6,M,98,0,0,0,0,0,0,0,0,0,0,180,180,0,0,0,2,0,999,999,999,9999999,999,999,999,9,0,95,95,95,95,0,995,9.8,998,998,998,99.8,99.8,99.8,3964.53973429577,7,4
15998,32,157,1-32-2019-157-03,3,1,1G11D5SL4FF3,17,20,37,2015,4,1,3,0,1,F,9,1625,5,9999,9,0,998,2,72,1,0,0,995,0,0,0,75019,1,9,2,1,4,1,1,1,1,1,0,3,0,0,1,1,1,2,9,0,1,3,50,99,1,1,2,D,20,0,0,0,0,0,0,0,0,0,0,0,0,0,0,0,1,0,999,999,999,9999999,999,999,999,9,0,99,99,0,0,0,995,9.8,998,998,998,99.8,99.8,99.8,3209.27333750431,7,4
15998,32,157,1-32-2019-157-03,3,2,JHMFC1F34JX0,17,37,31,2018,4,1,3,0,1,B,9,1324,5,9999,9,0,998,5,72,1,0,0,995,0,0,0,75061,9,9,2,1,4,1,1,1,1,1,0,3,0,0,1,1,1,2,9,0,5,3,53,99,1,1,2,D,21,0,0,0,0,0,0,0,0,0,0,0,0,0,0,0,1,0,999,999,999,9999999,999,999,999,9,0,95,95,95,95,0,995,9.8,998,998,998,99.8,99.8,99.8,3209.27333750431,7,4
16000,29,152,1-29-2019-152-08,8,1,2GTEK19JX812,17,23,481,2008,34,5,31,0,1,F,1,2389,5,0,1,1,16,2,56,1,8,9,998,8,7,9,02878,9,9,2,4,2,1,2,1,1,1,1,2,0,0,1,1,0,0,2,0,11,2,15,99,1,1,4,J,68,0,0,0,0,0,0,0,0,0,0,315,150,0,0,0,1,1,15,-15,3,44932,998,34,21,0,1,9,97,0,0,0,995,9.8,998,998,998,99.8,99.8,99.8,112.692460944083,2,4
16000,29,152,1-29-2019-152-08,8,2,2HGEJ6671YH5,17,37,31,2000,4,1,2,0,1,F,2,1067,5,0,1,1,16,2,56,1,8,9,998,8,7,9,02743,9,9,2,4,2,1,2,1,1,1,1,2,0,0,1,1,0,0,9,0,1,4,62,99,1,1,4,J,69,0,0,0,0,0,0,0,0,0,0,150,315,0,0,0,1,1,32,-30,11,31217,998,52,25,0,1,9,97,0,8,0,995,9.8,998,998,998,99.8,99.8,99.8,112.692460944083,2,4
16005,29,153,1-29-2019-153-10,10,1,2G2WP552X811,17,22,20,2008,4,1,4,0,1,F,1,1577,5,0,1,1,30,2,48,1,0,0,995,0,0,0,02745,1,2,0,4,2,1,2,1,1,1,0,0,0,0,3,8,0,0,1,0,1,3,50,99,1,1,2,D,20,0,0,0,0,0,0,0,0,0,0,130,125,0,0,0,1,8,999,999,999,9999999,999,999,999,6,0,0,0,0,0,0,995,9.8,998,998,998,99.8,99.8,99.8,1989.83692873626,2,4
16005,29,153,1-29-2019-153-10,10,2,1D4HB38N75F5,17,7,422,2005,15,3,15,0,1,B,1,2304,5,9999,9,4,27,5,48,0,7,7,887,6,8,8,99998,9,9,0,4,2,1,2,1,1,1,0,0,0,0,3,8,5,2,0,8,0,3,53,0,0,0,2,D,21,0,0,0,0,0,0,0,0,0,0,125,130,0,0,0,1,8,999,999,999,9999999,999,999,999,6,0,95,95,95,95,0,995,9.8,998,998,998,99.8,99.8,99.8,1989.83692873626,2,4
16011,14,71,1-14-2019-071-02,2,1,5XYZG3AB3CG0,17,55,401,2012,14,3,14,0,1,F,1,1672,5,0,1,1,26,2,64,1,0,0,995,0,0,0,78418,1,1,2,1,4,4,2,1,1,2,1,2,0,0,3,1,1,2,9,0,11,2,15,99,1,1,4,J,68,0,0,0,0,0,0,0,0,0,0,280,140,0,0,0,1,1,18,-17,-6,41428,998,-101,20,0,1,0,0,0,6,0,995,9.8,998,998,998,99.8,99.8,99.8,213.049832577769,8,4
16011,14,71,1-14-2019-071-02,2,2,JN8AZ2NF3H96,17,58,422,2017,15,3,15,0,1,L,1,2671,5,0,1,1,25,2,64,1,0,1,0,2,0,0,78266,2,2,2,4,6,3,2,1,1,4,3,1,0,0,3,1,1,2,9,0,1,4,62,2,1,1,4,J,69,0,0,0,0,0,0,0,0,0,0,140,280,0,0,0,1,1,12,-11,4,6937,998,-36,8,0,1,1,1,0,4,0,995,9.8,998,998,998,99.8,99.8,99.8,213.049832577769,8,4
16013,17,154,1-17-2019-154-07,7,1,1GCWGAFP2K11,17,20,461,2019,22,4,28,0,1,L,9,2400,5,9999,9,0,998,5,72,1,9,0,995,0,7,0,52803,9,9,0,1,2,1,1,1,3,1,0,3,0,1,1,1,0,0,9,1,15,2,10,99,1,2,2,F,47,0,0,0,0,0,0,0,0,0,0,260,280,0,0,0,1,0,999,999,999,9999999,999,999,999,9,0,95,95,95,95,0,995,9.8,998,998,998,99.8,99.8,99.8,183.948032239058,4,4
16013,17,154,1-17-2019-154-07,7,2,1C6RR7HTXES4,17,7,482,2014,34,5,31,0,1,R,1,2407,5,0,1,1,18,2,72,1,9,0,995,0,7,0,52803,9,9,0,1,2,2,1,1,3,1,3,2,1,1,1,1,0,0,9,0,14,4,61,99,1,1,2,F,45,0,0,0,0,0,0,0,0,0,0,280,260,0,0,0,1,8,999,999,999,9999999,999,999,999,6,0,99,99,0,0,0,995,9.8,998,998,998,99.8,99.8,99.8,183.948032239058,4,4
16014,17,155,1-17-2019-155-08,8,1,1GNDT13S0521,17,20,403,2005,14,3,14,0,1,B,2,2084,5,0,1,1,34,2,89,1,1,1,227,2,9,2,61443,1,2,0,4,2,1,2,5,1,1,1,4,0,0,2,4,0,0,1,1,1,1,5,1,3,4,1,A,2,1,4,1,2,1,3,61,1,2,10,998,998,0,0,0,4,12,999,999,999,9999999,999,999,999,7,0,3,13,2,3,3,998,9.9,999,999,999,7.5,7.9,10.9,80.1411110171428,4,4
16018,77,149,1-77-2019-149-09,9,1,5TDBKRFH4FS2,17,49,403,2015,14,3,14,0,1,L,9,1995,5,9999,9,0,998,5,56,1,0,0,995,0,0,0,22903,9,9,1,1,2,2,2,2,1,1,3,2,0,0,3,2,1,2,3,0,1,4,65,99,1,1,4,K,77,0,0,0,0,0,0,0,0,0,0,305,345,0,0,0,1,0,999,999,999,9999999,999,999,999,9,0,95,95,95,95,0,995,9.8,998,998,998,99.8,99.8,99.8,532.617378338921,9,4
16018,77,149,1-77-2019-149-09,9,2,4T1BE30K93U2,17,49,40,2003,4,1,3,0,1,F,9,1435,5,9999,9,0,998,5,40,1,0,0,995,0,0,0,22969,9,9,1,1,2,2,2,2,3,1,1,2,0,0,3,2,1,2,1,0,11,2,15,99,1,1,4,K,76,0,0,0,0,0,0,0,0,0,0,345,305,0,0,0,1,0,999,999,999,9999999,999,999,999,9,0,95,95,95,95,0,995,0.3,5,5,999,4.2,0.2,4.1,532.617378338921,9,4
16018,77,149,1-77-2019-149-09,9,3,1G8AW14F54Z1,17,24,7,2004,4,1,2,0,1,L,1,1248,5,0,1,1,18,2,40,1,0,0,995,0,0,0,22901,1,2,1,1,2,2,2,2,3,1,1,2,0,0,3,2,1,2,1,0,5,4,68,1,1,1,6,M,98,0,0,0,0,0,0,0,0,0,0,55,160,0,0,0,3,3,7,-2,7,4675,998,110,7,0,4,0,0,0,3,0,995,9.8,998,998,998,99.8,99.8,99.8,532.617378338921,9,4
16021,11,116,1-11-2019-116-02,2,1,KMHDH4AE6FU3,17,55,35,2015,4,1,3,0,1,F,3,1305,5,0,1,1,22,2,72,1,0,0,995,0,0,0,23116,1,2,0,4,2,1,2,1,3,1,1,2,0,0,2,1,0,0,1,1,14,2,13,99,1,4,1,A,1,0,0,0,0,0,0,0,0,0,0,998,998,0,0,1,1,1,52,-52,0,156005,998,40,52,0,4,2,5,0,4,0,998,0.0,75,80,61,19.5,5.8,20.8,122.01771580253,8,4
16023,24,148,1-24-2019-148-02,2,1,1GC2KVEG1FZ5,17,20,481,2015,34,5,31,0,1,F,2,2918,5,0,1,1,25,2,80,1,0,0,995,0,0,0,08310,1,2,2,4,2,1,2,1,1,1,1,2,1,0,3,1,0,0,1,0,1,3,51,1,1,1,2,D,24,0,0,0,0,0,0,0,0,0,0,110,110,0,0,0,1,3,33,-33,0,226779,998,36,43,0,4,0,0,0,4,0,995,9.8,998,998,998,99.8,99.8,99.8,65.7732838881697,1,4
16023,24,148,1-24-2019-148-02,2,2,JH4DC54855S0,17,54,38,2005,3,1,2,0,1,B,3,1227,5,0,1,1,26,2,80,1,0,0,995,0,0,0,08234,1,1,0,4,2,1,2,1,1,1,1,2,1,0,3,1,0,0,1,0,1,3,53,1,1,1,2,D,25,0,0,0,0,0,0,0,0,0,0,110,110,0,0,0,1,3,75,75,0,187315,998,0,61,0,4,2,5,0,4,0,995,2.6,10,10,87,9.7,6.3,11.7,65.7732838881697,1,4
16023,24,148,1-24-2019-148-02,2,3,2G11Z5SL0F91,17,20,2,2015,4,1,4,0,1,B,1,1661,5,0,1,1,25,2,80,1,0,0,995,0,0,0,08406,1,2,0,4,2,1,2,1,1,1,1,2,1,1,3,1,0,0,1,0,1,3,53,2,1,1,6,M,98,0,0,0,0,0,0,0,0,0,0,120,120,0,0,0,2,3,16,16,0,16825,998,-50,15,0,4,0,0,0,0,0,995,9.8,998,998,998,99.8,99.8,99.8,65.7732838881697,1,4
16029,48,76,1-48-2019-076-10,10,1,1GCHK23154F1,17,20,481,2004,34,5,31,0,1,F,1,2668,5,0,1,1,50,2,56,1,0,0,995,0,0,0,84302,1,2,0,4,2,1,2,3,1,1,0,0,0,0,2,9,0,0,1,1,1,6,87,4,1,4,1,A,3,0,0,0,0,0,0,0,0,0,0,998,998,0,0,0,1,10,999,999,999,9999999,999,999,999,6,0,0,0,0,0,0,998,9.9,20,20,999,99.9,99.9,99.9,111.011620209022,12,4
16031,73,92,1-73-2019-092-06,6,1,3FA6P0K94DR1,17,12,23,2013,4,1,4,0,1,T,2,1775,5,0,1,4,36,2,89,1,1,1,162,2,1,1,04965,9,9,0,4,2,1,2,1,1,1,1,2,0,0,2,1,0,0,9,1,1,2,12,99,2,4,1,B,6,1,8,1,6,1,4,61,1,1,26,997,997,0,0,0,2,6,999,999,999,9999999,999,999,999,7,0,3,14,1,3,3,997,0.2,30,27,30,9.2,2.8,9.8,77.9584660734061,3,4
16033,52,92,1-52-2019-092-06,6,1,1G4HC5EM5BU1,17,18,23,2011,4,1,5,0,1,F,3,1707,5,0,1,1,15,2,56,1,9,0,995,0,9,0,99999,9,9,0,4,2,1,2,1,1,1,2,0,0,0,2,8,0,0,9,1,1,2,12,2,1,4,1,B,6,0,0,0,0,0,0,0,0,0,0,998,998,0,1,0,4,11,999,999,999,9999999,999,999,999,8,0,99,99,0,99,0,998,0.0,10,10,65,36.2,3.7,36.8,106.551116035717,12,4